id,anio,sector_id,actividad,subactividad,categoria,id_ipcc,gas_id,valor_tco2e,tipo_de_registro
1,1990,2,Actividades de quema de combustible,Industrias de la energía,Producción pública de electricidad y calor,1A1a,2,"15,33",Emisión
2,1991,2,Actividades de quema de combustible,Industrias de la energía,Producción pública de electricidad y calor,1A1a,2,"18,78",Emisión
3,1992,2,Actividades de quema de combustible,Industrias de la energía,Producción pública de electricidad y calor,1A1a,2,"17,54",Emisión
4,1993,2,Actividades de quema de combustible,Industrias de la energía,Producción pública de electricidad y calor,1A1a,2,"17,11",Emisión
5,1994,2,Actividades de quema de combustible,Industrias de la energía,Producción pública de electricidad y calor,1A1a,2,"16,03",Emisión
6,1995,2,Actividades de quema de combustible,Industrias de la energía,Producción pública de electricidad y calor,1A1a,2,"17,51",Emisión
7,1996,2,Actividades de quema de combustible,Industrias de la energía,Producción pública de electricidad y calor,1A1a,2,"20,38",Emisión
8,1997,2,Actividades de quema de combustible,Industrias de la energía,Producción pública de electricidad y calor,1A1a,2,"19,03",Emisión
9,1998,2,Actividades de quema de combustible,Industrias de la energía,Producción pública de electricidad y calor,1A1a,2,"20,63",Emisión
10,1999,2,Actividades de quema de combustible,Industrias de la energía,Producción pública de electricidad y calor,1A1a,2,"25,02",Emisión
11,2000,2,Actividades de quema de combustible,Industrias de la energía,Producción pública de electricidad y calor,1A1a,2,"24,42",Emisión
12,2001,2,Actividades de quema de combustible,Industrias de la energía,Producción pública de electricidad y calor,1A1a,2,"18,62",Emisión
13,2002,2,Actividades de quema de combustible,Industrias de la energía,Producción pública de electricidad y calor,1A1a,2,"15,68",Emisión
14,2003,2,Actividades de quema de combustible,Industrias de la energía,Producción pública de electricidad y calor,1A1a,2,"18,16",Emisión
15,2004,2,Actividades de quema de combustible,Industrias de la energía,Producción pública de electricidad y calor,1A1a,2,"24,37",Emisión
16,2005,2,Actividades de quema de combustible,Industrias de la energía,Producción pública de electricidad y calor,1A1a,2,"25,85",Emisión
17,2006,2,Actividades de quema de combustible,Industrias de la energía,Producción pública de electricidad y calor,1A1a,2,"28,81",Emisión
18,2007,2,Actividades de quema de combustible,Industrias de la energía,Producción pública de electricidad y calor,1A1a,2,"33,21",Emisión
19,2008,2,Actividades de quema de combustible,Industrias de la energía,Producción pública de electricidad y calor,1A1a,2,"35,51",Emisión
20,2009,2,Actividades de quema de combustible,Industrias de la energía,Producción pública de electricidad y calor,1A1a,2,"33,91",Emisión
21,2010,2,Actividades de quema de combustible,Industrias de la energía,Producción pública de electricidad y calor,1A1a,2,"35,87",Emisión
22,2011,2,Actividades de quema de combustible,Industrias de la energía,Producción pública de electricidad y calor,1A1a,2,"41,96",Emisión
23,2012,2,Actividades de quema de combustible,Industrias de la energía,Producción pública de electricidad y calor,1A1a,2,"43,21",Emisión
24,2013,2,Actividades de quema de combustible,Industrias de la energía,Producción pública de electricidad y calor,1A1a,2,"42,83",Emisión
25,2014,2,Actividades de quema de combustible,Industrias de la energía,Producción pública de electricidad y calor,1A1a,2,"43,44",Emisión
26,2015,2,Actividades de quema de combustible,Industrias de la energía,Producción pública de electricidad y calor,1A1a,2,"45,76",Emisión
27,2016,2,Actividades de quema de combustible,Industrias de la energía,Producción pública de electricidad y calor,1A1a,2,"46,53",Emisión
28,2017,2,Actividades de quema de combustible,Industrias de la energía,Producción pública de electricidad y calor,1A1a,2,"42,49",Emisión
29,2018,2,Actividades de quema de combustible,Industrias de la energía,Producción pública de electricidad y calor,1A1a,2,"40,67",Emisión
30,2019,2,Actividades de quema de combustible,Industrias de la energía,Producción pública de electricidad y calor,1A1a,2,"35,68",Emisión
31,2020,2,Actividades de quema de combustible,Industrias de la energía,Producción pública de electricidad y calor,1A1a,2,"36,85",Emisión
32,2021,2,Actividades de quema de combustible,Industrias de la energía,Producción pública de electricidad y calor,1A1a,2,"41,39",Emisión
33,2022,2,Actividades de quema de combustible,Industrias de la energía,Producción pública de electricidad y calor,1A1a,2,"39,23",Emisión
34,1990,2,Actividades de quema de combustible,Industrias de la energía,Producción pública de electricidad y calor,1A1a,1,"0,01",Emisión
35,1991,2,Actividades de quema de combustible,Industrias de la energía,Producción pública de electricidad y calor,1A1a,1,"0,01",Emisión
36,1992,2,Actividades de quema de combustible,Industrias de la energía,Producción pública de electricidad y calor,1A1a,1,"0,01",Emisión
37,1993,2,Actividades de quema de combustible,Industrias de la energía,Producción pública de electricidad y calor,1A1a,1,"0,01",Emisión
38,1994,2,Actividades de quema de combustible,Industrias de la energía,Producción pública de electricidad y calor,1A1a,1,"0,01",Emisión
39,1995,2,Actividades de quema de combustible,Industrias de la energía,Producción pública de electricidad y calor,1A1a,1,"0,01",Emisión
40,1996,2,Actividades de quema de combustible,Industrias de la energía,Producción pública de electricidad y calor,1A1a,1,"0,01",Emisión
41,1997,2,Actividades de quema de combustible,Industrias de la energía,Producción pública de electricidad y calor,1A1a,1,"0,01",Emisión
42,1998,2,Actividades de quema de combustible,Industrias de la energía,Producción pública de electricidad y calor,1A1a,1,"0,01",Emisión
43,1999,2,Actividades de quema de combustible,Industrias de la energía,Producción pública de electricidad y calor,1A1a,1,"0,01",Emisión
44,2000,2,Actividades de quema de combustible,Industrias de la energía,Producción pública de electricidad y calor,1A1a,1,"0,01",Emisión
45,2001,2,Actividades de quema de combustible,Industrias de la energía,Producción pública de electricidad y calor,1A1a,1,"0,01",Emisión
46,2002,2,Actividades de quema de combustible,Industrias de la energía,Producción pública de electricidad y calor,1A1a,1,"0,01",Emisión
47,2003,2,Actividades de quema de combustible,Industrias de la energía,Producción pública de electricidad y calor,1A1a,1,"0,01",Emisión
48,2004,2,Actividades de quema de combustible,Industrias de la energía,Producción pública de electricidad y calor,1A1a,1,"0,01",Emisión
49,2005,2,Actividades de quema de combustible,Industrias de la energía,Producción pública de electricidad y calor,1A1a,1,"0,01",Emisión
50,2006,2,Actividades de quema de combustible,Industrias de la energía,Producción pública de electricidad y calor,1A1a,1,"0,02",Emisión
51,2007,2,Actividades de quema de combustible,Industrias de la energía,Producción pública de electricidad y calor,1A1a,1,"0,02",Emisión
52,2008,2,Actividades de quema de combustible,Industrias de la energía,Producción pública de electricidad y calor,1A1a,1,"0,03",Emisión
53,2009,2,Actividades de quema de combustible,Industrias de la energía,Producción pública de electricidad y calor,1A1a,1,"0,03",Emisión
54,2010,2,Actividades de quema de combustible,Industrias de la energía,Producción pública de electricidad y calor,1A1a,1,"0,04",Emisión
55,2011,2,Actividades de quema de combustible,Industrias de la energía,Producción pública de electricidad y calor,1A1a,1,"0,06",Emisión
56,2012,2,Actividades de quema de combustible,Industrias de la energía,Producción pública de electricidad y calor,1A1a,1,"0,06",Emisión
57,2013,2,Actividades de quema de combustible,Industrias de la energía,Producción pública de electricidad y calor,1A1a,1,"0,06",Emisión
58,2014,2,Actividades de quema de combustible,Industrias de la energía,Producción pública de electricidad y calor,1A1a,1,"0,07",Emisión
59,2015,2,Actividades de quema de combustible,Industrias de la energía,Producción pública de electricidad y calor,1A1a,1,"0,07",Emisión
60,2016,2,Actividades de quema de combustible,Industrias de la energía,Producción pública de electricidad y calor,1A1a,1,"0,08",Emisión
61,2017,2,Actividades de quema de combustible,Industrias de la energía,Producción pública de electricidad y calor,1A1a,1,"0,1",Emisión
62,2018,2,Actividades de quema de combustible,Industrias de la energía,Producción pública de electricidad y calor,1A1a,1,"0,11",Emisión
63,2019,2,Actividades de quema de combustible,Industrias de la energía,Producción pública de electricidad y calor,1A1a,1,"0,1",Emisión
64,2020,2,Actividades de quema de combustible,Industrias de la energía,Producción pública de electricidad y calor,1A1a,1,"0,07",Emisión
65,2021,2,Actividades de quema de combustible,Industrias de la energía,Producción pública de electricidad y calor,1A1a,1,"0,07",Emisión
66,2022,2,Actividades de quema de combustible,Industrias de la energía,Producción pública de electricidad y calor,1A1a,1,"0,06",Emisión
67,1990,2,Actividades de quema de combustible,Industrias de la energía,Producción pública de electricidad y calor,1A1a,4,"0,02",Emisión
68,1991,2,Actividades de quema de combustible,Industrias de la energía,Producción pública de electricidad y calor,1A1a,4,"0,02",Emisión
69,1992,2,Actividades de quema de combustible,Industrias de la energía,Producción pública de electricidad y calor,1A1a,4,"0,02",Emisión
70,1993,2,Actividades de quema de combustible,Industrias de la energía,Producción pública de electricidad y calor,1A1a,4,"0,02",Emisión
71,1994,2,Actividades de quema de combustible,Industrias de la energía,Producción pública de electricidad y calor,1A1a,4,"0,02",Emisión
72,1995,2,Actividades de quema de combustible,Industrias de la energía,Producción pública de electricidad y calor,1A1a,4,"0,02",Emisión
73,1996,2,Actividades de quema de combustible,Industrias de la energía,Producción pública de electricidad y calor,1A1a,4,"0,02",Emisión
74,1997,2,Actividades de quema de combustible,Industrias de la energía,Producción pública de electricidad y calor,1A1a,4,"0,01",Emisión
75,1998,2,Actividades de quema de combustible,Industrias de la energía,Producción pública de electricidad y calor,1A1a,4,"0,02",Emisión
76,1999,2,Actividades de quema de combustible,Industrias de la energía,Producción pública de electricidad y calor,1A1a,4,"0,02",Emisión
77,2000,2,Actividades de quema de combustible,Industrias de la energía,Producción pública de electricidad y calor,1A1a,4,"0,02",Emisión
78,2001,2,Actividades de quema de combustible,Industrias de la energía,Producción pública de electricidad y calor,1A1a,4,"0,01",Emisión
79,2002,2,Actividades de quema de combustible,Industrias de la energía,Producción pública de electricidad y calor,1A1a,4,"0,01",Emisión
80,2003,2,Actividades de quema de combustible,Industrias de la energía,Producción pública de electricidad y calor,1A1a,4,"0,01",Emisión
81,2004,2,Actividades de quema de combustible,Industrias de la energía,Producción pública de electricidad y calor,1A1a,4,"0,02",Emisión
82,2005,2,Actividades de quema de combustible,Industrias de la energía,Producción pública de electricidad y calor,1A1a,4,"0,02",Emisión
83,2006,2,Actividades de quema de combustible,Industrias de la energía,Producción pública de electricidad y calor,1A1a,4,"0,03",Emisión
84,2007,2,Actividades de quema de combustible,Industrias de la energía,Producción pública de electricidad y calor,1A1a,4,"0,03",Emisión
85,2008,2,Actividades de quema de combustible,Industrias de la energía,Producción pública de electricidad y calor,1A1a,4,"0,28",Emisión
86,2009,2,Actividades de quema de combustible,Industrias de la energía,Producción pública de electricidad y calor,1A1a,4,"0,27",Emisión
87,2010,2,Actividades de quema de combustible,Industrias de la energía,Producción pública de electricidad y calor,1A1a,4,"0,27",Emisión
88,2011,2,Actividades de quema de combustible,Industrias de la energía,Producción pública de electricidad y calor,1A1a,4,"0,31",Emisión
89,2012,2,Actividades de quema de combustible,Industrias de la energía,Producción pública de electricidad y calor,1A1a,4,"0,33",Emisión
90,2013,2,Actividades de quema de combustible,Industrias de la energía,Producción pública de electricidad y calor,1A1a,4,"0,31",Emisión
91,2014,2,Actividades de quema de combustible,Industrias de la energía,Producción pública de electricidad y calor,1A1a,4,"0,33",Emisión
92,2015,2,Actividades de quema de combustible,Industrias de la energía,Producción pública de electricidad y calor,1A1a,4,"0,33",Emisión
93,2016,2,Actividades de quema de combustible,Industrias de la energía,Producción pública de electricidad y calor,1A1a,4,"0,34",Emisión
94,2017,2,Actividades de quema de combustible,Industrias de la energía,Producción pública de electricidad y calor,1A1a,4,"0,38",Emisión
95,2018,2,Actividades de quema de combustible,Industrias de la energía,Producción pública de electricidad y calor,1A1a,4,"0,4",Emisión
96,2019,2,Actividades de quema de combustible,Industrias de la energía,Producción pública de electricidad y calor,1A1a,4,"0,39",Emisión
97,2020,2,Actividades de quema de combustible,Industrias de la energía,Producción pública de electricidad y calor,1A1a,4,"0,4",Emisión
98,2021,2,Actividades de quema de combustible,Industrias de la energía,Producción pública de electricidad y calor,1A1a,4,"0,42",Emisión
99,2022,2,Actividades de quema de combustible,Industrias de la energía,Producción pública de electricidad y calor,1A1a,4,"0,36",Emisión
100,1990,2,Actividades de quema de combustible,Industrias de la energía,Refinación del petróleo,1A1b,2,"4,06",Emisión
101,1991,2,Actividades de quema de combustible,Industrias de la energía,Refinación del petróleo,1A1b,2,"4,25",Emisión
102,1992,2,Actividades de quema de combustible,Industrias de la energía,Refinación del petróleo,1A1b,2,"5,0",Emisión
103,1993,2,Actividades de quema de combustible,Industrias de la energía,Refinación del petróleo,1A1b,2,"5,04",Emisión
104,1994,2,Actividades de quema de combustible,Industrias de la energía,Refinación del petróleo,1A1b,2,"3,63",Emisión
105,1995,2,Actividades de quema de combustible,Industrias de la energía,Refinación del petróleo,1A1b,2,"4,36",Emisión
106,1996,2,Actividades de quema de combustible,Industrias de la energía,Refinación del petróleo,1A1b,2,"4,19",Emisión
107,1997,2,Actividades de quema de combustible,Industrias de la energía,Refinación del petróleo,1A1b,2,"4,95",Emisión
108,1998,2,Actividades de quema de combustible,Industrias de la energía,Refinación del petróleo,1A1b,2,"4,22",Emisión
109,1999,2,Actividades de quema de combustible,Industrias de la energía,Refinación del petróleo,1A1b,2,"3,9",Emisión
110,2000,2,Actividades de quema de combustible,Industrias de la energía,Refinación del petróleo,1A1b,2,"3,76",Emisión
111,2001,2,Actividades de quema de combustible,Industrias de la energía,Refinación del petróleo,1A1b,2,"3,57",Emisión
112,2002,2,Actividades de quema de combustible,Industrias de la energía,Refinación del petróleo,1A1b,2,"3,78",Emisión
113,2003,2,Actividades de quema de combustible,Industrias de la energía,Refinación del petróleo,1A1b,2,"4,3",Emisión
114,2004,2,Actividades de quema de combustible,Industrias de la energía,Refinación del petróleo,1A1b,2,"3,99",Emisión
115,2005,2,Actividades de quema de combustible,Industrias de la energía,Refinación del petróleo,1A1b,2,"3,59",Emisión
116,2006,2,Actividades de quema de combustible,Industrias de la energía,Refinación del petróleo,1A1b,2,"3,96",Emisión
117,2007,2,Actividades de quema de combustible,Industrias de la energía,Refinación del petróleo,1A1b,2,"4,37",Emisión
118,2008,2,Actividades de quema de combustible,Industrias de la energía,Refinación del petróleo,1A1b,2,"4,77",Emisión
119,2009,2,Actividades de quema de combustible,Industrias de la energía,Refinación del petróleo,1A1b,2,"5,23",Emisión
120,2010,2,Actividades de quema de combustible,Industrias de la energía,Refinación del petróleo,1A1b,2,"5,35",Emisión
121,2011,2,Actividades de quema de combustible,Industrias de la energía,Refinación del petróleo,1A1b,2,"4,96",Emisión
122,2012,2,Actividades de quema de combustible,Industrias de la energía,Refinación del petróleo,1A1b,2,"5,02",Emisión
123,2013,2,Actividades de quema de combustible,Industrias de la energía,Refinación del petróleo,1A1b,2,"5,06",Emisión
124,2014,2,Actividades de quema de combustible,Industrias de la energía,Refinación del petróleo,1A1b,2,"4,93",Emisión
125,2015,2,Actividades de quema de combustible,Industrias de la energía,Refinación del petróleo,1A1b,2,"5,09",Emisión
126,2016,2,Actividades de quema de combustible,Industrias de la energía,Refinación del petróleo,1A1b,2,"5,05",Emisión
127,2017,2,Actividades de quema de combustible,Industrias de la energía,Refinación del petróleo,1A1b,2,"5,66",Emisión
128,2018,2,Actividades de quema de combustible,Industrias de la energía,Refinación del petróleo,1A1b,2,"6,79",Emisión
129,2019,2,Actividades de quema de combustible,Industrias de la energía,Refinación del petróleo,1A1b,2,"6,33",Emisión
130,2020,2,Actividades de quema de combustible,Industrias de la energía,Refinación del petróleo,1A1b,2,"7,09",Emisión
131,2021,2,Actividades de quema de combustible,Industrias de la energía,Refinación del petróleo,1A1b,2,"4,91",Emisión
132,2022,2,Actividades de quema de combustible,Industrias de la energía,Refinación del petróleo,1A1b,2,"5,47",Emisión
133,1990,2,Actividades de quema de combustible,Industrias de la energía,Refinación del petróleo,1A1b,1,"0,0",Sin emisión/remoción
134,1991,2,Actividades de quema de combustible,Industrias de la energía,Refinación del petróleo,1A1b,1,"0,0",Sin emisión/remoción
135,1992,2,Actividades de quema de combustible,Industrias de la energía,Refinación del petróleo,1A1b,1,"0,0",Sin emisión/remoción
136,1993,2,Actividades de quema de combustible,Industrias de la energía,Refinación del petróleo,1A1b,1,"0,0",Sin emisión/remoción
137,1994,2,Actividades de quema de combustible,Industrias de la energía,Refinación del petróleo,1A1b,1,"0,0",Sin emisión/remoción
138,1995,2,Actividades de quema de combustible,Industrias de la energía,Refinación del petróleo,1A1b,1,"0,0",Sin emisión/remoción
139,1996,2,Actividades de quema de combustible,Industrias de la energía,Refinación del petróleo,1A1b,1,"0,0",Sin emisión/remoción
140,1997,2,Actividades de quema de combustible,Industrias de la energía,Refinación del petróleo,1A1b,1,"0,0",Sin emisión/remoción
141,1998,2,Actividades de quema de combustible,Industrias de la energía,Refinación del petróleo,1A1b,1,"0,0",Sin emisión/remoción
142,1999,2,Actividades de quema de combustible,Industrias de la energía,Refinación del petróleo,1A1b,1,"0,0",Sin emisión/remoción
143,2000,2,Actividades de quema de combustible,Industrias de la energía,Refinación del petróleo,1A1b,1,"0,0",Sin emisión/remoción
144,2001,2,Actividades de quema de combustible,Industrias de la energía,Refinación del petróleo,1A1b,1,"0,0",Sin emisión/remoción
145,2002,2,Actividades de quema de combustible,Industrias de la energía,Refinación del petróleo,1A1b,1,"0,0",Sin emisión/remoción
146,2003,2,Actividades de quema de combustible,Industrias de la energía,Refinación del petróleo,1A1b,1,"0,0",Sin emisión/remoción
147,2004,2,Actividades de quema de combustible,Industrias de la energía,Refinación del petróleo,1A1b,1,"0,0",Sin emisión/remoción
148,2005,2,Actividades de quema de combustible,Industrias de la energía,Refinación del petróleo,1A1b,1,"0,0",Sin emisión/remoción
149,2006,2,Actividades de quema de combustible,Industrias de la energía,Refinación del petróleo,1A1b,1,"0,0",Sin emisión/remoción
150,2007,2,Actividades de quema de combustible,Industrias de la energía,Refinación del petróleo,1A1b,1,"0,0",Sin emisión/remoción
151,2008,2,Actividades de quema de combustible,Industrias de la energía,Refinación del petróleo,1A1b,1,"0,0",Sin emisión/remoción
152,2009,2,Actividades de quema de combustible,Industrias de la energía,Refinación del petróleo,1A1b,1,"0,0",Sin emisión/remoción
153,2010,2,Actividades de quema de combustible,Industrias de la energía,Refinación del petróleo,1A1b,1,"0,0",Sin emisión/remoción
154,2011,2,Actividades de quema de combustible,Industrias de la energía,Refinación del petróleo,1A1b,1,"0,0",Sin emisión/remoción
155,2012,2,Actividades de quema de combustible,Industrias de la energía,Refinación del petróleo,1A1b,1,"0,0",Sin emisión/remoción
156,2013,2,Actividades de quema de combustible,Industrias de la energía,Refinación del petróleo,1A1b,1,"0,0",Sin emisión/remoción
157,2014,2,Actividades de quema de combustible,Industrias de la energía,Refinación del petróleo,1A1b,1,"0,0",Sin emisión/remoción
158,2015,2,Actividades de quema de combustible,Industrias de la energía,Refinación del petróleo,1A1b,1,"0,0",Sin emisión/remoción
159,2016,2,Actividades de quema de combustible,Industrias de la energía,Refinación del petróleo,1A1b,1,"0,0",Sin emisión/remoción
160,2017,2,Actividades de quema de combustible,Industrias de la energía,Refinación del petróleo,1A1b,1,"0,0",Sin emisión/remoción
161,2018,2,Actividades de quema de combustible,Industrias de la energía,Refinación del petróleo,1A1b,1,"0,0",Sin emisión/remoción
162,2019,2,Actividades de quema de combustible,Industrias de la energía,Refinación del petróleo,1A1b,1,"0,0",Sin emisión/remoción
163,2020,2,Actividades de quema de combustible,Industrias de la energía,Refinación del petróleo,1A1b,1,"0,0",Sin emisión/remoción
164,2021,2,Actividades de quema de combustible,Industrias de la energía,Refinación del petróleo,1A1b,1,"0,0",Sin emisión/remoción
165,2022,2,Actividades de quema de combustible,Industrias de la energía,Refinación del petróleo,1A1b,1,"0,0",Sin emisión/remoción
166,1990,2,Actividades de quema de combustible,Industrias de la energía,Refinación del petróleo,1A1b,4,"0,01",Emisión
167,1991,2,Actividades de quema de combustible,Industrias de la energía,Refinación del petróleo,1A1b,4,"0,01",Emisión
168,1992,2,Actividades de quema de combustible,Industrias de la energía,Refinación del petróleo,1A1b,4,"0,01",Emisión
169,1993,2,Actividades de quema de combustible,Industrias de la energía,Refinación del petróleo,1A1b,4,"0,01",Emisión
170,1994,2,Actividades de quema de combustible,Industrias de la energía,Refinación del petróleo,1A1b,4,"0,01",Emisión
171,1995,2,Actividades de quema de combustible,Industrias de la energía,Refinación del petróleo,1A1b,4,"0,0",Sin emisión/remoción
172,1996,2,Actividades de quema de combustible,Industrias de la energía,Refinación del petróleo,1A1b,4,"0,0",Sin emisión/remoción
173,1997,2,Actividades de quema de combustible,Industrias de la energía,Refinación del petróleo,1A1b,4,"0,01",Emisión
174,1998,2,Actividades de quema de combustible,Industrias de la energía,Refinación del petróleo,1A1b,4,"0,0",Sin emisión/remoción
175,1999,2,Actividades de quema de combustible,Industrias de la energía,Refinación del petróleo,1A1b,4,"0,0",Sin emisión/remoción
176,2000,2,Actividades de quema de combustible,Industrias de la energía,Refinación del petróleo,1A1b,4,"0,0",Sin emisión/remoción
177,2001,2,Actividades de quema de combustible,Industrias de la energía,Refinación del petróleo,1A1b,4,"0,0",Sin emisión/remoción
178,2002,2,Actividades de quema de combustible,Industrias de la energía,Refinación del petróleo,1A1b,4,"0,0",Sin emisión/remoción
179,2003,2,Actividades de quema de combustible,Industrias de la energía,Refinación del petróleo,1A1b,4,"0,0",Sin emisión/remoción
180,2004,2,Actividades de quema de combustible,Industrias de la energía,Refinación del petróleo,1A1b,4,"0,0",Sin emisión/remoción
181,2005,2,Actividades de quema de combustible,Industrias de la energía,Refinación del petróleo,1A1b,4,"0,0",Sin emisión/remoción
182,2006,2,Actividades de quema de combustible,Industrias de la energía,Refinación del petróleo,1A1b,4,"0,0",Sin emisión/remoción
183,2007,2,Actividades de quema de combustible,Industrias de la energía,Refinación del petróleo,1A1b,4,"0,0",Sin emisión/remoción
184,2008,2,Actividades de quema de combustible,Industrias de la energía,Refinación del petróleo,1A1b,4,"0,0",Sin emisión/remoción
185,2009,2,Actividades de quema de combustible,Industrias de la energía,Refinación del petróleo,1A1b,4,"0,0",Sin emisión/remoción
186,2010,2,Actividades de quema de combustible,Industrias de la energía,Refinación del petróleo,1A1b,4,"0,0",Sin emisión/remoción
187,2011,2,Actividades de quema de combustible,Industrias de la energía,Refinación del petróleo,1A1b,4,"0,0",Sin emisión/remoción
188,2012,2,Actividades de quema de combustible,Industrias de la energía,Refinación del petróleo,1A1b,4,"0,0",Sin emisión/remoción
189,2013,2,Actividades de quema de combustible,Industrias de la energía,Refinación del petróleo,1A1b,4,"0,0",Sin emisión/remoción
190,2014,2,Actividades de quema de combustible,Industrias de la energía,Refinación del petróleo,1A1b,4,"0,0",Sin emisión/remoción
191,2015,2,Actividades de quema de combustible,Industrias de la energía,Refinación del petróleo,1A1b,4,"0,0",Sin emisión/remoción
192,2016,2,Actividades de quema de combustible,Industrias de la energía,Refinación del petróleo,1A1b,4,"0,0",Sin emisión/remoción
193,2017,2,Actividades de quema de combustible,Industrias de la energía,Refinación del petróleo,1A1b,4,"0,0",Sin emisión/remoción
194,2018,2,Actividades de quema de combustible,Industrias de la energía,Refinación del petróleo,1A1b,4,"0,0",Sin emisión/remoción
195,2019,2,Actividades de quema de combustible,Industrias de la energía,Refinación del petróleo,1A1b,4,"0,01",Emisión
196,2020,2,Actividades de quema de combustible,Industrias de la energía,Refinación del petróleo,1A1b,4,"0,01",Emisión
197,2021,2,Actividades de quema de combustible,Industrias de la energía,Refinación del petróleo,1A1b,4,"0,0",Sin emisión/remoción
198,2022,2,Actividades de quema de combustible,Industrias de la energía,Refinación del petróleo,1A1b,4,"0,0",Sin emisión/remoción
199,1990,2,Actividades de quema de combustible,Industrias de la energía,Fabricación de combustibles sólidos y otras industrias energéticas,1A1ciii,2,"3,26",Emisión
200,1991,2,Actividades de quema de combustible,Industrias de la energía,Fabricación de combustibles sólidos y otras industrias energéticas,1A1ciii,2,"4,37",Emisión
201,1992,2,Actividades de quema de combustible,Industrias de la energía,Fabricación de combustibles sólidos y otras industrias energéticas,1A1ciii,2,"3,55",Emisión
202,1993,2,Actividades de quema de combustible,Industrias de la energía,Fabricación de combustibles sólidos y otras industrias energéticas,1A1ciii,2,"2,85",Emisión
203,1994,2,Actividades de quema de combustible,Industrias de la energía,Fabricación de combustibles sólidos y otras industrias energéticas,1A1ciii,2,"3,13",Emisión
204,1995,2,Actividades de quema de combustible,Industrias de la energía,Fabricación de combustibles sólidos y otras industrias energéticas,1A1ciii,2,"3,38",Emisión
205,1996,2,Actividades de quema de combustible,Industrias de la energía,Fabricación de combustibles sólidos y otras industrias energéticas,1A1ciii,2,"4,37",Emisión
206,1997,2,Actividades de quema de combustible,Industrias de la energía,Fabricación de combustibles sólidos y otras industrias energéticas,1A1ciii,2,"5,16",Emisión
207,1998,2,Actividades de quema de combustible,Industrias de la energía,Fabricación de combustibles sólidos y otras industrias energéticas,1A1ciii,2,"7,1",Emisión
208,1999,2,Actividades de quema de combustible,Industrias de la energía,Fabricación de combustibles sólidos y otras industrias energéticas,1A1ciii,2,"7,46",Emisión
209,2000,2,Actividades de quema de combustible,Industrias de la energía,Fabricación de combustibles sólidos y otras industrias energéticas,1A1ciii,2,"7,99",Emisión
210,2001,2,Actividades de quema de combustible,Industrias de la energía,Fabricación de combustibles sólidos y otras industrias energéticas,1A1ciii,2,"8,07",Emisión
211,2002,2,Actividades de quema de combustible,Industrias de la energía,Fabricación de combustibles sólidos y otras industrias energéticas,1A1ciii,2,"8,54",Emisión
212,2003,2,Actividades de quema de combustible,Industrias de la energía,Fabricación de combustibles sólidos y otras industrias energéticas,1A1ciii,2,"8,72",Emisión
213,2004,2,Actividades de quema de combustible,Industrias de la energía,Fabricación de combustibles sólidos y otras industrias energéticas,1A1ciii,2,"9,26",Emisión
214,2005,2,Actividades de quema de combustible,Industrias de la energía,Fabricación de combustibles sólidos y otras industrias energéticas,1A1ciii,2,"8,96",Emisión
215,2006,2,Actividades de quema de combustible,Industrias de la energía,Fabricación de combustibles sólidos y otras industrias energéticas,1A1ciii,2,"8,9",Emisión
216,2007,2,Actividades de quema de combustible,Industrias de la energía,Fabricación de combustibles sólidos y otras industrias energéticas,1A1ciii,2,"9,82",Emisión
217,2008,2,Actividades de quema de combustible,Industrias de la energía,Fabricación de combustibles sólidos y otras industrias energéticas,1A1ciii,2,"10,52",Emisión
218,2009,2,Actividades de quema de combustible,Industrias de la energía,Fabricación de combustibles sólidos y otras industrias energéticas,1A1ciii,2,"10,95",Emisión
219,2010,2,Actividades de quema de combustible,Industrias de la energía,Fabricación de combustibles sólidos y otras industrias energéticas,1A1ciii,2,"10,87",Emisión
220,2011,2,Actividades de quema de combustible,Industrias de la energía,Fabricación de combustibles sólidos y otras industrias energéticas,1A1ciii,2,"10,8",Emisión
221,2012,2,Actividades de quema de combustible,Industrias de la energía,Fabricación de combustibles sólidos y otras industrias energéticas,1A1ciii,2,"10,86",Emisión
222,2013,2,Actividades de quema de combustible,Industrias de la energía,Fabricación de combustibles sólidos y otras industrias energéticas,1A1ciii,2,"10,85",Emisión
223,2014,2,Actividades de quema de combustible,Industrias de la energía,Fabricación de combustibles sólidos y otras industrias energéticas,1A1ciii,2,"11,24",Emisión
224,2015,2,Actividades de quema de combustible,Industrias de la energía,Fabricación de combustibles sólidos y otras industrias energéticas,1A1ciii,2,"11,75",Emisión
225,2016,2,Actividades de quema de combustible,Industrias de la energía,Fabricación de combustibles sólidos y otras industrias energéticas,1A1ciii,2,"12,23",Emisión
226,2017,2,Actividades de quema de combustible,Industrias de la energía,Fabricación de combustibles sólidos y otras industrias energéticas,1A1ciii,2,"11,82",Emisión
227,2018,2,Actividades de quema de combustible,Industrias de la energía,Fabricación de combustibles sólidos y otras industrias energéticas,1A1ciii,2,"11,6",Emisión
228,2019,2,Actividades de quema de combustible,Industrias de la energía,Fabricación de combustibles sólidos y otras industrias energéticas,1A1ciii,2,"11,3",Emisión
229,2020,2,Actividades de quema de combustible,Industrias de la energía,Fabricación de combustibles sólidos y otras industrias energéticas,1A1ciii,2,"10,42",Emisión
230,2021,2,Actividades de quema de combustible,Industrias de la energía,Fabricación de combustibles sólidos y otras industrias energéticas,1A1ciii,2,"10,05",Emisión
231,2022,2,Actividades de quema de combustible,Industrias de la energía,Fabricación de combustibles sólidos y otras industrias energéticas,1A1ciii,2,"10,23",Emisión
232,1990,2,Actividades de quema de combustible,Industrias de la energía,Fabricación de combustibles sólidos y otras industrias energéticas,1A1ciii,1,"0,0",Sin emisión/remoción
233,1991,2,Actividades de quema de combustible,Industrias de la energía,Fabricación de combustibles sólidos y otras industrias energéticas,1A1ciii,1,"0,0",Sin emisión/remoción
234,1992,2,Actividades de quema de combustible,Industrias de la energía,Fabricación de combustibles sólidos y otras industrias energéticas,1A1ciii,1,"0,0",Sin emisión/remoción
235,1993,2,Actividades de quema de combustible,Industrias de la energía,Fabricación de combustibles sólidos y otras industrias energéticas,1A1ciii,1,"0,0",Sin emisión/remoción
236,1994,2,Actividades de quema de combustible,Industrias de la energía,Fabricación de combustibles sólidos y otras industrias energéticas,1A1ciii,1,"0,0",Sin emisión/remoción
237,1995,2,Actividades de quema de combustible,Industrias de la energía,Fabricación de combustibles sólidos y otras industrias energéticas,1A1ciii,1,"0,0",Sin emisión/remoción
238,1996,2,Actividades de quema de combustible,Industrias de la energía,Fabricación de combustibles sólidos y otras industrias energéticas,1A1ciii,1,"0,0",Sin emisión/remoción
239,1997,2,Actividades de quema de combustible,Industrias de la energía,Fabricación de combustibles sólidos y otras industrias energéticas,1A1ciii,1,"0,0",Sin emisión/remoción
240,1998,2,Actividades de quema de combustible,Industrias de la energía,Fabricación de combustibles sólidos y otras industrias energéticas,1A1ciii,1,"0,0",Sin emisión/remoción
241,1999,2,Actividades de quema de combustible,Industrias de la energía,Fabricación de combustibles sólidos y otras industrias energéticas,1A1ciii,1,"0,0",Sin emisión/remoción
242,2000,2,Actividades de quema de combustible,Industrias de la energía,Fabricación de combustibles sólidos y otras industrias energéticas,1A1ciii,1,"0,0",Sin emisión/remoción
243,2001,2,Actividades de quema de combustible,Industrias de la energía,Fabricación de combustibles sólidos y otras industrias energéticas,1A1ciii,1,"0,0",Sin emisión/remoción
244,2002,2,Actividades de quema de combustible,Industrias de la energía,Fabricación de combustibles sólidos y otras industrias energéticas,1A1ciii,1,"0,0",Sin emisión/remoción
245,2003,2,Actividades de quema de combustible,Industrias de la energía,Fabricación de combustibles sólidos y otras industrias energéticas,1A1ciii,1,"0,0",Sin emisión/remoción
246,2004,2,Actividades de quema de combustible,Industrias de la energía,Fabricación de combustibles sólidos y otras industrias energéticas,1A1ciii,1,"0,0",Sin emisión/remoción
247,2005,2,Actividades de quema de combustible,Industrias de la energía,Fabricación de combustibles sólidos y otras industrias energéticas,1A1ciii,1,"0,0",Sin emisión/remoción
248,2006,2,Actividades de quema de combustible,Industrias de la energía,Fabricación de combustibles sólidos y otras industrias energéticas,1A1ciii,1,"0,0",Sin emisión/remoción
249,2007,2,Actividades de quema de combustible,Industrias de la energía,Fabricación de combustibles sólidos y otras industrias energéticas,1A1ciii,1,"0,0",Sin emisión/remoción
250,2008,2,Actividades de quema de combustible,Industrias de la energía,Fabricación de combustibles sólidos y otras industrias energéticas,1A1ciii,1,"0,01",Emisión
251,2009,2,Actividades de quema de combustible,Industrias de la energía,Fabricación de combustibles sólidos y otras industrias energéticas,1A1ciii,1,"0,01",Emisión
252,2010,2,Actividades de quema de combustible,Industrias de la energía,Fabricación de combustibles sólidos y otras industrias energéticas,1A1ciii,1,"0,01",Emisión
253,2011,2,Actividades de quema de combustible,Industrias de la energía,Fabricación de combustibles sólidos y otras industrias energéticas,1A1ciii,1,"0,01",Emisión
254,2012,2,Actividades de quema de combustible,Industrias de la energía,Fabricación de combustibles sólidos y otras industrias energéticas,1A1ciii,1,"0,01",Emisión
255,2013,2,Actividades de quema de combustible,Industrias de la energía,Fabricación de combustibles sólidos y otras industrias energéticas,1A1ciii,1,"0,01",Emisión
256,2014,2,Actividades de quema de combustible,Industrias de la energía,Fabricación de combustibles sólidos y otras industrias energéticas,1A1ciii,1,"0,01",Emisión
257,2015,2,Actividades de quema de combustible,Industrias de la energía,Fabricación de combustibles sólidos y otras industrias energéticas,1A1ciii,1,"0,01",Emisión
258,2016,2,Actividades de quema de combustible,Industrias de la energía,Fabricación de combustibles sólidos y otras industrias energéticas,1A1ciii,1,"0,01",Emisión
259,2017,2,Actividades de quema de combustible,Industrias de la energía,Fabricación de combustibles sólidos y otras industrias energéticas,1A1ciii,1,"0,01",Emisión
260,2018,2,Actividades de quema de combustible,Industrias de la energía,Fabricación de combustibles sólidos y otras industrias energéticas,1A1ciii,1,"0,01",Emisión
261,2019,2,Actividades de quema de combustible,Industrias de la energía,Fabricación de combustibles sólidos y otras industrias energéticas,1A1ciii,1,"0,01",Emisión
262,2020,2,Actividades de quema de combustible,Industrias de la energía,Fabricación de combustibles sólidos y otras industrias energéticas,1A1ciii,1,"0,01",Emisión
263,2021,2,Actividades de quema de combustible,Industrias de la energía,Fabricación de combustibles sólidos y otras industrias energéticas,1A1ciii,1,"0,0",Sin emisión/remoción
264,2022,2,Actividades de quema de combustible,Industrias de la energía,Fabricación de combustibles sólidos y otras industrias energéticas,1A1ciii,1,"0,0",Sin emisión/remoción
265,1990,2,Actividades de quema de combustible,Industrias de la energía,Fabricación de combustibles sólidos y otras industrias energéticas,1A1ciii,4,"0,0",Sin emisión/remoción
266,1991,2,Actividades de quema de combustible,Industrias de la energía,Fabricación de combustibles sólidos y otras industrias energéticas,1A1ciii,4,"0,0",Sin emisión/remoción
267,1992,2,Actividades de quema de combustible,Industrias de la energía,Fabricación de combustibles sólidos y otras industrias energéticas,1A1ciii,4,"0,0",Sin emisión/remoción
268,1993,2,Actividades de quema de combustible,Industrias de la energía,Fabricación de combustibles sólidos y otras industrias energéticas,1A1ciii,4,"0,0",Sin emisión/remoción
269,1994,2,Actividades de quema de combustible,Industrias de la energía,Fabricación de combustibles sólidos y otras industrias energéticas,1A1ciii,4,"0,0",Sin emisión/remoción
270,1995,2,Actividades de quema de combustible,Industrias de la energía,Fabricación de combustibles sólidos y otras industrias energéticas,1A1ciii,4,"0,0",Sin emisión/remoción
271,1996,2,Actividades de quema de combustible,Industrias de la energía,Fabricación de combustibles sólidos y otras industrias energéticas,1A1ciii,4,"0,0",Sin emisión/remoción
272,1997,2,Actividades de quema de combustible,Industrias de la energía,Fabricación de combustibles sólidos y otras industrias energéticas,1A1ciii,4,"0,0",Sin emisión/remoción
273,1998,2,Actividades de quema de combustible,Industrias de la energía,Fabricación de combustibles sólidos y otras industrias energéticas,1A1ciii,4,"0,0",Sin emisión/remoción
274,1999,2,Actividades de quema de combustible,Industrias de la energía,Fabricación de combustibles sólidos y otras industrias energéticas,1A1ciii,4,"0,0",Sin emisión/remoción
275,2000,2,Actividades de quema de combustible,Industrias de la energía,Fabricación de combustibles sólidos y otras industrias energéticas,1A1ciii,4,"0,0",Sin emisión/remoción
276,2001,2,Actividades de quema de combustible,Industrias de la energía,Fabricación de combustibles sólidos y otras industrias energéticas,1A1ciii,4,"0,0",Sin emisión/remoción
277,2002,2,Actividades de quema de combustible,Industrias de la energía,Fabricación de combustibles sólidos y otras industrias energéticas,1A1ciii,4,"0,0",Sin emisión/remoción
278,2003,2,Actividades de quema de combustible,Industrias de la energía,Fabricación de combustibles sólidos y otras industrias energéticas,1A1ciii,4,"0,0",Sin emisión/remoción
279,2004,2,Actividades de quema de combustible,Industrias de la energía,Fabricación de combustibles sólidos y otras industrias energéticas,1A1ciii,4,"0,0",Sin emisión/remoción
280,2005,2,Actividades de quema de combustible,Industrias de la energía,Fabricación de combustibles sólidos y otras industrias energéticas,1A1ciii,4,"0,0",Sin emisión/remoción
281,2006,2,Actividades de quema de combustible,Industrias de la energía,Fabricación de combustibles sólidos y otras industrias energéticas,1A1ciii,4,"0,0",Sin emisión/remoción
282,2007,2,Actividades de quema de combustible,Industrias de la energía,Fabricación de combustibles sólidos y otras industrias energéticas,1A1ciii,4,"0,0",Sin emisión/remoción
283,2008,2,Actividades de quema de combustible,Industrias de la energía,Fabricación de combustibles sólidos y otras industrias energéticas,1A1ciii,4,"0,01",Emisión
284,2009,2,Actividades de quema de combustible,Industrias de la energía,Fabricación de combustibles sólidos y otras industrias energéticas,1A1ciii,4,"0,01",Emisión
285,2010,2,Actividades de quema de combustible,Industrias de la energía,Fabricación de combustibles sólidos y otras industrias energéticas,1A1ciii,4,"0,01",Emisión
286,2011,2,Actividades de quema de combustible,Industrias de la energía,Fabricación de combustibles sólidos y otras industrias energéticas,1A1ciii,4,"0,01",Emisión
287,2012,2,Actividades de quema de combustible,Industrias de la energía,Fabricación de combustibles sólidos y otras industrias energéticas,1A1ciii,4,"0,01",Emisión
288,2013,2,Actividades de quema de combustible,Industrias de la energía,Fabricación de combustibles sólidos y otras industrias energéticas,1A1ciii,4,"0,01",Emisión
289,2014,2,Actividades de quema de combustible,Industrias de la energía,Fabricación de combustibles sólidos y otras industrias energéticas,1A1ciii,4,"0,01",Emisión
290,2015,2,Actividades de quema de combustible,Industrias de la energía,Fabricación de combustibles sólidos y otras industrias energéticas,1A1ciii,4,"0,01",Emisión
291,2016,2,Actividades de quema de combustible,Industrias de la energía,Fabricación de combustibles sólidos y otras industrias energéticas,1A1ciii,4,"0,01",Emisión
292,2017,2,Actividades de quema de combustible,Industrias de la energía,Fabricación de combustibles sólidos y otras industrias energéticas,1A1ciii,4,"0,01",Emisión
293,2018,2,Actividades de quema de combustible,Industrias de la energía,Fabricación de combustibles sólidos y otras industrias energéticas,1A1ciii,4,"0,01",Emisión
294,2019,2,Actividades de quema de combustible,Industrias de la energía,Fabricación de combustibles sólidos y otras industrias energéticas,1A1ciii,4,"0,01",Emisión
295,2020,2,Actividades de quema de combustible,Industrias de la energía,Fabricación de combustibles sólidos y otras industrias energéticas,1A1ciii,4,"0,01",Emisión
296,2021,2,Actividades de quema de combustible,Industrias de la energía,Fabricación de combustibles sólidos y otras industrias energéticas,1A1ciii,4,"0,01",Emisión
297,2022,2,Actividades de quema de combustible,Industrias de la energía,Fabricación de combustibles sólidos y otras industrias energéticas,1A1ciii,4,"0,01",Emisión
298,1990,2,Actividades de quema de combustible,Industrias manufactureras y de la construcción,Hierro y acero,1A2a,2,"4,32",Emisión
299,1991,2,Actividades de quema de combustible,Industrias manufactureras y de la construcción,Hierro y acero,1A2a,2,"3,8",Emisión
300,1992,2,Actividades de quema de combustible,Industrias manufactureras y de la construcción,Hierro y acero,1A2a,2,"4,49",Emisión
301,1993,2,Actividades de quema de combustible,Industrias manufactureras y de la construcción,Hierro y acero,1A2a,2,"3,2",Emisión
302,1994,2,Actividades de quema de combustible,Industrias manufactureras y de la construcción,Hierro y acero,1A2a,2,"3,87",Emisión
303,1995,2,Actividades de quema de combustible,Industrias manufactureras y de la construcción,Hierro y acero,1A2a,2,"6,82",Emisión
304,1996,2,Actividades de quema de combustible,Industrias manufactureras y de la construcción,Hierro y acero,1A2a,2,"7,82",Emisión
305,1997,2,Actividades de quema de combustible,Industrias manufactureras y de la construcción,Hierro y acero,1A2a,2,"7,91",Emisión
306,1998,2,Actividades de quema de combustible,Industrias manufactureras y de la construcción,Hierro y acero,1A2a,2,"9,15",Emisión
307,1999,2,Actividades de quema de combustible,Industrias manufactureras y de la construcción,Hierro y acero,1A2a,2,"8,86",Emisión
308,2000,2,Actividades de quema de combustible,Industrias manufactureras y de la construcción,Hierro y acero,1A2a,2,"8,44",Emisión
309,2001,2,Actividades de quema de combustible,Industrias manufactureras y de la construcción,Hierro y acero,1A2a,2,"8,38",Emisión
310,2002,2,Actividades de quema de combustible,Industrias manufactureras y de la construcción,Hierro y acero,1A2a,2,"8,57",Emisión
311,2003,2,Actividades de quema de combustible,Industrias manufactureras y de la construcción,Hierro y acero,1A2a,2,"9,42",Emisión
312,2004,2,Actividades de quema de combustible,Industrias manufactureras y de la construcción,Hierro y acero,1A2a,2,"10,03",Emisión
313,2005,2,Actividades de quema de combustible,Industrias manufactureras y de la construcción,Hierro y acero,1A2a,2,"9,9",Emisión
314,2006,2,Actividades de quema de combustible,Industrias manufactureras y de la construcción,Hierro y acero,1A2a,2,"9,64",Emisión
315,2007,2,Actividades de quema de combustible,Industrias manufactureras y de la construcción,Hierro y acero,1A2a,2,"10,11",Emisión
316,2008,2,Actividades de quema de combustible,Industrias manufactureras y de la construcción,Hierro y acero,1A2a,2,"10,7",Emisión
317,2009,2,Actividades de quema de combustible,Industrias manufactureras y de la construcción,Hierro y acero,1A2a,2,"7,14",Emisión
318,2010,2,Actividades de quema de combustible,Industrias manufactureras y de la construcción,Hierro y acero,1A2a,2,"8,97",Emisión
319,2011,2,Actividades de quema de combustible,Industrias manufactureras y de la construcción,Hierro y acero,1A2a,2,"8,99",Emisión
320,2012,2,Actividades de quema de combustible,Industrias manufactureras y de la construcción,Hierro y acero,1A2a,2,"8,78",Emisión
321,2013,2,Actividades de quema de combustible,Industrias manufactureras y de la construcción,Hierro y acero,1A2a,2,"9,18",Emisión
322,2014,2,Actividades de quema de combustible,Industrias manufactureras y de la construcción,Hierro y acero,1A2a,2,"9,14",Emisión
323,2015,2,Actividades de quema de combustible,Industrias manufactureras y de la construcción,Hierro y acero,1A2a,2,"9,0",Emisión
324,2016,2,Actividades de quema de combustible,Industrias manufactureras y de la construcción,Hierro y acero,1A2a,2,"8,07",Emisión
325,2017,2,Actividades de quema de combustible,Industrias manufactureras y de la construcción,Hierro y acero,1A2a,2,"8,92",Emisión
326,2018,2,Actividades de quema de combustible,Industrias manufactureras y de la construcción,Hierro y acero,1A2a,2,"9,54",Emisión
327,2019,2,Actividades de quema de combustible,Industrias manufactureras y de la construcción,Hierro y acero,1A2a,2,"8,07",Emisión
328,2020,2,Actividades de quema de combustible,Industrias manufactureras y de la construcción,Hierro y acero,1A2a,2,"7,5",Emisión
329,2021,2,Actividades de quema de combustible,Industrias manufactureras y de la construcción,Hierro y acero,1A2a,2,"9,43",Emisión
330,2022,2,Actividades de quema de combustible,Industrias manufactureras y de la construcción,Hierro y acero,1A2a,2,"9,64",Emisión
331,1990,2,Actividades de quema de combustible,Industrias manufactureras y de la construcción,Hierro y acero,1A2a,1,"0,0",Sin emisión/remoción
332,1991,2,Actividades de quema de combustible,Industrias manufactureras y de la construcción,Hierro y acero,1A2a,1,"0,0",Sin emisión/remoción
333,1992,2,Actividades de quema de combustible,Industrias manufactureras y de la construcción,Hierro y acero,1A2a,1,"0,0",Sin emisión/remoción
334,1993,2,Actividades de quema de combustible,Industrias manufactureras y de la construcción,Hierro y acero,1A2a,1,"0,0",Sin emisión/remoción
335,1994,2,Actividades de quema de combustible,Industrias manufactureras y de la construcción,Hierro y acero,1A2a,1,"0,0",Sin emisión/remoción
336,1995,2,Actividades de quema de combustible,Industrias manufactureras y de la construcción,Hierro y acero,1A2a,1,"0,0",Sin emisión/remoción
337,1996,2,Actividades de quema de combustible,Industrias manufactureras y de la construcción,Hierro y acero,1A2a,1,"0,0",Sin emisión/remoción
338,1997,2,Actividades de quema de combustible,Industrias manufactureras y de la construcción,Hierro y acero,1A2a,1,"0,0",Sin emisión/remoción
339,1998,2,Actividades de quema de combustible,Industrias manufactureras y de la construcción,Hierro y acero,1A2a,1,"0,0",Sin emisión/remoción
340,1999,2,Actividades de quema de combustible,Industrias manufactureras y de la construcción,Hierro y acero,1A2a,1,"0,0",Sin emisión/remoción
341,2000,2,Actividades de quema de combustible,Industrias manufactureras y de la construcción,Hierro y acero,1A2a,1,"0,0",Sin emisión/remoción
342,2001,2,Actividades de quema de combustible,Industrias manufactureras y de la construcción,Hierro y acero,1A2a,1,"0,0",Sin emisión/remoción
343,2002,2,Actividades de quema de combustible,Industrias manufactureras y de la construcción,Hierro y acero,1A2a,1,"0,0",Sin emisión/remoción
344,2003,2,Actividades de quema de combustible,Industrias manufactureras y de la construcción,Hierro y acero,1A2a,1,"0,0",Sin emisión/remoción
345,2004,2,Actividades de quema de combustible,Industrias manufactureras y de la construcción,Hierro y acero,1A2a,1,"0,0",Sin emisión/remoción
346,2005,2,Actividades de quema de combustible,Industrias manufactureras y de la construcción,Hierro y acero,1A2a,1,"0,0",Sin emisión/remoción
347,2006,2,Actividades de quema de combustible,Industrias manufactureras y de la construcción,Hierro y acero,1A2a,1,"0,0",Sin emisión/remoción
348,2007,2,Actividades de quema de combustible,Industrias manufactureras y de la construcción,Hierro y acero,1A2a,1,"0,0",Sin emisión/remoción
349,2008,2,Actividades de quema de combustible,Industrias manufactureras y de la construcción,Hierro y acero,1A2a,1,"0,0",Sin emisión/remoción
350,2009,2,Actividades de quema de combustible,Industrias manufactureras y de la construcción,Hierro y acero,1A2a,1,"0,0",Sin emisión/remoción
351,2010,2,Actividades de quema de combustible,Industrias manufactureras y de la construcción,Hierro y acero,1A2a,1,"0,0",Sin emisión/remoción
352,2011,2,Actividades de quema de combustible,Industrias manufactureras y de la construcción,Hierro y acero,1A2a,1,"0,0",Sin emisión/remoción
353,2012,2,Actividades de quema de combustible,Industrias manufactureras y de la construcción,Hierro y acero,1A2a,1,"0,0",Sin emisión/remoción
354,2013,2,Actividades de quema de combustible,Industrias manufactureras y de la construcción,Hierro y acero,1A2a,1,"0,0",Sin emisión/remoción
355,2014,2,Actividades de quema de combustible,Industrias manufactureras y de la construcción,Hierro y acero,1A2a,1,"0,0",Sin emisión/remoción
356,2015,2,Actividades de quema de combustible,Industrias manufactureras y de la construcción,Hierro y acero,1A2a,1,"0,0",Sin emisión/remoción
357,2016,2,Actividades de quema de combustible,Industrias manufactureras y de la construcción,Hierro y acero,1A2a,1,"0,0",Sin emisión/remoción
358,2017,2,Actividades de quema de combustible,Industrias manufactureras y de la construcción,Hierro y acero,1A2a,1,"0,0",Sin emisión/remoción
359,2018,2,Actividades de quema de combustible,Industrias manufactureras y de la construcción,Hierro y acero,1A2a,1,"0,0",Sin emisión/remoción
360,2019,2,Actividades de quema de combustible,Industrias manufactureras y de la construcción,Hierro y acero,1A2a,1,"0,0",Sin emisión/remoción
361,2020,2,Actividades de quema de combustible,Industrias manufactureras y de la construcción,Hierro y acero,1A2a,1,"0,0",Sin emisión/remoción
362,2021,2,Actividades de quema de combustible,Industrias manufactureras y de la construcción,Hierro y acero,1A2a,1,"0,0",Sin emisión/remoción
363,2022,2,Actividades de quema de combustible,Industrias manufactureras y de la construcción,Hierro y acero,1A2a,1,"0,0",Sin emisión/remoción
364,1990,2,Actividades de quema de combustible,Industrias manufactureras y de la construcción,Hierro y acero,1A2a,4,"0,0",Sin emisión/remoción
365,1991,2,Actividades de quema de combustible,Industrias manufactureras y de la construcción,Hierro y acero,1A2a,4,"0,0",Sin emisión/remoción
366,1992,2,Actividades de quema de combustible,Industrias manufactureras y de la construcción,Hierro y acero,1A2a,4,"0,0",Sin emisión/remoción
367,1993,2,Actividades de quema de combustible,Industrias manufactureras y de la construcción,Hierro y acero,1A2a,4,"0,0",Sin emisión/remoción
368,1994,2,Actividades de quema de combustible,Industrias manufactureras y de la construcción,Hierro y acero,1A2a,4,"0,0",Sin emisión/remoción
369,1995,2,Actividades de quema de combustible,Industrias manufactureras y de la construcción,Hierro y acero,1A2a,4,"0,0",Sin emisión/remoción
370,1996,2,Actividades de quema de combustible,Industrias manufactureras y de la construcción,Hierro y acero,1A2a,4,"0,0",Sin emisión/remoción
371,1997,2,Actividades de quema de combustible,Industrias manufactureras y de la construcción,Hierro y acero,1A2a,4,"0,0",Sin emisión/remoción
372,1998,2,Actividades de quema de combustible,Industrias manufactureras y de la construcción,Hierro y acero,1A2a,4,"0,0",Sin emisión/remoción
373,1999,2,Actividades de quema de combustible,Industrias manufactureras y de la construcción,Hierro y acero,1A2a,4,"0,0",Sin emisión/remoción
374,2000,2,Actividades de quema de combustible,Industrias manufactureras y de la construcción,Hierro y acero,1A2a,4,"0,0",Sin emisión/remoción
375,2001,2,Actividades de quema de combustible,Industrias manufactureras y de la construcción,Hierro y acero,1A2a,4,"0,0",Sin emisión/remoción
376,2002,2,Actividades de quema de combustible,Industrias manufactureras y de la construcción,Hierro y acero,1A2a,4,"0,0",Sin emisión/remoción
377,2003,2,Actividades de quema de combustible,Industrias manufactureras y de la construcción,Hierro y acero,1A2a,4,"0,0",Sin emisión/remoción
378,2004,2,Actividades de quema de combustible,Industrias manufactureras y de la construcción,Hierro y acero,1A2a,4,"0,0",Sin emisión/remoción
379,2005,2,Actividades de quema de combustible,Industrias manufactureras y de la construcción,Hierro y acero,1A2a,4,"0,0",Sin emisión/remoción
380,2006,2,Actividades de quema de combustible,Industrias manufactureras y de la construcción,Hierro y acero,1A2a,4,"0,0",Sin emisión/remoción
381,2007,2,Actividades de quema de combustible,Industrias manufactureras y de la construcción,Hierro y acero,1A2a,4,"0,0",Sin emisión/remoción
382,2008,2,Actividades de quema de combustible,Industrias manufactureras y de la construcción,Hierro y acero,1A2a,4,"0,0",Sin emisión/remoción
383,2009,2,Actividades de quema de combustible,Industrias manufactureras y de la construcción,Hierro y acero,1A2a,4,"0,0",Sin emisión/remoción
384,2010,2,Actividades de quema de combustible,Industrias manufactureras y de la construcción,Hierro y acero,1A2a,4,"0,0",Sin emisión/remoción
385,2011,2,Actividades de quema de combustible,Industrias manufactureras y de la construcción,Hierro y acero,1A2a,4,"0,0",Sin emisión/remoción
386,2012,2,Actividades de quema de combustible,Industrias manufactureras y de la construcción,Hierro y acero,1A2a,4,"0,0",Sin emisión/remoción
387,2013,2,Actividades de quema de combustible,Industrias manufactureras y de la construcción,Hierro y acero,1A2a,4,"0,0",Sin emisión/remoción
388,2014,2,Actividades de quema de combustible,Industrias manufactureras y de la construcción,Hierro y acero,1A2a,4,"0,0",Sin emisión/remoción
389,2015,2,Actividades de quema de combustible,Industrias manufactureras y de la construcción,Hierro y acero,1A2a,4,"0,0",Sin emisión/remoción
390,2016,2,Actividades de quema de combustible,Industrias manufactureras y de la construcción,Hierro y acero,1A2a,4,"0,0",Sin emisión/remoción
391,2017,2,Actividades de quema de combustible,Industrias manufactureras y de la construcción,Hierro y acero,1A2a,4,"0,0",Sin emisión/remoción
392,2018,2,Actividades de quema de combustible,Industrias manufactureras y de la construcción,Hierro y acero,1A2a,4,"0,0",Sin emisión/remoción
393,2019,2,Actividades de quema de combustible,Industrias manufactureras y de la construcción,Hierro y acero,1A2a,4,"0,0",Sin emisión/remoción
394,2020,2,Actividades de quema de combustible,Industrias manufactureras y de la construcción,Hierro y acero,1A2a,4,"0,0",Sin emisión/remoción
395,2021,2,Actividades de quema de combustible,Industrias manufactureras y de la construcción,Hierro y acero,1A2a,4,"0,0",Sin emisión/remoción
396,2022,2,Actividades de quema de combustible,Industrias manufactureras y de la construcción,Hierro y acero,1A2a,4,"0,0",Sin emisión/remoción
397,1995,2,Actividades de quema de combustible,Industrias manufactureras y de la construcción,Metales no ferrosos,1A2b,2,"0,24",Emisión
398,1996,2,Actividades de quema de combustible,Industrias manufactureras y de la construcción,Metales no ferrosos,1A2b,2,"0,48",Emisión
399,1997,2,Actividades de quema de combustible,Industrias manufactureras y de la construcción,Metales no ferrosos,1A2b,2,"0,45",Emisión
400,1998,2,Actividades de quema de combustible,Industrias manufactureras y de la construcción,Metales no ferrosos,1A2b,2,"0,74",Emisión
401,1999,2,Actividades de quema de combustible,Industrias manufactureras y de la construcción,Metales no ferrosos,1A2b,2,"1,23",Emisión
402,2000,2,Actividades de quema de combustible,Industrias manufactureras y de la construcción,Metales no ferrosos,1A2b,2,"1,29",Emisión
403,2001,2,Actividades de quema de combustible,Industrias manufactureras y de la construcción,Metales no ferrosos,1A2b,2,"0,79",Emisión
404,2002,2,Actividades de quema de combustible,Industrias manufactureras y de la construcción,Metales no ferrosos,1A2b,2,"0,99",Emisión
405,2003,2,Actividades de quema de combustible,Industrias manufactureras y de la construcción,Metales no ferrosos,1A2b,2,"1,06",Emisión
406,2004,2,Actividades de quema de combustible,Industrias manufactureras y de la construcción,Metales no ferrosos,1A2b,2,"1,12",Emisión
407,2005,2,Actividades de quema de combustible,Industrias manufactureras y de la construcción,Metales no ferrosos,1A2b,2,"1,02",Emisión
408,2006,2,Actividades de quema de combustible,Industrias manufactureras y de la construcción,Metales no ferrosos,1A2b,2,"1,05",Emisión
409,2007,2,Actividades de quema de combustible,Industrias manufactureras y de la construcción,Metales no ferrosos,1A2b,2,"0,91",Emisión
410,2008,2,Actividades de quema de combustible,Industrias manufactureras y de la construcción,Metales no ferrosos,1A2b,2,"0,71",Emisión
411,2009,2,Actividades de quema de combustible,Industrias manufactureras y de la construcción,Metales no ferrosos,1A2b,2,"0,76",Emisión
412,2010,2,Actividades de quema de combustible,Industrias manufactureras y de la construcción,Metales no ferrosos,1A2b,2,"0,87",Emisión
413,2011,2,Actividades de quema de combustible,Industrias manufactureras y de la construcción,Metales no ferrosos,1A2b,2,"0,93",Emisión
414,2012,2,Actividades de quema de combustible,Industrias manufactureras y de la construcción,Metales no ferrosos,1A2b,2,"0,56",Emisión
415,2013,2,Actividades de quema de combustible,Industrias manufactureras y de la construcción,Metales no ferrosos,1A2b,2,"0,42",Emisión
416,2014,2,Actividades de quema de combustible,Industrias manufactureras y de la construcción,Metales no ferrosos,1A2b,2,"0,45",Emisión
417,2015,2,Actividades de quema de combustible,Industrias manufactureras y de la construcción,Metales no ferrosos,1A2b,2,"0,58",Emisión
418,2016,2,Actividades de quema de combustible,Industrias manufactureras y de la construcción,Metales no ferrosos,1A2b,2,"0,37",Emisión
419,2017,2,Actividades de quema de combustible,Industrias manufactureras y de la construcción,Metales no ferrosos,1A2b,2,"0,24",Emisión
420,2018,2,Actividades de quema de combustible,Industrias manufactureras y de la construcción,Metales no ferrosos,1A2b,2,"0,27",Emisión
421,2019,2,Actividades de quema de combustible,Industrias manufactureras y de la construcción,Metales no ferrosos,1A2b,2,"0,51",Emisión
422,2020,2,Actividades de quema de combustible,Industrias manufactureras y de la construcción,Metales no ferrosos,1A2b,2,"0,37",Emisión
423,2021,2,Actividades de quema de combustible,Industrias manufactureras y de la construcción,Metales no ferrosos,1A2b,2,"0,34",Emisión
424,2022,2,Actividades de quema de combustible,Industrias manufactureras y de la construcción,Metales no ferrosos,1A2b,2,"0,18",Emisión
425,1995,2,Actividades de quema de combustible,Industrias manufactureras y de la construcción,Metales no ferrosos,1A2b,1,"0,0",Sin emisión/remoción
426,1996,2,Actividades de quema de combustible,Industrias manufactureras y de la construcción,Metales no ferrosos,1A2b,1,"0,0",Sin emisión/remoción
427,1997,2,Actividades de quema de combustible,Industrias manufactureras y de la construcción,Metales no ferrosos,1A2b,1,"0,0",Sin emisión/remoción
428,1998,2,Actividades de quema de combustible,Industrias manufactureras y de la construcción,Metales no ferrosos,1A2b,1,"0,0",Sin emisión/remoción
429,1999,2,Actividades de quema de combustible,Industrias manufactureras y de la construcción,Metales no ferrosos,1A2b,1,"0,0",Sin emisión/remoción
430,2000,2,Actividades de quema de combustible,Industrias manufactureras y de la construcción,Metales no ferrosos,1A2b,1,"0,0",Sin emisión/remoción
431,2001,2,Actividades de quema de combustible,Industrias manufactureras y de la construcción,Metales no ferrosos,1A2b,1,"0,0",Sin emisión/remoción
432,2002,2,Actividades de quema de combustible,Industrias manufactureras y de la construcción,Metales no ferrosos,1A2b,1,"0,0",Sin emisión/remoción
433,2003,2,Actividades de quema de combustible,Industrias manufactureras y de la construcción,Metales no ferrosos,1A2b,1,"0,0",Sin emisión/remoción
434,2004,2,Actividades de quema de combustible,Industrias manufactureras y de la construcción,Metales no ferrosos,1A2b,1,"0,0",Sin emisión/remoción
435,2005,2,Actividades de quema de combustible,Industrias manufactureras y de la construcción,Metales no ferrosos,1A2b,1,"0,0",Sin emisión/remoción
436,2006,2,Actividades de quema de combustible,Industrias manufactureras y de la construcción,Metales no ferrosos,1A2b,1,"0,0",Sin emisión/remoción
437,2007,2,Actividades de quema de combustible,Industrias manufactureras y de la construcción,Metales no ferrosos,1A2b,1,"0,0",Sin emisión/remoción
438,2008,2,Actividades de quema de combustible,Industrias manufactureras y de la construcción,Metales no ferrosos,1A2b,1,"0,0",Sin emisión/remoción
439,2009,2,Actividades de quema de combustible,Industrias manufactureras y de la construcción,Metales no ferrosos,1A2b,1,"0,0",Sin emisión/remoción
440,2010,2,Actividades de quema de combustible,Industrias manufactureras y de la construcción,Metales no ferrosos,1A2b,1,"0,0",Sin emisión/remoción
441,2011,2,Actividades de quema de combustible,Industrias manufactureras y de la construcción,Metales no ferrosos,1A2b,1,"0,0",Sin emisión/remoción
442,2012,2,Actividades de quema de combustible,Industrias manufactureras y de la construcción,Metales no ferrosos,1A2b,1,"0,0",Sin emisión/remoción
443,2013,2,Actividades de quema de combustible,Industrias manufactureras y de la construcción,Metales no ferrosos,1A2b,1,"0,0",Sin emisión/remoción
444,2014,2,Actividades de quema de combustible,Industrias manufactureras y de la construcción,Metales no ferrosos,1A2b,1,"0,0",Sin emisión/remoción
445,2015,2,Actividades de quema de combustible,Industrias manufactureras y de la construcción,Metales no ferrosos,1A2b,1,"0,0",Sin emisión/remoción
446,2016,2,Actividades de quema de combustible,Industrias manufactureras y de la construcción,Metales no ferrosos,1A2b,1,"0,0",Sin emisión/remoción
447,2017,2,Actividades de quema de combustible,Industrias manufactureras y de la construcción,Metales no ferrosos,1A2b,1,"0,0",Sin emisión/remoción
448,2018,2,Actividades de quema de combustible,Industrias manufactureras y de la construcción,Metales no ferrosos,1A2b,1,"0,0",Sin emisión/remoción
449,2019,2,Actividades de quema de combustible,Industrias manufactureras y de la construcción,Metales no ferrosos,1A2b,1,"0,0",Sin emisión/remoción
450,2020,2,Actividades de quema de combustible,Industrias manufactureras y de la construcción,Metales no ferrosos,1A2b,1,"0,0",Sin emisión/remoción
451,2021,2,Actividades de quema de combustible,Industrias manufactureras y de la construcción,Metales no ferrosos,1A2b,1,"0,0",Sin emisión/remoción
452,2022,2,Actividades de quema de combustible,Industrias manufactureras y de la construcción,Metales no ferrosos,1A2b,1,"0,0",Sin emisión/remoción
453,1995,2,Actividades de quema de combustible,Industrias manufactureras y de la construcción,Metales no ferrosos,1A2b,4,"0,0",Sin emisión/remoción
454,1996,2,Actividades de quema de combustible,Industrias manufactureras y de la construcción,Metales no ferrosos,1A2b,4,"0,0",Sin emisión/remoción
455,1997,2,Actividades de quema de combustible,Industrias manufactureras y de la construcción,Metales no ferrosos,1A2b,4,"0,0",Sin emisión/remoción
456,1998,2,Actividades de quema de combustible,Industrias manufactureras y de la construcción,Metales no ferrosos,1A2b,4,"0,0",Sin emisión/remoción
457,1999,2,Actividades de quema de combustible,Industrias manufactureras y de la construcción,Metales no ferrosos,1A2b,4,"0,0",Sin emisión/remoción
458,2000,2,Actividades de quema de combustible,Industrias manufactureras y de la construcción,Metales no ferrosos,1A2b,4,"0,0",Sin emisión/remoción
459,2001,2,Actividades de quema de combustible,Industrias manufactureras y de la construcción,Metales no ferrosos,1A2b,4,"0,0",Sin emisión/remoción
460,2002,2,Actividades de quema de combustible,Industrias manufactureras y de la construcción,Metales no ferrosos,1A2b,4,"0,0",Sin emisión/remoción
461,2003,2,Actividades de quema de combustible,Industrias manufactureras y de la construcción,Metales no ferrosos,1A2b,4,"0,0",Sin emisión/remoción
462,2004,2,Actividades de quema de combustible,Industrias manufactureras y de la construcción,Metales no ferrosos,1A2b,4,"0,0",Sin emisión/remoción
463,2005,2,Actividades de quema de combustible,Industrias manufactureras y de la construcción,Metales no ferrosos,1A2b,4,"0,0",Sin emisión/remoción
464,2006,2,Actividades de quema de combustible,Industrias manufactureras y de la construcción,Metales no ferrosos,1A2b,4,"0,0",Sin emisión/remoción
465,2007,2,Actividades de quema de combustible,Industrias manufactureras y de la construcción,Metales no ferrosos,1A2b,4,"0,0",Sin emisión/remoción
466,2008,2,Actividades de quema de combustible,Industrias manufactureras y de la construcción,Metales no ferrosos,1A2b,4,"0,0",Sin emisión/remoción
467,2009,2,Actividades de quema de combustible,Industrias manufactureras y de la construcción,Metales no ferrosos,1A2b,4,"0,0",Sin emisión/remoción
468,2010,2,Actividades de quema de combustible,Industrias manufactureras y de la construcción,Metales no ferrosos,1A2b,4,"0,0",Sin emisión/remoción
469,2011,2,Actividades de quema de combustible,Industrias manufactureras y de la construcción,Metales no ferrosos,1A2b,4,"0,0",Sin emisión/remoción
470,2012,2,Actividades de quema de combustible,Industrias manufactureras y de la construcción,Metales no ferrosos,1A2b,4,"0,0",Sin emisión/remoción
471,2013,2,Actividades de quema de combustible,Industrias manufactureras y de la construcción,Metales no ferrosos,1A2b,4,"0,0",Sin emisión/remoción
472,2014,2,Actividades de quema de combustible,Industrias manufactureras y de la construcción,Metales no ferrosos,1A2b,4,"0,0",Sin emisión/remoción
473,2015,2,Actividades de quema de combustible,Industrias manufactureras y de la construcción,Metales no ferrosos,1A2b,4,"0,0",Sin emisión/remoción
474,2016,2,Actividades de quema de combustible,Industrias manufactureras y de la construcción,Metales no ferrosos,1A2b,4,"0,0",Sin emisión/remoción
475,2017,2,Actividades de quema de combustible,Industrias manufactureras y de la construcción,Metales no ferrosos,1A2b,4,"0,0",Sin emisión/remoción
476,2018,2,Actividades de quema de combustible,Industrias manufactureras y de la construcción,Metales no ferrosos,1A2b,4,"0,0",Sin emisión/remoción
477,2019,2,Actividades de quema de combustible,Industrias manufactureras y de la construcción,Metales no ferrosos,1A2b,4,"0,0",Sin emisión/remoción
478,2020,2,Actividades de quema de combustible,Industrias manufactureras y de la construcción,Metales no ferrosos,1A2b,4,"0,0",Sin emisión/remoción
479,2021,2,Actividades de quema de combustible,Industrias manufactureras y de la construcción,Metales no ferrosos,1A2b,4,"0,0",Sin emisión/remoción
480,2022,2,Actividades de quema de combustible,Industrias manufactureras y de la construcción,Metales no ferrosos,1A2b,4,"0,0",Sin emisión/remoción
481,1995,2,Actividades de quema de combustible,Industrias manufactureras y de la construcción,Productos químicos,1A2c,2,"1,89",Emisión
482,1996,2,Actividades de quema de combustible,Industrias manufactureras y de la construcción,Productos químicos,1A2c,2,"1,91",Emisión
483,1997,2,Actividades de quema de combustible,Industrias manufactureras y de la construcción,Productos químicos,1A2c,2,"1,81",Emisión
484,1998,2,Actividades de quema de combustible,Industrias manufactureras y de la construcción,Productos químicos,1A2c,2,"1,87",Emisión
485,1999,2,Actividades de quema de combustible,Industrias manufactureras y de la construcción,Productos químicos,1A2c,2,"1,88",Emisión
486,2000,2,Actividades de quema de combustible,Industrias manufactureras y de la construcción,Productos químicos,1A2c,2,"1,69",Emisión
487,2001,2,Actividades de quema de combustible,Industrias manufactureras y de la construcción,Productos químicos,1A2c,2,"1,29",Emisión
488,2002,2,Actividades de quema de combustible,Industrias manufactureras y de la construcción,Productos químicos,1A2c,2,"1,36",Emisión
489,2003,2,Actividades de quema de combustible,Industrias manufactureras y de la construcción,Productos químicos,1A2c,2,"1,03",Emisión
490,2004,2,Actividades de quema de combustible,Industrias manufactureras y de la construcción,Productos químicos,1A2c,2,"1,03",Emisión
491,2005,2,Actividades de quema de combustible,Industrias manufactureras y de la construcción,Productos químicos,1A2c,2,"1,32",Emisión
492,2006,2,Actividades de quema de combustible,Industrias manufactureras y de la construcción,Productos químicos,1A2c,2,"1,35",Emisión
493,2007,2,Actividades de quema de combustible,Industrias manufactureras y de la construcción,Productos químicos,1A2c,2,"1,36",Emisión
494,2008,2,Actividades de quema de combustible,Industrias manufactureras y de la construcción,Productos químicos,1A2c,2,"1,53",Emisión
495,2009,2,Actividades de quema de combustible,Industrias manufactureras y de la construcción,Productos químicos,1A2c,2,"1,44",Emisión
496,2010,2,Actividades de quema de combustible,Industrias manufactureras y de la construcción,Productos químicos,1A2c,2,"1,39",Emisión
497,2011,2,Actividades de quema de combustible,Industrias manufactureras y de la construcción,Productos químicos,1A2c,2,"1,34",Emisión
498,2012,2,Actividades de quema de combustible,Industrias manufactureras y de la construcción,Productos químicos,1A2c,2,"1,4",Emisión
499,2013,2,Actividades de quema de combustible,Industrias manufactureras y de la construcción,Productos químicos,1A2c,2,"1,34",Emisión
500,2014,2,Actividades de quema de combustible,Industrias manufactureras y de la construcción,Productos químicos,1A2c,2,"1,24",Emisión
501,2015,2,Actividades de quema de combustible,Industrias manufactureras y de la construcción,Productos químicos,1A2c,2,"1,31",Emisión
502,2016,2,Actividades de quema de combustible,Industrias manufactureras y de la construcción,Productos químicos,1A2c,2,"0,96",Emisión
503,2017,2,Actividades de quema de combustible,Industrias manufactureras y de la construcción,Productos químicos,1A2c,2,"1,14",Emisión
504,2018,2,Actividades de quema de combustible,Industrias manufactureras y de la construcción,Productos químicos,1A2c,2,"0,9",Emisión
505,2019,2,Actividades de quema de combustible,Industrias manufactureras y de la construcción,Productos químicos,1A2c,2,"0,73",Emisión
506,2020,2,Actividades de quema de combustible,Industrias manufactureras y de la construcción,Productos químicos,1A2c,2,"1,05",Emisión
507,2021,2,Actividades de quema de combustible,Industrias manufactureras y de la construcción,Productos químicos,1A2c,2,"1,13",Emisión
508,2022,2,Actividades de quema de combustible,Industrias manufactureras y de la construcción,Productos químicos,1A2c,2,"0,67",Emisión
509,1995,2,Actividades de quema de combustible,Industrias manufactureras y de la construcción,Productos químicos,1A2c,1,"0,0",Sin emisión/remoción
510,1996,2,Actividades de quema de combustible,Industrias manufactureras y de la construcción,Productos químicos,1A2c,1,"0,0",Sin emisión/remoción
511,1997,2,Actividades de quema de combustible,Industrias manufactureras y de la construcción,Productos químicos,1A2c,1,"0,0",Sin emisión/remoción
512,1998,2,Actividades de quema de combustible,Industrias manufactureras y de la construcción,Productos químicos,1A2c,1,"0,0",Sin emisión/remoción
513,1999,2,Actividades de quema de combustible,Industrias manufactureras y de la construcción,Productos químicos,1A2c,1,"0,0",Sin emisión/remoción
514,2000,2,Actividades de quema de combustible,Industrias manufactureras y de la construcción,Productos químicos,1A2c,1,"0,0",Sin emisión/remoción
515,2001,2,Actividades de quema de combustible,Industrias manufactureras y de la construcción,Productos químicos,1A2c,1,"0,0",Sin emisión/remoción
516,2002,2,Actividades de quema de combustible,Industrias manufactureras y de la construcción,Productos químicos,1A2c,1,"0,0",Sin emisión/remoción
517,2003,2,Actividades de quema de combustible,Industrias manufactureras y de la construcción,Productos químicos,1A2c,1,"0,0",Sin emisión/remoción
518,2004,2,Actividades de quema de combustible,Industrias manufactureras y de la construcción,Productos químicos,1A2c,1,"0,0",Sin emisión/remoción
519,2005,2,Actividades de quema de combustible,Industrias manufactureras y de la construcción,Productos químicos,1A2c,1,"0,0",Sin emisión/remoción
520,2006,2,Actividades de quema de combustible,Industrias manufactureras y de la construcción,Productos químicos,1A2c,1,"0,0",Sin emisión/remoción
521,2007,2,Actividades de quema de combustible,Industrias manufactureras y de la construcción,Productos químicos,1A2c,1,"0,0",Sin emisión/remoción
522,2008,2,Actividades de quema de combustible,Industrias manufactureras y de la construcción,Productos químicos,1A2c,1,"0,0",Sin emisión/remoción
523,2009,2,Actividades de quema de combustible,Industrias manufactureras y de la construcción,Productos químicos,1A2c,1,"0,0",Sin emisión/remoción
524,2010,2,Actividades de quema de combustible,Industrias manufactureras y de la construcción,Productos químicos,1A2c,1,"0,0",Sin emisión/remoción
525,2011,2,Actividades de quema de combustible,Industrias manufactureras y de la construcción,Productos químicos,1A2c,1,"0,0",Sin emisión/remoción
526,2012,2,Actividades de quema de combustible,Industrias manufactureras y de la construcción,Productos químicos,1A2c,1,"0,0",Sin emisión/remoción
527,2013,2,Actividades de quema de combustible,Industrias manufactureras y de la construcción,Productos químicos,1A2c,1,"0,0",Sin emisión/remoción
528,2014,2,Actividades de quema de combustible,Industrias manufactureras y de la construcción,Productos químicos,1A2c,1,"0,0",Sin emisión/remoción
529,2015,2,Actividades de quema de combustible,Industrias manufactureras y de la construcción,Productos químicos,1A2c,1,"0,0",Sin emisión/remoción
530,2016,2,Actividades de quema de combustible,Industrias manufactureras y de la construcción,Productos químicos,1A2c,1,"0,0",Sin emisión/remoción
531,2017,2,Actividades de quema de combustible,Industrias manufactureras y de la construcción,Productos químicos,1A2c,1,"0,0",Sin emisión/remoción
532,2018,2,Actividades de quema de combustible,Industrias manufactureras y de la construcción,Productos químicos,1A2c,1,"0,0",Sin emisión/remoción
533,2019,2,Actividades de quema de combustible,Industrias manufactureras y de la construcción,Productos químicos,1A2c,1,"0,0",Sin emisión/remoción
534,2020,2,Actividades de quema de combustible,Industrias manufactureras y de la construcción,Productos químicos,1A2c,1,"0,0",Sin emisión/remoción
535,2021,2,Actividades de quema de combustible,Industrias manufactureras y de la construcción,Productos químicos,1A2c,1,"0,0",Sin emisión/remoción
536,2022,2,Actividades de quema de combustible,Industrias manufactureras y de la construcción,Productos químicos,1A2c,1,"0,0",Sin emisión/remoción
537,1995,2,Actividades de quema de combustible,Industrias manufactureras y de la construcción,Productos químicos,1A2c,4,"0,0",Sin emisión/remoción
538,1996,2,Actividades de quema de combustible,Industrias manufactureras y de la construcción,Productos químicos,1A2c,4,"0,0",Sin emisión/remoción
539,1997,2,Actividades de quema de combustible,Industrias manufactureras y de la construcción,Productos químicos,1A2c,4,"0,0",Sin emisión/remoción
540,1998,2,Actividades de quema de combustible,Industrias manufactureras y de la construcción,Productos químicos,1A2c,4,"0,0",Sin emisión/remoción
541,1999,2,Actividades de quema de combustible,Industrias manufactureras y de la construcción,Productos químicos,1A2c,4,"0,0",Sin emisión/remoción
542,2000,2,Actividades de quema de combustible,Industrias manufactureras y de la construcción,Productos químicos,1A2c,4,"0,0",Sin emisión/remoción
543,2001,2,Actividades de quema de combustible,Industrias manufactureras y de la construcción,Productos químicos,1A2c,4,"0,0",Sin emisión/remoción
544,2002,2,Actividades de quema de combustible,Industrias manufactureras y de la construcción,Productos químicos,1A2c,4,"0,0",Sin emisión/remoción
545,2003,2,Actividades de quema de combustible,Industrias manufactureras y de la construcción,Productos químicos,1A2c,4,"0,0",Sin emisión/remoción
546,2004,2,Actividades de quema de combustible,Industrias manufactureras y de la construcción,Productos químicos,1A2c,4,"0,0",Sin emisión/remoción
547,2005,2,Actividades de quema de combustible,Industrias manufactureras y de la construcción,Productos químicos,1A2c,4,"0,0",Sin emisión/remoción
548,2006,2,Actividades de quema de combustible,Industrias manufactureras y de la construcción,Productos químicos,1A2c,4,"0,0",Sin emisión/remoción
549,2007,2,Actividades de quema de combustible,Industrias manufactureras y de la construcción,Productos químicos,1A2c,4,"0,0",Sin emisión/remoción
550,2008,2,Actividades de quema de combustible,Industrias manufactureras y de la construcción,Productos químicos,1A2c,4,"0,0",Sin emisión/remoción
551,2009,2,Actividades de quema de combustible,Industrias manufactureras y de la construcción,Productos químicos,1A2c,4,"0,0",Sin emisión/remoción
552,2010,2,Actividades de quema de combustible,Industrias manufactureras y de la construcción,Productos químicos,1A2c,4,"0,0",Sin emisión/remoción
553,2011,2,Actividades de quema de combustible,Industrias manufactureras y de la construcción,Productos químicos,1A2c,4,"0,0",Sin emisión/remoción
554,2012,2,Actividades de quema de combustible,Industrias manufactureras y de la construcción,Productos químicos,1A2c,4,"0,0",Sin emisión/remoción
555,2013,2,Actividades de quema de combustible,Industrias manufactureras y de la construcción,Productos químicos,1A2c,4,"0,0",Sin emisión/remoción
556,2014,2,Actividades de quema de combustible,Industrias manufactureras y de la construcción,Productos químicos,1A2c,4,"0,0",Sin emisión/remoción
557,2015,2,Actividades de quema de combustible,Industrias manufactureras y de la construcción,Productos químicos,1A2c,4,"0,0",Sin emisión/remoción
558,2016,2,Actividades de quema de combustible,Industrias manufactureras y de la construcción,Productos químicos,1A2c,4,"0,0",Sin emisión/remoción
559,2017,2,Actividades de quema de combustible,Industrias manufactureras y de la construcción,Productos químicos,1A2c,4,"0,0",Sin emisión/remoción
560,2018,2,Actividades de quema de combustible,Industrias manufactureras y de la construcción,Productos químicos,1A2c,4,"0,0",Sin emisión/remoción
561,2019,2,Actividades de quema de combustible,Industrias manufactureras y de la construcción,Productos químicos,1A2c,4,"0,0",Sin emisión/remoción
562,2020,2,Actividades de quema de combustible,Industrias manufactureras y de la construcción,Productos químicos,1A2c,4,"0,0",Sin emisión/remoción
563,2021,2,Actividades de quema de combustible,Industrias manufactureras y de la construcción,Productos químicos,1A2c,4,"0,0",Sin emisión/remoción
564,2022,2,Actividades de quema de combustible,Industrias manufactureras y de la construcción,Productos químicos,1A2c,4,"0,0",Sin emisión/remoción
565,1995,2,Actividades de quema de combustible,Industrias manufactureras y de la construcción,"Pulpa, papel e imprenta",1A2d,2,"0,72",Emisión
566,1996,2,Actividades de quema de combustible,Industrias manufactureras y de la construcción,"Pulpa, papel e imprenta",1A2d,2,"0,77",Emisión
567,1997,2,Actividades de quema de combustible,Industrias manufactureras y de la construcción,"Pulpa, papel e imprenta",1A2d,2,"0,77",Emisión
568,1998,2,Actividades de quema de combustible,Industrias manufactureras y de la construcción,"Pulpa, papel e imprenta",1A2d,2,"0,75",Emisión
569,1999,2,Actividades de quema de combustible,Industrias manufactureras y de la construcción,"Pulpa, papel e imprenta",1A2d,2,"0,63",Emisión
570,2000,2,Actividades de quema de combustible,Industrias manufactureras y de la construcción,"Pulpa, papel e imprenta",1A2d,2,"0,7",Emisión
571,2001,2,Actividades de quema de combustible,Industrias manufactureras y de la construcción,"Pulpa, papel e imprenta",1A2d,2,"0,61",Emisión
572,2002,2,Actividades de quema de combustible,Industrias manufactureras y de la construcción,"Pulpa, papel e imprenta",1A2d,2,"0,62",Emisión
573,2003,2,Actividades de quema de combustible,Industrias manufactureras y de la construcción,"Pulpa, papel e imprenta",1A2d,2,"0,68",Emisión
574,2004,2,Actividades de quema de combustible,Industrias manufactureras y de la construcción,"Pulpa, papel e imprenta",1A2d,2,"0,66",Emisión
575,2005,2,Actividades de quema de combustible,Industrias manufactureras y de la construcción,"Pulpa, papel e imprenta",1A2d,2,"0,69",Emisión
576,2006,2,Actividades de quema de combustible,Industrias manufactureras y de la construcción,"Pulpa, papel e imprenta",1A2d,2,"0,73",Emisión
577,2007,2,Actividades de quema de combustible,Industrias manufactureras y de la construcción,"Pulpa, papel e imprenta",1A2d,2,"0,66",Emisión
578,2008,2,Actividades de quema de combustible,Industrias manufactureras y de la construcción,"Pulpa, papel e imprenta",1A2d,2,"0,68",Emisión
579,2009,2,Actividades de quema de combustible,Industrias manufactureras y de la construcción,"Pulpa, papel e imprenta",1A2d,2,"0,68",Emisión
580,2010,2,Actividades de quema de combustible,Industrias manufactureras y de la construcción,"Pulpa, papel e imprenta",1A2d,2,"0,66",Emisión
581,2011,2,Actividades de quema de combustible,Industrias manufactureras y de la construcción,"Pulpa, papel e imprenta",1A2d,2,"0,63",Emisión
582,2012,2,Actividades de quema de combustible,Industrias manufactureras y de la construcción,"Pulpa, papel e imprenta",1A2d,2,"0,62",Emisión
583,2013,2,Actividades de quema de combustible,Industrias manufactureras y de la construcción,"Pulpa, papel e imprenta",1A2d,2,"0,64",Emisión
584,2014,2,Actividades de quema de combustible,Industrias manufactureras y de la construcción,"Pulpa, papel e imprenta",1A2d,2,"0,65",Emisión
585,2015,2,Actividades de quema de combustible,Industrias manufactureras y de la construcción,"Pulpa, papel e imprenta",1A2d,2,"0,7",Emisión
586,2016,2,Actividades de quema de combustible,Industrias manufactureras y de la construcción,"Pulpa, papel e imprenta",1A2d,2,"0,64",Emisión
587,2017,2,Actividades de quema de combustible,Industrias manufactureras y de la construcción,"Pulpa, papel e imprenta",1A2d,2,"0,65",Emisión
588,2018,2,Actividades de quema de combustible,Industrias manufactureras y de la construcción,"Pulpa, papel e imprenta",1A2d,2,"0,66",Emisión
589,2019,2,Actividades de quema de combustible,Industrias manufactureras y de la construcción,"Pulpa, papel e imprenta",1A2d,2,"0,63",Emisión
590,2020,2,Actividades de quema de combustible,Industrias manufactureras y de la construcción,"Pulpa, papel e imprenta",1A2d,2,"0,59",Emisión
591,2021,2,Actividades de quema de combustible,Industrias manufactureras y de la construcción,"Pulpa, papel e imprenta",1A2d,2,"0,64",Emisión
592,2022,2,Actividades de quema de combustible,Industrias manufactureras y de la construcción,"Pulpa, papel e imprenta",1A2d,2,"0,66",Emisión
593,1995,2,Actividades de quema de combustible,Industrias manufactureras y de la construcción,"Pulpa, papel e imprenta",1A2d,1,"0,0",Sin emisión/remoción
594,1996,2,Actividades de quema de combustible,Industrias manufactureras y de la construcción,"Pulpa, papel e imprenta",1A2d,1,"0,0",Sin emisión/remoción
595,1997,2,Actividades de quema de combustible,Industrias manufactureras y de la construcción,"Pulpa, papel e imprenta",1A2d,1,"0,0",Sin emisión/remoción
596,1998,2,Actividades de quema de combustible,Industrias manufactureras y de la construcción,"Pulpa, papel e imprenta",1A2d,1,"0,0",Sin emisión/remoción
597,1999,2,Actividades de quema de combustible,Industrias manufactureras y de la construcción,"Pulpa, papel e imprenta",1A2d,1,"0,0",Sin emisión/remoción
598,2000,2,Actividades de quema de combustible,Industrias manufactureras y de la construcción,"Pulpa, papel e imprenta",1A2d,1,"0,0",Sin emisión/remoción
599,2001,2,Actividades de quema de combustible,Industrias manufactureras y de la construcción,"Pulpa, papel e imprenta",1A2d,1,"0,0",Sin emisión/remoción
600,2002,2,Actividades de quema de combustible,Industrias manufactureras y de la construcción,"Pulpa, papel e imprenta",1A2d,1,"0,0",Sin emisión/remoción
601,2003,2,Actividades de quema de combustible,Industrias manufactureras y de la construcción,"Pulpa, papel e imprenta",1A2d,1,"0,0",Sin emisión/remoción
602,2004,2,Actividades de quema de combustible,Industrias manufactureras y de la construcción,"Pulpa, papel e imprenta",1A2d,1,"0,0",Sin emisión/remoción
603,2005,2,Actividades de quema de combustible,Industrias manufactureras y de la construcción,"Pulpa, papel e imprenta",1A2d,1,"0,0",Sin emisión/remoción
604,2006,2,Actividades de quema de combustible,Industrias manufactureras y de la construcción,"Pulpa, papel e imprenta",1A2d,1,"0,0",Sin emisión/remoción
605,2007,2,Actividades de quema de combustible,Industrias manufactureras y de la construcción,"Pulpa, papel e imprenta",1A2d,1,"0,0",Sin emisión/remoción
606,2008,2,Actividades de quema de combustible,Industrias manufactureras y de la construcción,"Pulpa, papel e imprenta",1A2d,1,"0,0",Sin emisión/remoción
607,2009,2,Actividades de quema de combustible,Industrias manufactureras y de la construcción,"Pulpa, papel e imprenta",1A2d,1,"0,0",Sin emisión/remoción
608,2010,2,Actividades de quema de combustible,Industrias manufactureras y de la construcción,"Pulpa, papel e imprenta",1A2d,1,"0,0",Sin emisión/remoción
609,2011,2,Actividades de quema de combustible,Industrias manufactureras y de la construcción,"Pulpa, papel e imprenta",1A2d,1,"0,0",Sin emisión/remoción
610,2012,2,Actividades de quema de combustible,Industrias manufactureras y de la construcción,"Pulpa, papel e imprenta",1A2d,1,"0,0",Sin emisión/remoción
611,2013,2,Actividades de quema de combustible,Industrias manufactureras y de la construcción,"Pulpa, papel e imprenta",1A2d,1,"0,0",Sin emisión/remoción
612,2014,2,Actividades de quema de combustible,Industrias manufactureras y de la construcción,"Pulpa, papel e imprenta",1A2d,1,"0,0",Sin emisión/remoción
613,2015,2,Actividades de quema de combustible,Industrias manufactureras y de la construcción,"Pulpa, papel e imprenta",1A2d,1,"0,0",Sin emisión/remoción
614,2016,2,Actividades de quema de combustible,Industrias manufactureras y de la construcción,"Pulpa, papel e imprenta",1A2d,1,"0,0",Sin emisión/remoción
615,2017,2,Actividades de quema de combustible,Industrias manufactureras y de la construcción,"Pulpa, papel e imprenta",1A2d,1,"0,0",Sin emisión/remoción
616,2018,2,Actividades de quema de combustible,Industrias manufactureras y de la construcción,"Pulpa, papel e imprenta",1A2d,1,"0,0",Sin emisión/remoción
617,2019,2,Actividades de quema de combustible,Industrias manufactureras y de la construcción,"Pulpa, papel e imprenta",1A2d,1,"0,0",Sin emisión/remoción
618,2020,2,Actividades de quema de combustible,Industrias manufactureras y de la construcción,"Pulpa, papel e imprenta",1A2d,1,"0,0",Sin emisión/remoción
619,2021,2,Actividades de quema de combustible,Industrias manufactureras y de la construcción,"Pulpa, papel e imprenta",1A2d,1,"0,0",Sin emisión/remoción
620,2022,2,Actividades de quema de combustible,Industrias manufactureras y de la construcción,"Pulpa, papel e imprenta",1A2d,1,"0,0",Sin emisión/remoción
621,1995,2,Actividades de quema de combustible,Industrias manufactureras y de la construcción,"Pulpa, papel e imprenta",1A2d,4,"0,0",Sin emisión/remoción
622,1996,2,Actividades de quema de combustible,Industrias manufactureras y de la construcción,"Pulpa, papel e imprenta",1A2d,4,"0,0",Sin emisión/remoción
623,1997,2,Actividades de quema de combustible,Industrias manufactureras y de la construcción,"Pulpa, papel e imprenta",1A2d,4,"0,0",Sin emisión/remoción
624,1998,2,Actividades de quema de combustible,Industrias manufactureras y de la construcción,"Pulpa, papel e imprenta",1A2d,4,"0,0",Sin emisión/remoción
625,1999,2,Actividades de quema de combustible,Industrias manufactureras y de la construcción,"Pulpa, papel e imprenta",1A2d,4,"0,0",Sin emisión/remoción
626,2000,2,Actividades de quema de combustible,Industrias manufactureras y de la construcción,"Pulpa, papel e imprenta",1A2d,4,"0,0",Sin emisión/remoción
627,2001,2,Actividades de quema de combustible,Industrias manufactureras y de la construcción,"Pulpa, papel e imprenta",1A2d,4,"0,0",Sin emisión/remoción
628,2002,2,Actividades de quema de combustible,Industrias manufactureras y de la construcción,"Pulpa, papel e imprenta",1A2d,4,"0,0",Sin emisión/remoción
629,2003,2,Actividades de quema de combustible,Industrias manufactureras y de la construcción,"Pulpa, papel e imprenta",1A2d,4,"0,0",Sin emisión/remoción
630,2004,2,Actividades de quema de combustible,Industrias manufactureras y de la construcción,"Pulpa, papel e imprenta",1A2d,4,"0,0",Sin emisión/remoción
631,2005,2,Actividades de quema de combustible,Industrias manufactureras y de la construcción,"Pulpa, papel e imprenta",1A2d,4,"0,0",Sin emisión/remoción
632,2006,2,Actividades de quema de combustible,Industrias manufactureras y de la construcción,"Pulpa, papel e imprenta",1A2d,4,"0,0",Sin emisión/remoción
633,2007,2,Actividades de quema de combustible,Industrias manufactureras y de la construcción,"Pulpa, papel e imprenta",1A2d,4,"0,0",Sin emisión/remoción
634,2008,2,Actividades de quema de combustible,Industrias manufactureras y de la construcción,"Pulpa, papel e imprenta",1A2d,4,"0,0",Sin emisión/remoción
635,2009,2,Actividades de quema de combustible,Industrias manufactureras y de la construcción,"Pulpa, papel e imprenta",1A2d,4,"0,0",Sin emisión/remoción
636,2010,2,Actividades de quema de combustible,Industrias manufactureras y de la construcción,"Pulpa, papel e imprenta",1A2d,4,"0,0",Sin emisión/remoción
637,2011,2,Actividades de quema de combustible,Industrias manufactureras y de la construcción,"Pulpa, papel e imprenta",1A2d,4,"0,0",Sin emisión/remoción
638,2012,2,Actividades de quema de combustible,Industrias manufactureras y de la construcción,"Pulpa, papel e imprenta",1A2d,4,"0,0",Sin emisión/remoción
639,2013,2,Actividades de quema de combustible,Industrias manufactureras y de la construcción,"Pulpa, papel e imprenta",1A2d,4,"0,0",Sin emisión/remoción
640,2014,2,Actividades de quema de combustible,Industrias manufactureras y de la construcción,"Pulpa, papel e imprenta",1A2d,4,"0,0",Sin emisión/remoción
641,2015,2,Actividades de quema de combustible,Industrias manufactureras y de la construcción,"Pulpa, papel e imprenta",1A2d,4,"0,0",Sin emisión/remoción
642,2016,2,Actividades de quema de combustible,Industrias manufactureras y de la construcción,"Pulpa, papel e imprenta",1A2d,4,"0,01",Emisión
643,2017,2,Actividades de quema de combustible,Industrias manufactureras y de la construcción,"Pulpa, papel e imprenta",1A2d,4,"0,0",Sin emisión/remoción
644,2018,2,Actividades de quema de combustible,Industrias manufactureras y de la construcción,"Pulpa, papel e imprenta",1A2d,4,"0,0",Sin emisión/remoción
645,2019,2,Actividades de quema de combustible,Industrias manufactureras y de la construcción,"Pulpa, papel e imprenta",1A2d,4,"0,0",Sin emisión/remoción
646,2020,2,Actividades de quema de combustible,Industrias manufactureras y de la construcción,"Pulpa, papel e imprenta",1A2d,4,"0,0",Sin emisión/remoción
647,2021,2,Actividades de quema de combustible,Industrias manufactureras y de la construcción,"Pulpa, papel e imprenta",1A2d,4,"0,0",Sin emisión/remoción
648,2022,2,Actividades de quema de combustible,Industrias manufactureras y de la construcción,"Pulpa, papel e imprenta",1A2d,4,"0,0",Sin emisión/remoción
649,1995,2,Actividades de quema de combustible,Industrias manufactureras y de la construcción,"Procesamiento de alimentos, bebidas y tabaco",1A2e,2,"1,87",Emisión
650,1996,2,Actividades de quema de combustible,Industrias manufactureras y de la construcción,"Procesamiento de alimentos, bebidas y tabaco",1A2e,2,"1,99",Emisión
651,1997,2,Actividades de quema de combustible,Industrias manufactureras y de la construcción,"Procesamiento de alimentos, bebidas y tabaco",1A2e,2,"1,99",Emisión
652,1998,2,Actividades de quema de combustible,Industrias manufactureras y de la construcción,"Procesamiento de alimentos, bebidas y tabaco",1A2e,2,"2,32",Emisión
653,1999,2,Actividades de quema de combustible,Industrias manufactureras y de la construcción,"Procesamiento de alimentos, bebidas y tabaco",1A2e,2,"2,48",Emisión
654,2000,2,Actividades de quema de combustible,Industrias manufactureras y de la construcción,"Procesamiento de alimentos, bebidas y tabaco",1A2e,2,"2,46",Emisión
655,2001,2,Actividades de quema de combustible,Industrias manufactureras y de la construcción,"Procesamiento de alimentos, bebidas y tabaco",1A2e,2,"2,46",Emisión
656,2002,2,Actividades de quema de combustible,Industrias manufactureras y de la construcción,"Procesamiento de alimentos, bebidas y tabaco",1A2e,2,"2,38",Emisión
657,2003,2,Actividades de quema de combustible,Industrias manufactureras y de la construcción,"Procesamiento de alimentos, bebidas y tabaco",1A2e,2,"2,43",Emisión
658,2004,2,Actividades de quema de combustible,Industrias manufactureras y de la construcción,"Procesamiento de alimentos, bebidas y tabaco",1A2e,2,"2,49",Emisión
659,2005,2,Actividades de quema de combustible,Industrias manufactureras y de la construcción,"Procesamiento de alimentos, bebidas y tabaco",1A2e,2,"2,73",Emisión
660,2006,2,Actividades de quema de combustible,Industrias manufactureras y de la construcción,"Procesamiento de alimentos, bebidas y tabaco",1A2e,2,"3,13",Emisión
661,2007,2,Actividades de quema de combustible,Industrias manufactureras y de la construcción,"Procesamiento de alimentos, bebidas y tabaco",1A2e,2,"2,85",Emisión
662,2008,2,Actividades de quema de combustible,Industrias manufactureras y de la construcción,"Procesamiento de alimentos, bebidas y tabaco",1A2e,2,"2,86",Emisión
663,2009,2,Actividades de quema de combustible,Industrias manufactureras y de la construcción,"Procesamiento de alimentos, bebidas y tabaco",1A2e,2,"3,05",Emisión
664,2010,2,Actividades de quema de combustible,Industrias manufactureras y de la construcción,"Procesamiento de alimentos, bebidas y tabaco",1A2e,2,"3,07",Emisión
665,2011,2,Actividades de quema de combustible,Industrias manufactureras y de la construcción,"Procesamiento de alimentos, bebidas y tabaco",1A2e,2,"3,29",Emisión
666,2012,2,Actividades de quema de combustible,Industrias manufactureras y de la construcción,"Procesamiento de alimentos, bebidas y tabaco",1A2e,2,"3,03",Emisión
667,2013,2,Actividades de quema de combustible,Industrias manufactureras y de la construcción,"Procesamiento de alimentos, bebidas y tabaco",1A2e,2,"3,07",Emisión
668,2014,2,Actividades de quema de combustible,Industrias manufactureras y de la construcción,"Procesamiento de alimentos, bebidas y tabaco",1A2e,2,"3,38",Emisión
669,2015,2,Actividades de quema de combustible,Industrias manufactureras y de la construcción,"Procesamiento de alimentos, bebidas y tabaco",1A2e,2,"3,71",Emisión
670,2016,2,Actividades de quema de combustible,Industrias manufactureras y de la construcción,"Procesamiento de alimentos, bebidas y tabaco",1A2e,2,"3,8",Emisión
671,2017,2,Actividades de quema de combustible,Industrias manufactureras y de la construcción,"Procesamiento de alimentos, bebidas y tabaco",1A2e,2,"3,91",Emisión
672,2018,2,Actividades de quema de combustible,Industrias manufactureras y de la construcción,"Procesamiento de alimentos, bebidas y tabaco",1A2e,2,"3,74",Emisión
673,2019,2,Actividades de quema de combustible,Industrias manufactureras y de la construcción,"Procesamiento de alimentos, bebidas y tabaco",1A2e,2,"3,56",Emisión
674,2020,2,Actividades de quema de combustible,Industrias manufactureras y de la construcción,"Procesamiento de alimentos, bebidas y tabaco",1A2e,2,"3,17",Emisión
675,2021,2,Actividades de quema de combustible,Industrias manufactureras y de la construcción,"Procesamiento de alimentos, bebidas y tabaco",1A2e,2,"3,61",Emisión
676,2022,2,Actividades de quema de combustible,Industrias manufactureras y de la construcción,"Procesamiento de alimentos, bebidas y tabaco",1A2e,2,"3,42",Emisión
677,1990,2,Actividades de quema de combustible,Industrias manufactureras y de la construcción,"Procesamiento de alimentos, bebidas y tabaco",1A2e,1,"0,0",Sin emisión/remoción
678,1991,2,Actividades de quema de combustible,Industrias manufactureras y de la construcción,"Procesamiento de alimentos, bebidas y tabaco",1A2e,1,"0,0",Sin emisión/remoción
679,1992,2,Actividades de quema de combustible,Industrias manufactureras y de la construcción,"Procesamiento de alimentos, bebidas y tabaco",1A2e,1,"0,0",Sin emisión/remoción
680,1993,2,Actividades de quema de combustible,Industrias manufactureras y de la construcción,"Procesamiento de alimentos, bebidas y tabaco",1A2e,1,"0,0",Sin emisión/remoción
681,1994,2,Actividades de quema de combustible,Industrias manufactureras y de la construcción,"Procesamiento de alimentos, bebidas y tabaco",1A2e,1,"0,0",Sin emisión/remoción
682,1995,2,Actividades de quema de combustible,Industrias manufactureras y de la construcción,"Procesamiento de alimentos, bebidas y tabaco",1A2e,1,"0,0",Sin emisión/remoción
683,1996,2,Actividades de quema de combustible,Industrias manufactureras y de la construcción,"Procesamiento de alimentos, bebidas y tabaco",1A2e,1,"0,0",Sin emisión/remoción
684,1997,2,Actividades de quema de combustible,Industrias manufactureras y de la construcción,"Procesamiento de alimentos, bebidas y tabaco",1A2e,1,"0,0",Sin emisión/remoción
685,1998,2,Actividades de quema de combustible,Industrias manufactureras y de la construcción,"Procesamiento de alimentos, bebidas y tabaco",1A2e,1,"0,0",Sin emisión/remoción
686,1999,2,Actividades de quema de combustible,Industrias manufactureras y de la construcción,"Procesamiento de alimentos, bebidas y tabaco",1A2e,1,"0,0",Sin emisión/remoción
687,2000,2,Actividades de quema de combustible,Industrias manufactureras y de la construcción,"Procesamiento de alimentos, bebidas y tabaco",1A2e,1,"0,0",Sin emisión/remoción
688,2001,2,Actividades de quema de combustible,Industrias manufactureras y de la construcción,"Procesamiento de alimentos, bebidas y tabaco",1A2e,1,"0,0",Sin emisión/remoción
689,2002,2,Actividades de quema de combustible,Industrias manufactureras y de la construcción,"Procesamiento de alimentos, bebidas y tabaco",1A2e,1,"0,0",Sin emisión/remoción
690,2003,2,Actividades de quema de combustible,Industrias manufactureras y de la construcción,"Procesamiento de alimentos, bebidas y tabaco",1A2e,1,"0,0",Sin emisión/remoción
691,2004,2,Actividades de quema de combustible,Industrias manufactureras y de la construcción,"Procesamiento de alimentos, bebidas y tabaco",1A2e,1,"0,01",Emisión
692,2005,2,Actividades de quema de combustible,Industrias manufactureras y de la construcción,"Procesamiento de alimentos, bebidas y tabaco",1A2e,1,"0,01",Emisión
693,2006,2,Actividades de quema de combustible,Industrias manufactureras y de la construcción,"Procesamiento de alimentos, bebidas y tabaco",1A2e,1,"0,01",Emisión
694,2007,2,Actividades de quema de combustible,Industrias manufactureras y de la construcción,"Procesamiento de alimentos, bebidas y tabaco",1A2e,1,"0,01",Emisión
695,2008,2,Actividades de quema de combustible,Industrias manufactureras y de la construcción,"Procesamiento de alimentos, bebidas y tabaco",1A2e,1,"0,01",Emisión
696,2009,2,Actividades de quema de combustible,Industrias manufactureras y de la construcción,"Procesamiento de alimentos, bebidas y tabaco",1A2e,1,"0,01",Emisión
697,2010,2,Actividades de quema de combustible,Industrias manufactureras y de la construcción,"Procesamiento de alimentos, bebidas y tabaco",1A2e,1,"0,01",Emisión
698,2011,2,Actividades de quema de combustible,Industrias manufactureras y de la construcción,"Procesamiento de alimentos, bebidas y tabaco",1A2e,1,"0,01",Emisión
699,2012,2,Actividades de quema de combustible,Industrias manufactureras y de la construcción,"Procesamiento de alimentos, bebidas y tabaco",1A2e,1,"0,01",Emisión
700,2013,2,Actividades de quema de combustible,Industrias manufactureras y de la construcción,"Procesamiento de alimentos, bebidas y tabaco",1A2e,1,"0,01",Emisión
701,2014,2,Actividades de quema de combustible,Industrias manufactureras y de la construcción,"Procesamiento de alimentos, bebidas y tabaco",1A2e,1,"0,01",Emisión
702,2015,2,Actividades de quema de combustible,Industrias manufactureras y de la construcción,"Procesamiento de alimentos, bebidas y tabaco",1A2e,1,"0,01",Emisión
703,2016,2,Actividades de quema de combustible,Industrias manufactureras y de la construcción,"Procesamiento de alimentos, bebidas y tabaco",1A2e,1,"0,02",Emisión
704,2017,2,Actividades de quema de combustible,Industrias manufactureras y de la construcción,"Procesamiento de alimentos, bebidas y tabaco",1A2e,1,"0,02",Emisión
705,2018,2,Actividades de quema de combustible,Industrias manufactureras y de la construcción,"Procesamiento de alimentos, bebidas y tabaco",1A2e,1,"0,02",Emisión
706,2019,2,Actividades de quema de combustible,Industrias manufactureras y de la construcción,"Procesamiento de alimentos, bebidas y tabaco",1A2e,1,"0,02",Emisión
707,2020,2,Actividades de quema de combustible,Industrias manufactureras y de la construcción,"Procesamiento de alimentos, bebidas y tabaco",1A2e,1,"0,02",Emisión
708,2021,2,Actividades de quema de combustible,Industrias manufactureras y de la construcción,"Procesamiento de alimentos, bebidas y tabaco",1A2e,1,"0,02",Emisión
709,2022,2,Actividades de quema de combustible,Industrias manufactureras y de la construcción,"Procesamiento de alimentos, bebidas y tabaco",1A2e,1,"0,02",Emisión
710,1990,2,Actividades de quema de combustible,Industrias manufactureras y de la construcción,"Procesamiento de alimentos, bebidas y tabaco",1A2e,4,"0,0",Sin emisión/remoción
711,1991,2,Actividades de quema de combustible,Industrias manufactureras y de la construcción,"Procesamiento de alimentos, bebidas y tabaco",1A2e,4,"0,0",Sin emisión/remoción
712,1992,2,Actividades de quema de combustible,Industrias manufactureras y de la construcción,"Procesamiento de alimentos, bebidas y tabaco",1A2e,4,"0,0",Sin emisión/remoción
713,1993,2,Actividades de quema de combustible,Industrias manufactureras y de la construcción,"Procesamiento de alimentos, bebidas y tabaco",1A2e,4,"0,0",Sin emisión/remoción
714,1994,2,Actividades de quema de combustible,Industrias manufactureras y de la construcción,"Procesamiento de alimentos, bebidas y tabaco",1A2e,4,"0,0",Sin emisión/remoción
715,1995,2,Actividades de quema de combustible,Industrias manufactureras y de la construcción,"Procesamiento de alimentos, bebidas y tabaco",1A2e,4,"0,0",Sin emisión/remoción
716,1996,2,Actividades de quema de combustible,Industrias manufactureras y de la construcción,"Procesamiento de alimentos, bebidas y tabaco",1A2e,4,"0,0",Sin emisión/remoción
717,1997,2,Actividades de quema de combustible,Industrias manufactureras y de la construcción,"Procesamiento de alimentos, bebidas y tabaco",1A2e,4,"0,0",Sin emisión/remoción
718,1998,2,Actividades de quema de combustible,Industrias manufactureras y de la construcción,"Procesamiento de alimentos, bebidas y tabaco",1A2e,4,"0,0",Sin emisión/remoción
719,1999,2,Actividades de quema de combustible,Industrias manufactureras y de la construcción,"Procesamiento de alimentos, bebidas y tabaco",1A2e,4,"0,0",Sin emisión/remoción
720,2000,2,Actividades de quema de combustible,Industrias manufactureras y de la construcción,"Procesamiento de alimentos, bebidas y tabaco",1A2e,4,"0,0",Sin emisión/remoción
721,2001,2,Actividades de quema de combustible,Industrias manufactureras y de la construcción,"Procesamiento de alimentos, bebidas y tabaco",1A2e,4,"0,0",Sin emisión/remoción
722,2002,2,Actividades de quema de combustible,Industrias manufactureras y de la construcción,"Procesamiento de alimentos, bebidas y tabaco",1A2e,4,"0,01",Emisión
723,2003,2,Actividades de quema de combustible,Industrias manufactureras y de la construcción,"Procesamiento de alimentos, bebidas y tabaco",1A2e,4,"0,01",Emisión
724,2004,2,Actividades de quema de combustible,Industrias manufactureras y de la construcción,"Procesamiento de alimentos, bebidas y tabaco",1A2e,4,"0,01",Emisión
725,2005,2,Actividades de quema de combustible,Industrias manufactureras y de la construcción,"Procesamiento de alimentos, bebidas y tabaco",1A2e,4,"0,01",Emisión
726,2006,2,Actividades de quema de combustible,Industrias manufactureras y de la construcción,"Procesamiento de alimentos, bebidas y tabaco",1A2e,4,"0,01",Emisión
727,2007,2,Actividades de quema de combustible,Industrias manufactureras y de la construcción,"Procesamiento de alimentos, bebidas y tabaco",1A2e,4,"0,01",Emisión
728,2008,2,Actividades de quema de combustible,Industrias manufactureras y de la construcción,"Procesamiento de alimentos, bebidas y tabaco",1A2e,4,"0,01",Emisión
729,2009,2,Actividades de quema de combustible,Industrias manufactureras y de la construcción,"Procesamiento de alimentos, bebidas y tabaco",1A2e,4,"0,01",Emisión
730,2010,2,Actividades de quema de combustible,Industrias manufactureras y de la construcción,"Procesamiento de alimentos, bebidas y tabaco",1A2e,4,"0,01",Emisión
731,2011,2,Actividades de quema de combustible,Industrias manufactureras y de la construcción,"Procesamiento de alimentos, bebidas y tabaco",1A2e,4,"0,01",Emisión
732,2012,2,Actividades de quema de combustible,Industrias manufactureras y de la construcción,"Procesamiento de alimentos, bebidas y tabaco",1A2e,4,"0,01",Emisión
733,2013,2,Actividades de quema de combustible,Industrias manufactureras y de la construcción,"Procesamiento de alimentos, bebidas y tabaco",1A2e,4,"0,01",Emisión
734,2014,2,Actividades de quema de combustible,Industrias manufactureras y de la construcción,"Procesamiento de alimentos, bebidas y tabaco",1A2e,4,"0,01",Emisión
735,2015,2,Actividades de quema de combustible,Industrias manufactureras y de la construcción,"Procesamiento de alimentos, bebidas y tabaco",1A2e,4,"0,01",Emisión
736,2016,2,Actividades de quema de combustible,Industrias manufactureras y de la construcción,"Procesamiento de alimentos, bebidas y tabaco",1A2e,4,"0,02",Emisión
737,2017,2,Actividades de quema de combustible,Industrias manufactureras y de la construcción,"Procesamiento de alimentos, bebidas y tabaco",1A2e,4,"0,02",Emisión
738,2018,2,Actividades de quema de combustible,Industrias manufactureras y de la construcción,"Procesamiento de alimentos, bebidas y tabaco",1A2e,4,"0,02",Emisión
739,2019,2,Actividades de quema de combustible,Industrias manufactureras y de la construcción,"Procesamiento de alimentos, bebidas y tabaco",1A2e,4,"0,02",Emisión
740,2020,2,Actividades de quema de combustible,Industrias manufactureras y de la construcción,"Procesamiento de alimentos, bebidas y tabaco",1A2e,4,"0,02",Emisión
741,2021,2,Actividades de quema de combustible,Industrias manufactureras y de la construcción,"Procesamiento de alimentos, bebidas y tabaco",1A2e,4,"0,03",Emisión
742,2022,2,Actividades de quema de combustible,Industrias manufactureras y de la construcción,"Procesamiento de alimentos, bebidas y tabaco",1A2e,4,"0,03",Emisión
743,1995,2,Actividades de quema de combustible,Industrias manufactureras y de la construcción,Minerales no metálicos,1A2f,2,"2,32",Emisión
744,1996,2,Actividades de quema de combustible,Industrias manufactureras y de la construcción,Minerales no metálicos,1A2f,2,"2,24",Emisión
745,1997,2,Actividades de quema de combustible,Industrias manufactureras y de la construcción,Minerales no metálicos,1A2f,2,"2,55",Emisión
746,1998,2,Actividades de quema de combustible,Industrias manufactureras y de la construcción,Minerales no metálicos,1A2f,2,"2,69",Emisión
747,1999,2,Actividades de quema de combustible,Industrias manufactureras y de la construcción,Minerales no metálicos,1A2f,2,"2,34",Emisión
748,2000,2,Actividades de quema de combustible,Industrias manufactureras y de la construcción,Minerales no metálicos,1A2f,2,"2,02",Emisión
749,2001,2,Actividades de quema de combustible,Industrias manufactureras y de la construcción,Minerales no metálicos,1A2f,2,"1,81",Emisión
750,2002,2,Actividades de quema de combustible,Industrias manufactureras y de la construcción,Minerales no metálicos,1A2f,2,"1,55",Emisión
751,2003,2,Actividades de quema de combustible,Industrias manufactureras y de la construcción,Minerales no metálicos,1A2f,2,"1,98",Emisión
752,2004,2,Actividades de quema de combustible,Industrias manufactureras y de la construcción,Minerales no metálicos,1A2f,2,"2,3",Emisión
753,2005,2,Actividades de quema de combustible,Industrias manufactureras y de la construcción,Minerales no metálicos,1A2f,2,"2,51",Emisión
754,2006,2,Actividades de quema de combustible,Industrias manufactureras y de la construcción,Minerales no metálicos,1A2f,2,"2,78",Emisión
755,2007,2,Actividades de quema de combustible,Industrias manufactureras y de la construcción,Minerales no metálicos,1A2f,2,"2,84",Emisión
756,2008,2,Actividades de quema de combustible,Industrias manufactureras y de la construcción,Minerales no metálicos,1A2f,2,"3,18",Emisión
757,2009,2,Actividades de quema de combustible,Industrias manufactureras y de la construcción,Minerales no metálicos,1A2f,2,"2,7",Emisión
758,2010,2,Actividades de quema de combustible,Industrias manufactureras y de la construcción,Minerales no metálicos,1A2f,2,"2,81",Emisión
759,2011,2,Actividades de quema de combustible,Industrias manufactureras y de la construcción,Minerales no metálicos,1A2f,2,"2,98",Emisión
760,2012,2,Actividades de quema de combustible,Industrias manufactureras y de la construcción,Minerales no metálicos,1A2f,2,"2,69",Emisión
761,2013,2,Actividades de quema de combustible,Industrias manufactureras y de la construcción,Minerales no metálicos,1A2f,2,"2,71",Emisión
762,2014,2,Actividades de quema de combustible,Industrias manufactureras y de la construcción,Minerales no metálicos,1A2f,2,"2,69",Emisión
763,2015,2,Actividades de quema de combustible,Industrias manufactureras y de la construcción,Minerales no metálicos,1A2f,2,"2,75",Emisión
764,2016,2,Actividades de quema de combustible,Industrias manufactureras y de la construcción,Minerales no metálicos,1A2f,2,"2,12",Emisión
765,2017,2,Actividades de quema de combustible,Industrias manufactureras y de la construcción,Minerales no metálicos,1A2f,2,"2,41",Emisión
766,2018,2,Actividades de quema de combustible,Industrias manufactureras y de la construcción,Minerales no metálicos,1A2f,2,"2,65",Emisión
767,2019,2,Actividades de quema de combustible,Industrias manufactureras y de la construcción,Minerales no metálicos,1A2f,2,"4,14",Emisión
768,2020,2,Actividades de quema de combustible,Industrias manufactureras y de la construcción,Minerales no metálicos,1A2f,2,"2,42",Emisión
769,2021,2,Actividades de quema de combustible,Industrias manufactureras y de la construcción,Minerales no metálicos,1A2f,2,"3,07",Emisión
770,2022,2,Actividades de quema de combustible,Industrias manufactureras y de la construcción,Minerales no metálicos,1A2f,2,"3,37",Emisión
771,1995,2,Actividades de quema de combustible,Industrias manufactureras y de la construcción,Minerales no metálicos,1A2f,1,"0,0",Sin emisión/remoción
772,1996,2,Actividades de quema de combustible,Industrias manufactureras y de la construcción,Minerales no metálicos,1A2f,1,"0,0",Sin emisión/remoción
773,1997,2,Actividades de quema de combustible,Industrias manufactureras y de la construcción,Minerales no metálicos,1A2f,1,"0,0",Sin emisión/remoción
774,1998,2,Actividades de quema de combustible,Industrias manufactureras y de la construcción,Minerales no metálicos,1A2f,1,"0,0",Sin emisión/remoción
775,1999,2,Actividades de quema de combustible,Industrias manufactureras y de la construcción,Minerales no metálicos,1A2f,1,"0,0",Sin emisión/remoción
776,2000,2,Actividades de quema de combustible,Industrias manufactureras y de la construcción,Minerales no metálicos,1A2f,1,"0,0",Sin emisión/remoción
777,2001,2,Actividades de quema de combustible,Industrias manufactureras y de la construcción,Minerales no metálicos,1A2f,1,"0,0",Sin emisión/remoción
778,2002,2,Actividades de quema de combustible,Industrias manufactureras y de la construcción,Minerales no metálicos,1A2f,1,"0,0",Sin emisión/remoción
779,2003,2,Actividades de quema de combustible,Industrias manufactureras y de la construcción,Minerales no metálicos,1A2f,1,"0,0",Sin emisión/remoción
780,2004,2,Actividades de quema de combustible,Industrias manufactureras y de la construcción,Minerales no metálicos,1A2f,1,"0,0",Sin emisión/remoción
781,2005,2,Actividades de quema de combustible,Industrias manufactureras y de la construcción,Minerales no metálicos,1A2f,1,"0,0",Sin emisión/remoción
782,2006,2,Actividades de quema de combustible,Industrias manufactureras y de la construcción,Minerales no metálicos,1A2f,1,"0,0",Sin emisión/remoción
783,2007,2,Actividades de quema de combustible,Industrias manufactureras y de la construcción,Minerales no metálicos,1A2f,1,"0,0",Sin emisión/remoción
784,2008,2,Actividades de quema de combustible,Industrias manufactureras y de la construcción,Minerales no metálicos,1A2f,1,"0,0",Sin emisión/remoción
785,2009,2,Actividades de quema de combustible,Industrias manufactureras y de la construcción,Minerales no metálicos,1A2f,1,"0,0",Sin emisión/remoción
786,2010,2,Actividades de quema de combustible,Industrias manufactureras y de la construcción,Minerales no metálicos,1A2f,1,"0,0",Sin emisión/remoción
787,2011,2,Actividades de quema de combustible,Industrias manufactureras y de la construcción,Minerales no metálicos,1A2f,1,"0,0",Sin emisión/remoción
788,2012,2,Actividades de quema de combustible,Industrias manufactureras y de la construcción,Minerales no metálicos,1A2f,1,"0,0",Sin emisión/remoción
789,2013,2,Actividades de quema de combustible,Industrias manufactureras y de la construcción,Minerales no metálicos,1A2f,1,"0,0",Sin emisión/remoción
790,2014,2,Actividades de quema de combustible,Industrias manufactureras y de la construcción,Minerales no metálicos,1A2f,1,"0,0",Sin emisión/remoción
791,2015,2,Actividades de quema de combustible,Industrias manufactureras y de la construcción,Minerales no metálicos,1A2f,1,"0,0",Sin emisión/remoción
792,2016,2,Actividades de quema de combustible,Industrias manufactureras y de la construcción,Minerales no metálicos,1A2f,1,"0,0",Sin emisión/remoción
793,2017,2,Actividades de quema de combustible,Industrias manufactureras y de la construcción,Minerales no metálicos,1A2f,1,"0,0",Sin emisión/remoción
794,2018,2,Actividades de quema de combustible,Industrias manufactureras y de la construcción,Minerales no metálicos,1A2f,1,"0,0",Sin emisión/remoción
795,2019,2,Actividades de quema de combustible,Industrias manufactureras y de la construcción,Minerales no metálicos,1A2f,1,"0,0",Sin emisión/remoción
796,2020,2,Actividades de quema de combustible,Industrias manufactureras y de la construcción,Minerales no metálicos,1A2f,1,"0,0",Sin emisión/remoción
797,2021,2,Actividades de quema de combustible,Industrias manufactureras y de la construcción,Minerales no metálicos,1A2f,1,"0,0",Sin emisión/remoción
798,2022,2,Actividades de quema de combustible,Industrias manufactureras y de la construcción,Minerales no metálicos,1A2f,1,"0,0",Sin emisión/remoción
799,1995,2,Actividades de quema de combustible,Industrias manufactureras y de la construcción,Minerales no metálicos,1A2f,4,"0,0",Sin emisión/remoción
800,1996,2,Actividades de quema de combustible,Industrias manufactureras y de la construcción,Minerales no metálicos,1A2f,4,"0,0",Sin emisión/remoción
801,1997,2,Actividades de quema de combustible,Industrias manufactureras y de la construcción,Minerales no metálicos,1A2f,4,"0,0",Sin emisión/remoción
802,1998,2,Actividades de quema de combustible,Industrias manufactureras y de la construcción,Minerales no metálicos,1A2f,4,"0,0",Sin emisión/remoción
803,1999,2,Actividades de quema de combustible,Industrias manufactureras y de la construcción,Minerales no metálicos,1A2f,4,"0,0",Sin emisión/remoción
804,2000,2,Actividades de quema de combustible,Industrias manufactureras y de la construcción,Minerales no metálicos,1A2f,4,"0,0",Sin emisión/remoción
805,2001,2,Actividades de quema de combustible,Industrias manufactureras y de la construcción,Minerales no metálicos,1A2f,4,"0,0",Sin emisión/remoción
806,2002,2,Actividades de quema de combustible,Industrias manufactureras y de la construcción,Minerales no metálicos,1A2f,4,"0,0",Sin emisión/remoción
807,2003,2,Actividades de quema de combustible,Industrias manufactureras y de la construcción,Minerales no metálicos,1A2f,4,"0,0",Sin emisión/remoción
808,2004,2,Actividades de quema de combustible,Industrias manufactureras y de la construcción,Minerales no metálicos,1A2f,4,"0,0",Sin emisión/remoción
809,2005,2,Actividades de quema de combustible,Industrias manufactureras y de la construcción,Minerales no metálicos,1A2f,4,"0,0",Sin emisión/remoción
810,2006,2,Actividades de quema de combustible,Industrias manufactureras y de la construcción,Minerales no metálicos,1A2f,4,"0,0",Sin emisión/remoción
811,2007,2,Actividades de quema de combustible,Industrias manufactureras y de la construcción,Minerales no metálicos,1A2f,4,"0,0",Sin emisión/remoción
812,2008,2,Actividades de quema de combustible,Industrias manufactureras y de la construcción,Minerales no metálicos,1A2f,4,"0,0",Sin emisión/remoción
813,2009,2,Actividades de quema de combustible,Industrias manufactureras y de la construcción,Minerales no metálicos,1A2f,4,"0,0",Sin emisión/remoción
814,2010,2,Actividades de quema de combustible,Industrias manufactureras y de la construcción,Minerales no metálicos,1A2f,4,"0,0",Sin emisión/remoción
815,2011,2,Actividades de quema de combustible,Industrias manufactureras y de la construcción,Minerales no metálicos,1A2f,4,"0,0",Sin emisión/remoción
816,2012,2,Actividades de quema de combustible,Industrias manufactureras y de la construcción,Minerales no metálicos,1A2f,4,"0,0",Sin emisión/remoción
817,2013,2,Actividades de quema de combustible,Industrias manufactureras y de la construcción,Minerales no metálicos,1A2f,4,"0,0",Sin emisión/remoción
818,2014,2,Actividades de quema de combustible,Industrias manufactureras y de la construcción,Minerales no metálicos,1A2f,4,"0,0",Sin emisión/remoción
819,2015,2,Actividades de quema de combustible,Industrias manufactureras y de la construcción,Minerales no metálicos,1A2f,4,"0,0",Sin emisión/remoción
820,2016,2,Actividades de quema de combustible,Industrias manufactureras y de la construcción,Minerales no metálicos,1A2f,4,"0,0",Sin emisión/remoción
821,2017,2,Actividades de quema de combustible,Industrias manufactureras y de la construcción,Minerales no metálicos,1A2f,4,"0,0",Sin emisión/remoción
822,2018,2,Actividades de quema de combustible,Industrias manufactureras y de la construcción,Minerales no metálicos,1A2f,4,"0,0",Sin emisión/remoción
823,2019,2,Actividades de quema de combustible,Industrias manufactureras y de la construcción,Minerales no metálicos,1A2f,4,"0,0",Sin emisión/remoción
824,2020,2,Actividades de quema de combustible,Industrias manufactureras y de la construcción,Minerales no metálicos,1A2f,4,"0,0",Sin emisión/remoción
825,2021,2,Actividades de quema de combustible,Industrias manufactureras y de la construcción,Minerales no metálicos,1A2f,4,"0,0",Sin emisión/remoción
826,2022,2,Actividades de quema de combustible,Industrias manufactureras y de la construcción,Minerales no metálicos,1A2f,4,"0,0",Sin emisión/remoción
827,1995,2,Actividades de quema de combustible,Industrias manufactureras y de la construcción,Equipo de transporte,1A2gii,2,"0,16",Emisión
828,1996,2,Actividades de quema de combustible,Industrias manufactureras y de la construcción,Equipo de transporte,1A2gii,2,"0,15",Emisión
829,1997,2,Actividades de quema de combustible,Industrias manufactureras y de la construcción,Equipo de transporte,1A2gii,2,"0,18",Emisión
830,1998,2,Actividades de quema de combustible,Industrias manufactureras y de la construcción,Equipo de transporte,1A2gii,2,"0,19",Emisión
831,1999,2,Actividades de quema de combustible,Industrias manufactureras y de la construcción,Equipo de transporte,1A2gii,2,"0,15",Emisión
832,2000,2,Actividades de quema de combustible,Industrias manufactureras y de la construcción,Equipo de transporte,1A2gii,2,"0,15",Emisión
833,2001,2,Actividades de quema de combustible,Industrias manufactureras y de la construcción,Equipo de transporte,1A2gii,2,"0,11",Emisión
834,2002,2,Actividades de quema de combustible,Industrias manufactureras y de la construcción,Equipo de transporte,1A2gii,2,"0,08",Emisión
835,2003,2,Actividades de quema de combustible,Industrias manufactureras y de la construcción,Equipo de transporte,1A2gii,2,"0,08",Emisión
836,2004,2,Actividades de quema de combustible,Industrias manufactureras y de la construcción,Equipo de transporte,1A2gii,2,"0,08",Emisión
837,2005,2,Actividades de quema de combustible,Industrias manufactureras y de la construcción,Equipo de transporte,1A2gii,2,"0,1",Emisión
838,2006,2,Actividades de quema de combustible,Industrias manufactureras y de la construcción,Equipo de transporte,1A2gii,2,"0,11",Emisión
839,2007,2,Actividades de quema de combustible,Industrias manufactureras y de la construcción,Equipo de transporte,1A2gii,2,"0,11",Emisión
840,2008,2,Actividades de quema de combustible,Industrias manufactureras y de la construcción,Equipo de transporte,1A2gii,2,"0,13",Emisión
841,2009,2,Actividades de quema de combustible,Industrias manufactureras y de la construcción,Equipo de transporte,1A2gii,2,"0,1",Emisión
842,2010,2,Actividades de quema de combustible,Industrias manufactureras y de la construcción,Equipo de transporte,1A2gii,2,"0,12",Emisión
843,2011,2,Actividades de quema de combustible,Industrias manufactureras y de la construcción,Equipo de transporte,1A2gii,2,"0,13",Emisión
844,2012,2,Actividades de quema de combustible,Industrias manufactureras y de la construcción,Equipo de transporte,1A2gii,2,"0,12",Emisión
845,2013,2,Actividades de quema de combustible,Industrias manufactureras y de la construcción,Equipo de transporte,1A2gii,2,"0,12",Emisión
846,2014,2,Actividades de quema de combustible,Industrias manufactureras y de la construcción,Equipo de transporte,1A2gii,2,"0,09",Emisión
847,2015,2,Actividades de quema de combustible,Industrias manufactureras y de la construcción,Equipo de transporte,1A2gii,2,"0,1",Emisión
848,2016,2,Actividades de quema de combustible,Industrias manufactureras y de la construcción,Equipo de transporte,1A2gii,2,"0,1",Emisión
849,2017,2,Actividades de quema de combustible,Industrias manufactureras y de la construcción,Equipo de transporte,1A2gii,2,"0,1",Emisión
850,2018,2,Actividades de quema de combustible,Industrias manufactureras y de la construcción,Equipo de transporte,1A2gii,2,"0,1",Emisión
851,2019,2,Actividades de quema de combustible,Industrias manufactureras y de la construcción,Equipo de transporte,1A2gii,2,"0,09",Emisión
852,2020,2,Actividades de quema de combustible,Industrias manufactureras y de la construcción,Equipo de transporte,1A2gii,2,"0,07",Emisión
853,2021,2,Actividades de quema de combustible,Industrias manufactureras y de la construcción,Equipo de transporte,1A2gii,2,"0,09",Emisión
854,2022,2,Actividades de quema de combustible,Industrias manufactureras y de la construcción,Equipo de transporte,1A2gii,2,"0,1",Emisión
855,1995,2,Actividades de quema de combustible,Industrias manufactureras y de la construcción,Equipo de transporte,1A2gii,1,"0,0",Sin emisión/remoción
856,1996,2,Actividades de quema de combustible,Industrias manufactureras y de la construcción,Equipo de transporte,1A2gii,1,"0,0",Sin emisión/remoción
857,1997,2,Actividades de quema de combustible,Industrias manufactureras y de la construcción,Equipo de transporte,1A2gii,1,"0,0",Sin emisión/remoción
858,1998,2,Actividades de quema de combustible,Industrias manufactureras y de la construcción,Equipo de transporte,1A2gii,1,"0,0",Sin emisión/remoción
859,1999,2,Actividades de quema de combustible,Industrias manufactureras y de la construcción,Equipo de transporte,1A2gii,1,"0,0",Sin emisión/remoción
860,2000,2,Actividades de quema de combustible,Industrias manufactureras y de la construcción,Equipo de transporte,1A2gii,1,"0,0",Sin emisión/remoción
861,2001,2,Actividades de quema de combustible,Industrias manufactureras y de la construcción,Equipo de transporte,1A2gii,1,"0,0",Sin emisión/remoción
862,2002,2,Actividades de quema de combustible,Industrias manufactureras y de la construcción,Equipo de transporte,1A2gii,1,"0,0",Sin emisión/remoción
863,2003,2,Actividades de quema de combustible,Industrias manufactureras y de la construcción,Equipo de transporte,1A2gii,1,"0,0",Sin emisión/remoción
864,2004,2,Actividades de quema de combustible,Industrias manufactureras y de la construcción,Equipo de transporte,1A2gii,1,"0,0",Sin emisión/remoción
865,2005,2,Actividades de quema de combustible,Industrias manufactureras y de la construcción,Equipo de transporte,1A2gii,1,"0,0",Sin emisión/remoción
866,2006,2,Actividades de quema de combustible,Industrias manufactureras y de la construcción,Equipo de transporte,1A2gii,1,"0,0",Sin emisión/remoción
867,2007,2,Actividades de quema de combustible,Industrias manufactureras y de la construcción,Equipo de transporte,1A2gii,1,"0,0",Sin emisión/remoción
868,2008,2,Actividades de quema de combustible,Industrias manufactureras y de la construcción,Equipo de transporte,1A2gii,1,"0,0",Sin emisión/remoción
869,2009,2,Actividades de quema de combustible,Industrias manufactureras y de la construcción,Equipo de transporte,1A2gii,1,"0,0",Sin emisión/remoción
870,2010,2,Actividades de quema de combustible,Industrias manufactureras y de la construcción,Equipo de transporte,1A2gii,1,"0,0",Sin emisión/remoción
871,2011,2,Actividades de quema de combustible,Industrias manufactureras y de la construcción,Equipo de transporte,1A2gii,1,"0,0",Sin emisión/remoción
872,2012,2,Actividades de quema de combustible,Industrias manufactureras y de la construcción,Equipo de transporte,1A2gii,1,"0,0",Sin emisión/remoción
873,2013,2,Actividades de quema de combustible,Industrias manufactureras y de la construcción,Equipo de transporte,1A2gii,1,"0,0",Sin emisión/remoción
874,2014,2,Actividades de quema de combustible,Industrias manufactureras y de la construcción,Equipo de transporte,1A2gii,1,"0,0",Sin emisión/remoción
875,2015,2,Actividades de quema de combustible,Industrias manufactureras y de la construcción,Equipo de transporte,1A2gii,1,"0,0",Sin emisión/remoción
876,2016,2,Actividades de quema de combustible,Industrias manufactureras y de la construcción,Equipo de transporte,1A2gii,1,"0,0",Sin emisión/remoción
877,2017,2,Actividades de quema de combustible,Industrias manufactureras y de la construcción,Equipo de transporte,1A2gii,1,"0,0",Sin emisión/remoción
878,2018,2,Actividades de quema de combustible,Industrias manufactureras y de la construcción,Equipo de transporte,1A2gii,1,"0,0",Sin emisión/remoción
879,2019,2,Actividades de quema de combustible,Industrias manufactureras y de la construcción,Equipo de transporte,1A2gii,1,"0,0",Sin emisión/remoción
880,2020,2,Actividades de quema de combustible,Industrias manufactureras y de la construcción,Equipo de transporte,1A2gii,1,"0,0",Sin emisión/remoción
881,2021,2,Actividades de quema de combustible,Industrias manufactureras y de la construcción,Equipo de transporte,1A2gii,1,"0,0",Sin emisión/remoción
882,2022,2,Actividades de quema de combustible,Industrias manufactureras y de la construcción,Equipo de transporte,1A2gii,1,"0,0",Sin emisión/remoción
883,1995,2,Actividades de quema de combustible,Industrias manufactureras y de la construcción,Equipo de transporte,1A2gii,4,"0,0",Sin emisión/remoción
884,1996,2,Actividades de quema de combustible,Industrias manufactureras y de la construcción,Equipo de transporte,1A2gii,4,"0,0",Sin emisión/remoción
885,1997,2,Actividades de quema de combustible,Industrias manufactureras y de la construcción,Equipo de transporte,1A2gii,4,"0,0",Sin emisión/remoción
886,1998,2,Actividades de quema de combustible,Industrias manufactureras y de la construcción,Equipo de transporte,1A2gii,4,"0,0",Sin emisión/remoción
887,1999,2,Actividades de quema de combustible,Industrias manufactureras y de la construcción,Equipo de transporte,1A2gii,4,"0,0",Sin emisión/remoción
888,2000,2,Actividades de quema de combustible,Industrias manufactureras y de la construcción,Equipo de transporte,1A2gii,4,"0,0",Sin emisión/remoción
889,2001,2,Actividades de quema de combustible,Industrias manufactureras y de la construcción,Equipo de transporte,1A2gii,4,"0,0",Sin emisión/remoción
890,2002,2,Actividades de quema de combustible,Industrias manufactureras y de la construcción,Equipo de transporte,1A2gii,4,"0,0",Sin emisión/remoción
891,2003,2,Actividades de quema de combustible,Industrias manufactureras y de la construcción,Equipo de transporte,1A2gii,4,"0,0",Sin emisión/remoción
892,2004,2,Actividades de quema de combustible,Industrias manufactureras y de la construcción,Equipo de transporte,1A2gii,4,"0,0",Sin emisión/remoción
893,2005,2,Actividades de quema de combustible,Industrias manufactureras y de la construcción,Equipo de transporte,1A2gii,4,"0,0",Sin emisión/remoción
894,2006,2,Actividades de quema de combustible,Industrias manufactureras y de la construcción,Equipo de transporte,1A2gii,4,"0,0",Sin emisión/remoción
895,2007,2,Actividades de quema de combustible,Industrias manufactureras y de la construcción,Equipo de transporte,1A2gii,4,"0,0",Sin emisión/remoción
896,2008,2,Actividades de quema de combustible,Industrias manufactureras y de la construcción,Equipo de transporte,1A2gii,4,"0,0",Sin emisión/remoción
897,2009,2,Actividades de quema de combustible,Industrias manufactureras y de la construcción,Equipo de transporte,1A2gii,4,"0,0",Sin emisión/remoción
898,2010,2,Actividades de quema de combustible,Industrias manufactureras y de la construcción,Equipo de transporte,1A2gii,4,"0,0",Sin emisión/remoción
899,2011,2,Actividades de quema de combustible,Industrias manufactureras y de la construcción,Equipo de transporte,1A2gii,4,"0,0",Sin emisión/remoción
900,2012,2,Actividades de quema de combustible,Industrias manufactureras y de la construcción,Equipo de transporte,1A2gii,4,"0,0",Sin emisión/remoción
901,2013,2,Actividades de quema de combustible,Industrias manufactureras y de la construcción,Equipo de transporte,1A2gii,4,"0,0",Sin emisión/remoción
902,2014,2,Actividades de quema de combustible,Industrias manufactureras y de la construcción,Equipo de transporte,1A2gii,4,"0,0",Sin emisión/remoción
903,2015,2,Actividades de quema de combustible,Industrias manufactureras y de la construcción,Equipo de transporte,1A2gii,4,"0,0",Sin emisión/remoción
904,2016,2,Actividades de quema de combustible,Industrias manufactureras y de la construcción,Equipo de transporte,1A2gii,4,"0,0",Sin emisión/remoción
905,2017,2,Actividades de quema de combustible,Industrias manufactureras y de la construcción,Equipo de transporte,1A2gii,4,"0,0",Sin emisión/remoción
906,2018,2,Actividades de quema de combustible,Industrias manufactureras y de la construcción,Equipo de transporte,1A2gii,4,"0,0",Sin emisión/remoción
907,2019,2,Actividades de quema de combustible,Industrias manufactureras y de la construcción,Equipo de transporte,1A2gii,4,"0,0",Sin emisión/remoción
908,2020,2,Actividades de quema de combustible,Industrias manufactureras y de la construcción,Equipo de transporte,1A2gii,4,"0,0",Sin emisión/remoción
909,2021,2,Actividades de quema de combustible,Industrias manufactureras y de la construcción,Equipo de transporte,1A2gii,4,"0,0",Sin emisión/remoción
910,2022,2,Actividades de quema de combustible,Industrias manufactureras y de la construcción,Equipo de transporte,1A2gii,4,"0,0",Sin emisión/remoción
911,1995,2,Actividades de quema de combustible,Industrias manufactureras y de la construcción,Madera y productos de madera,1A2giv,2,"0,07",Emisión
912,1996,2,Actividades de quema de combustible,Industrias manufactureras y de la construcción,Madera y productos de madera,1A2giv,2,"0,07",Emisión
913,1997,2,Actividades de quema de combustible,Industrias manufactureras y de la construcción,Madera y productos de madera,1A2giv,2,"0,08",Emisión
914,1998,2,Actividades de quema de combustible,Industrias manufactureras y de la construcción,Madera y productos de madera,1A2giv,2,"0,08",Emisión
915,1999,2,Actividades de quema de combustible,Industrias manufactureras y de la construcción,Madera y productos de madera,1A2giv,2,"0,08",Emisión
916,2000,2,Actividades de quema de combustible,Industrias manufactureras y de la construcción,Madera y productos de madera,1A2giv,2,"0,09",Emisión
917,2001,2,Actividades de quema de combustible,Industrias manufactureras y de la construcción,Madera y productos de madera,1A2giv,2,"0,07",Emisión
918,2002,2,Actividades de quema de combustible,Industrias manufactureras y de la construcción,Madera y productos de madera,1A2giv,2,"0,08",Emisión
919,2003,2,Actividades de quema de combustible,Industrias manufactureras y de la construcción,Madera y productos de madera,1A2giv,2,"0,09",Emisión
920,2004,2,Actividades de quema de combustible,Industrias manufactureras y de la construcción,Madera y productos de madera,1A2giv,2,"0,08",Emisión
921,2005,2,Actividades de quema de combustible,Industrias manufactureras y de la construcción,Madera y productos de madera,1A2giv,2,"0,06",Emisión
922,2006,2,Actividades de quema de combustible,Industrias manufactureras y de la construcción,Madera y productos de madera,1A2giv,2,"0,06",Emisión
923,2007,2,Actividades de quema de combustible,Industrias manufactureras y de la construcción,Madera y productos de madera,1A2giv,2,"0,06",Emisión
924,2008,2,Actividades de quema de combustible,Industrias manufactureras y de la construcción,Madera y productos de madera,1A2giv,2,"0,06",Emisión
925,2009,2,Actividades de quema de combustible,Industrias manufactureras y de la construcción,Madera y productos de madera,1A2giv,2,"0,06",Emisión
926,2010,2,Actividades de quema de combustible,Industrias manufactureras y de la construcción,Madera y productos de madera,1A2giv,2,"0,07",Emisión
927,2011,2,Actividades de quema de combustible,Industrias manufactureras y de la construcción,Madera y productos de madera,1A2giv,2,"0,06",Emisión
928,2012,2,Actividades de quema de combustible,Industrias manufactureras y de la construcción,Madera y productos de madera,1A2giv,2,"0,05",Emisión
929,2013,2,Actividades de quema de combustible,Industrias manufactureras y de la construcción,Madera y productos de madera,1A2giv,2,"0,05",Emisión
930,2014,2,Actividades de quema de combustible,Industrias manufactureras y de la construcción,Madera y productos de madera,1A2giv,2,"0,04",Emisión
931,2015,2,Actividades de quema de combustible,Industrias manufactureras y de la construcción,Madera y productos de madera,1A2giv,2,"0,04",Emisión
932,2016,2,Actividades de quema de combustible,Industrias manufactureras y de la construcción,Madera y productos de madera,1A2giv,2,"0,03",Emisión
933,2017,2,Actividades de quema de combustible,Industrias manufactureras y de la construcción,Madera y productos de madera,1A2giv,2,"0,03",Emisión
934,2018,2,Actividades de quema de combustible,Industrias manufactureras y de la construcción,Madera y productos de madera,1A2giv,2,"0,02",Emisión
935,2019,2,Actividades de quema de combustible,Industrias manufactureras y de la construcción,Madera y productos de madera,1A2giv,2,"0,02",Emisión
936,2020,2,Actividades de quema de combustible,Industrias manufactureras y de la construcción,Madera y productos de madera,1A2giv,2,"0,01",Emisión
937,2021,2,Actividades de quema de combustible,Industrias manufactureras y de la construcción,Madera y productos de madera,1A2giv,2,"0,01",Emisión
938,2022,2,Actividades de quema de combustible,Industrias manufactureras y de la construcción,Madera y productos de madera,1A2giv,2,"0,01",Emisión
939,1995,2,Actividades de quema de combustible,Industrias manufactureras y de la construcción,Madera y productos de madera,1A2giv,1,"0,0",Sin emisión/remoción
940,1996,2,Actividades de quema de combustible,Industrias manufactureras y de la construcción,Madera y productos de madera,1A2giv,1,"0,0",Sin emisión/remoción
941,1997,2,Actividades de quema de combustible,Industrias manufactureras y de la construcción,Madera y productos de madera,1A2giv,1,"0,0",Sin emisión/remoción
942,1998,2,Actividades de quema de combustible,Industrias manufactureras y de la construcción,Madera y productos de madera,1A2giv,1,"0,0",Sin emisión/remoción
943,1999,2,Actividades de quema de combustible,Industrias manufactureras y de la construcción,Madera y productos de madera,1A2giv,1,"0,0",Sin emisión/remoción
944,2000,2,Actividades de quema de combustible,Industrias manufactureras y de la construcción,Madera y productos de madera,1A2giv,1,"0,0",Sin emisión/remoción
945,2001,2,Actividades de quema de combustible,Industrias manufactureras y de la construcción,Madera y productos de madera,1A2giv,1,"0,0",Sin emisión/remoción
946,2002,2,Actividades de quema de combustible,Industrias manufactureras y de la construcción,Madera y productos de madera,1A2giv,1,"0,0",Sin emisión/remoción
947,2003,2,Actividades de quema de combustible,Industrias manufactureras y de la construcción,Madera y productos de madera,1A2giv,1,"0,0",Sin emisión/remoción
948,2004,2,Actividades de quema de combustible,Industrias manufactureras y de la construcción,Madera y productos de madera,1A2giv,1,"0,0",Sin emisión/remoción
949,2005,2,Actividades de quema de combustible,Industrias manufactureras y de la construcción,Madera y productos de madera,1A2giv,1,"0,0",Sin emisión/remoción
950,2006,2,Actividades de quema de combustible,Industrias manufactureras y de la construcción,Madera y productos de madera,1A2giv,1,"0,0",Sin emisión/remoción
951,2007,2,Actividades de quema de combustible,Industrias manufactureras y de la construcción,Madera y productos de madera,1A2giv,1,"0,0",Sin emisión/remoción
952,2008,2,Actividades de quema de combustible,Industrias manufactureras y de la construcción,Madera y productos de madera,1A2giv,1,"0,0",Sin emisión/remoción
953,2009,2,Actividades de quema de combustible,Industrias manufactureras y de la construcción,Madera y productos de madera,1A2giv,1,"0,0",Sin emisión/remoción
954,2010,2,Actividades de quema de combustible,Industrias manufactureras y de la construcción,Madera y productos de madera,1A2giv,1,"0,0",Sin emisión/remoción
955,2011,2,Actividades de quema de combustible,Industrias manufactureras y de la construcción,Madera y productos de madera,1A2giv,1,"0,0",Sin emisión/remoción
956,2012,2,Actividades de quema de combustible,Industrias manufactureras y de la construcción,Madera y productos de madera,1A2giv,1,"0,0",Sin emisión/remoción
957,2013,2,Actividades de quema de combustible,Industrias manufactureras y de la construcción,Madera y productos de madera,1A2giv,1,"0,0",Sin emisión/remoción
958,2014,2,Actividades de quema de combustible,Industrias manufactureras y de la construcción,Madera y productos de madera,1A2giv,1,"0,0",Sin emisión/remoción
959,2015,2,Actividades de quema de combustible,Industrias manufactureras y de la construcción,Madera y productos de madera,1A2giv,1,"0,0",Sin emisión/remoción
960,2016,2,Actividades de quema de combustible,Industrias manufactureras y de la construcción,Madera y productos de madera,1A2giv,1,"0,0",Sin emisión/remoción
961,2017,2,Actividades de quema de combustible,Industrias manufactureras y de la construcción,Madera y productos de madera,1A2giv,1,"0,0",Sin emisión/remoción
962,2018,2,Actividades de quema de combustible,Industrias manufactureras y de la construcción,Madera y productos de madera,1A2giv,1,"0,0",Sin emisión/remoción
963,2019,2,Actividades de quema de combustible,Industrias manufactureras y de la construcción,Madera y productos de madera,1A2giv,1,"0,0",Sin emisión/remoción
964,2020,2,Actividades de quema de combustible,Industrias manufactureras y de la construcción,Madera y productos de madera,1A2giv,1,"0,0",Sin emisión/remoción
965,2021,2,Actividades de quema de combustible,Industrias manufactureras y de la construcción,Madera y productos de madera,1A2giv,1,"0,0",Sin emisión/remoción
966,2022,2,Actividades de quema de combustible,Industrias manufactureras y de la construcción,Madera y productos de madera,1A2giv,1,"0,0",Sin emisión/remoción
967,1995,2,Actividades de quema de combustible,Industrias manufactureras y de la construcción,Madera y productos de madera,1A2giv,4,"0,0",Sin emisión/remoción
968,1996,2,Actividades de quema de combustible,Industrias manufactureras y de la construcción,Madera y productos de madera,1A2giv,4,"0,0",Sin emisión/remoción
969,1997,2,Actividades de quema de combustible,Industrias manufactureras y de la construcción,Madera y productos de madera,1A2giv,4,"0,0",Sin emisión/remoción
970,1998,2,Actividades de quema de combustible,Industrias manufactureras y de la construcción,Madera y productos de madera,1A2giv,4,"0,0",Sin emisión/remoción
971,1999,2,Actividades de quema de combustible,Industrias manufactureras y de la construcción,Madera y productos de madera,1A2giv,4,"0,0",Sin emisión/remoción
972,2000,2,Actividades de quema de combustible,Industrias manufactureras y de la construcción,Madera y productos de madera,1A2giv,4,"0,0",Sin emisión/remoción
973,2001,2,Actividades de quema de combustible,Industrias manufactureras y de la construcción,Madera y productos de madera,1A2giv,4,"0,0",Sin emisión/remoción
974,2002,2,Actividades de quema de combustible,Industrias manufactureras y de la construcción,Madera y productos de madera,1A2giv,4,"0,0",Sin emisión/remoción
975,2003,2,Actividades de quema de combustible,Industrias manufactureras y de la construcción,Madera y productos de madera,1A2giv,4,"0,0",Sin emisión/remoción
976,2004,2,Actividades de quema de combustible,Industrias manufactureras y de la construcción,Madera y productos de madera,1A2giv,4,"0,0",Sin emisión/remoción
977,2005,2,Actividades de quema de combustible,Industrias manufactureras y de la construcción,Madera y productos de madera,1A2giv,4,"0,0",Sin emisión/remoción
978,2006,2,Actividades de quema de combustible,Industrias manufactureras y de la construcción,Madera y productos de madera,1A2giv,4,"0,0",Sin emisión/remoción
979,2007,2,Actividades de quema de combustible,Industrias manufactureras y de la construcción,Madera y productos de madera,1A2giv,4,"0,0",Sin emisión/remoción
980,2008,2,Actividades de quema de combustible,Industrias manufactureras y de la construcción,Madera y productos de madera,1A2giv,4,"0,0",Sin emisión/remoción
981,2009,2,Actividades de quema de combustible,Industrias manufactureras y de la construcción,Madera y productos de madera,1A2giv,4,"0,0",Sin emisión/remoción
982,2010,2,Actividades de quema de combustible,Industrias manufactureras y de la construcción,Madera y productos de madera,1A2giv,4,"0,0",Sin emisión/remoción
983,2011,2,Actividades de quema de combustible,Industrias manufactureras y de la construcción,Madera y productos de madera,1A2giv,4,"0,0",Sin emisión/remoción
984,2012,2,Actividades de quema de combustible,Industrias manufactureras y de la construcción,Madera y productos de madera,1A2giv,4,"0,0",Sin emisión/remoción
985,2013,2,Actividades de quema de combustible,Industrias manufactureras y de la construcción,Madera y productos de madera,1A2giv,4,"0,0",Sin emisión/remoción
986,2014,2,Actividades de quema de combustible,Industrias manufactureras y de la construcción,Madera y productos de madera,1A2giv,4,"0,0",Sin emisión/remoción
987,2015,2,Actividades de quema de combustible,Industrias manufactureras y de la construcción,Madera y productos de madera,1A2giv,4,"0,0",Sin emisión/remoción
988,2016,2,Actividades de quema de combustible,Industrias manufactureras y de la construcción,Madera y productos de madera,1A2giv,4,"0,0",Sin emisión/remoción
989,2017,2,Actividades de quema de combustible,Industrias manufactureras y de la construcción,Madera y productos de madera,1A2giv,4,"0,0",Sin emisión/remoción
990,2018,2,Actividades de quema de combustible,Industrias manufactureras y de la construcción,Madera y productos de madera,1A2giv,4,"0,0",Sin emisión/remoción
991,2019,2,Actividades de quema de combustible,Industrias manufactureras y de la construcción,Madera y productos de madera,1A2giv,4,"0,0",Sin emisión/remoción
992,2020,2,Actividades de quema de combustible,Industrias manufactureras y de la construcción,Madera y productos de madera,1A2giv,4,"0,0",Sin emisión/remoción
993,2021,2,Actividades de quema de combustible,Industrias manufactureras y de la construcción,Madera y productos de madera,1A2giv,4,"0,0",Sin emisión/remoción
994,2022,2,Actividades de quema de combustible,Industrias manufactureras y de la construcción,Madera y productos de madera,1A2giv,4,"0,0",Sin emisión/remoción
995,1995,2,Actividades de quema de combustible,Industrias manufactureras y de la construcción,Textiles y cuero,1A2gvi,2,"0,16",Emisión
996,1996,2,Actividades de quema de combustible,Industrias manufactureras y de la construcción,Textiles y cuero,1A2gvi,2,"0,18",Emisión
997,1997,2,Actividades de quema de combustible,Industrias manufactureras y de la construcción,Textiles y cuero,1A2gvi,2,"0,23",Emisión
998,1998,2,Actividades de quema de combustible,Industrias manufactureras y de la construcción,Textiles y cuero,1A2gvi,2,"0,21",Emisión
999,1999,2,Actividades de quema de combustible,Industrias manufactureras y de la construcción,Textiles y cuero,1A2gvi,2,"0,17",Emisión
1000,2000,2,Actividades de quema de combustible,Industrias manufactureras y de la construcción,Textiles y cuero,1A2gvi,2,"0,21",Emisión
1001,2001,2,Actividades de quema de combustible,Industrias manufactureras y de la construcción,Textiles y cuero,1A2gvi,2,"0,22",Emisión
1002,2002,2,Actividades de quema de combustible,Industrias manufactureras y de la construcción,Textiles y cuero,1A2gvi,2,"0,2",Emisión
1003,2003,2,Actividades de quema de combustible,Industrias manufactureras y de la construcción,Textiles y cuero,1A2gvi,2,"0,24",Emisión
1004,2004,2,Actividades de quema de combustible,Industrias manufactureras y de la construcción,Textiles y cuero,1A2gvi,2,"0,25",Emisión
1005,2005,2,Actividades de quema de combustible,Industrias manufactureras y de la construcción,Textiles y cuero,1A2gvi,2,"0,27",Emisión
1006,2006,2,Actividades de quema de combustible,Industrias manufactureras y de la construcción,Textiles y cuero,1A2gvi,2,"0,28",Emisión
1007,2007,2,Actividades de quema de combustible,Industrias manufactureras y de la construcción,Textiles y cuero,1A2gvi,2,"0,27",Emisión
1008,2008,2,Actividades de quema de combustible,Industrias manufactureras y de la construcción,Textiles y cuero,1A2gvi,2,"0,26",Emisión
1009,2009,2,Actividades de quema de combustible,Industrias manufactureras y de la construcción,Textiles y cuero,1A2gvi,2,"0,25",Emisión
1010,2010,2,Actividades de quema de combustible,Industrias manufactureras y de la construcción,Textiles y cuero,1A2gvi,2,"0,27",Emisión
1011,2011,2,Actividades de quema de combustible,Industrias manufactureras y de la construcción,Textiles y cuero,1A2gvi,2,"0,26",Emisión
1012,2012,2,Actividades de quema de combustible,Industrias manufactureras y de la construcción,Textiles y cuero,1A2gvi,2,"0,26",Emisión
1013,2013,2,Actividades de quema de combustible,Industrias manufactureras y de la construcción,Textiles y cuero,1A2gvi,2,"0,26",Emisión
1014,2014,2,Actividades de quema de combustible,Industrias manufactureras y de la construcción,Textiles y cuero,1A2gvi,2,"0,25",Emisión
1015,2015,2,Actividades de quema de combustible,Industrias manufactureras y de la construcción,Textiles y cuero,1A2gvi,2,"0,25",Emisión
1016,2016,2,Actividades de quema de combustible,Industrias manufactureras y de la construcción,Textiles y cuero,1A2gvi,2,"0,22",Emisión
1017,2017,2,Actividades de quema de combustible,Industrias manufactureras y de la construcción,Textiles y cuero,1A2gvi,2,"0,21",Emisión
1018,2018,2,Actividades de quema de combustible,Industrias manufactureras y de la construcción,Textiles y cuero,1A2gvi,2,"0,19",Emisión
1019,2019,2,Actividades de quema de combustible,Industrias manufactureras y de la construcción,Textiles y cuero,1A2gvi,2,"0,18",Emisión
1020,2020,2,Actividades de quema de combustible,Industrias manufactureras y de la construcción,Textiles y cuero,1A2gvi,2,"0,14",Emisión
1021,2021,2,Actividades de quema de combustible,Industrias manufactureras y de la construcción,Textiles y cuero,1A2gvi,2,"0,17",Emisión
1022,2022,2,Actividades de quema de combustible,Industrias manufactureras y de la construcción,Textiles y cuero,1A2gvi,2,"0,18",Emisión
1023,1995,2,Actividades de quema de combustible,Industrias manufactureras y de la construcción,Textiles y cuero,1A2gvi,1,"0,0",Sin emisión/remoción
1024,1996,2,Actividades de quema de combustible,Industrias manufactureras y de la construcción,Textiles y cuero,1A2gvi,1,"0,0",Sin emisión/remoción
1025,1997,2,Actividades de quema de combustible,Industrias manufactureras y de la construcción,Textiles y cuero,1A2gvi,1,"0,0",Sin emisión/remoción
1026,1998,2,Actividades de quema de combustible,Industrias manufactureras y de la construcción,Textiles y cuero,1A2gvi,1,"0,0",Sin emisión/remoción
1027,1999,2,Actividades de quema de combustible,Industrias manufactureras y de la construcción,Textiles y cuero,1A2gvi,1,"0,0",Sin emisión/remoción
1028,2000,2,Actividades de quema de combustible,Industrias manufactureras y de la construcción,Textiles y cuero,1A2gvi,1,"0,0",Sin emisión/remoción
1029,2001,2,Actividades de quema de combustible,Industrias manufactureras y de la construcción,Textiles y cuero,1A2gvi,1,"0,0",Sin emisión/remoción
1030,2002,2,Actividades de quema de combustible,Industrias manufactureras y de la construcción,Textiles y cuero,1A2gvi,1,"0,0",Sin emisión/remoción
1031,2003,2,Actividades de quema de combustible,Industrias manufactureras y de la construcción,Textiles y cuero,1A2gvi,1,"0,0",Sin emisión/remoción
1032,2004,2,Actividades de quema de combustible,Industrias manufactureras y de la construcción,Textiles y cuero,1A2gvi,1,"0,0",Sin emisión/remoción
1033,2005,2,Actividades de quema de combustible,Industrias manufactureras y de la construcción,Textiles y cuero,1A2gvi,1,"0,0",Sin emisión/remoción
1034,2006,2,Actividades de quema de combustible,Industrias manufactureras y de la construcción,Textiles y cuero,1A2gvi,1,"0,0",Sin emisión/remoción
1035,2007,2,Actividades de quema de combustible,Industrias manufactureras y de la construcción,Textiles y cuero,1A2gvi,1,"0,0",Sin emisión/remoción
1036,2008,2,Actividades de quema de combustible,Industrias manufactureras y de la construcción,Textiles y cuero,1A2gvi,1,"0,0",Sin emisión/remoción
1037,2009,2,Actividades de quema de combustible,Industrias manufactureras y de la construcción,Textiles y cuero,1A2gvi,1,"0,0",Sin emisión/remoción
1038,2010,2,Actividades de quema de combustible,Industrias manufactureras y de la construcción,Textiles y cuero,1A2gvi,1,"0,0",Sin emisión/remoción
1039,2011,2,Actividades de quema de combustible,Industrias manufactureras y de la construcción,Textiles y cuero,1A2gvi,1,"0,0",Sin emisión/remoción
1040,2012,2,Actividades de quema de combustible,Industrias manufactureras y de la construcción,Textiles y cuero,1A2gvi,1,"0,0",Sin emisión/remoción
1041,2013,2,Actividades de quema de combustible,Industrias manufactureras y de la construcción,Textiles y cuero,1A2gvi,1,"0,0",Sin emisión/remoción
1042,2014,2,Actividades de quema de combustible,Industrias manufactureras y de la construcción,Textiles y cuero,1A2gvi,1,"0,0",Sin emisión/remoción
1043,2015,2,Actividades de quema de combustible,Industrias manufactureras y de la construcción,Textiles y cuero,1A2gvi,1,"0,0",Sin emisión/remoción
1044,2016,2,Actividades de quema de combustible,Industrias manufactureras y de la construcción,Textiles y cuero,1A2gvi,1,"0,0",Sin emisión/remoción
1045,2017,2,Actividades de quema de combustible,Industrias manufactureras y de la construcción,Textiles y cuero,1A2gvi,1,"0,0",Sin emisión/remoción
1046,2018,2,Actividades de quema de combustible,Industrias manufactureras y de la construcción,Textiles y cuero,1A2gvi,1,"0,0",Sin emisión/remoción
1047,2019,2,Actividades de quema de combustible,Industrias manufactureras y de la construcción,Textiles y cuero,1A2gvi,1,"0,0",Sin emisión/remoción
1048,2020,2,Actividades de quema de combustible,Industrias manufactureras y de la construcción,Textiles y cuero,1A2gvi,1,"0,0",Sin emisión/remoción
1049,2021,2,Actividades de quema de combustible,Industrias manufactureras y de la construcción,Textiles y cuero,1A2gvi,1,"0,0",Sin emisión/remoción
1050,2022,2,Actividades de quema de combustible,Industrias manufactureras y de la construcción,Textiles y cuero,1A2gvi,1,"0,0",Sin emisión/remoción
1051,1995,2,Actividades de quema de combustible,Industrias manufactureras y de la construcción,Textiles y cuero,1A2gvi,4,"0,0",Sin emisión/remoción
1052,1996,2,Actividades de quema de combustible,Industrias manufactureras y de la construcción,Textiles y cuero,1A2gvi,4,"0,0",Sin emisión/remoción
1053,1997,2,Actividades de quema de combustible,Industrias manufactureras y de la construcción,Textiles y cuero,1A2gvi,4,"0,0",Sin emisión/remoción
1054,1998,2,Actividades de quema de combustible,Industrias manufactureras y de la construcción,Textiles y cuero,1A2gvi,4,"0,0",Sin emisión/remoción
1055,1999,2,Actividades de quema de combustible,Industrias manufactureras y de la construcción,Textiles y cuero,1A2gvi,4,"0,0",Sin emisión/remoción
1056,2000,2,Actividades de quema de combustible,Industrias manufactureras y de la construcción,Textiles y cuero,1A2gvi,4,"0,0",Sin emisión/remoción
1057,2001,2,Actividades de quema de combustible,Industrias manufactureras y de la construcción,Textiles y cuero,1A2gvi,4,"0,0",Sin emisión/remoción
1058,2002,2,Actividades de quema de combustible,Industrias manufactureras y de la construcción,Textiles y cuero,1A2gvi,4,"0,0",Sin emisión/remoción
1059,2003,2,Actividades de quema de combustible,Industrias manufactureras y de la construcción,Textiles y cuero,1A2gvi,4,"0,0",Sin emisión/remoción
1060,2004,2,Actividades de quema de combustible,Industrias manufactureras y de la construcción,Textiles y cuero,1A2gvi,4,"0,0",Sin emisión/remoción
1061,2005,2,Actividades de quema de combustible,Industrias manufactureras y de la construcción,Textiles y cuero,1A2gvi,4,"0,0",Sin emisión/remoción
1062,2006,2,Actividades de quema de combustible,Industrias manufactureras y de la construcción,Textiles y cuero,1A2gvi,4,"0,0",Sin emisión/remoción
1063,2007,2,Actividades de quema de combustible,Industrias manufactureras y de la construcción,Textiles y cuero,1A2gvi,4,"0,0",Sin emisión/remoción
1064,2008,2,Actividades de quema de combustible,Industrias manufactureras y de la construcción,Textiles y cuero,1A2gvi,4,"0,0",Sin emisión/remoción
1065,2009,2,Actividades de quema de combustible,Industrias manufactureras y de la construcción,Textiles y cuero,1A2gvi,4,"0,0",Sin emisión/remoción
1066,2010,2,Actividades de quema de combustible,Industrias manufactureras y de la construcción,Textiles y cuero,1A2gvi,4,"0,0",Sin emisión/remoción
1067,2011,2,Actividades de quema de combustible,Industrias manufactureras y de la construcción,Textiles y cuero,1A2gvi,4,"0,0",Sin emisión/remoción
1068,2012,2,Actividades de quema de combustible,Industrias manufactureras y de la construcción,Textiles y cuero,1A2gvi,4,"0,0",Sin emisión/remoción
1069,2013,2,Actividades de quema de combustible,Industrias manufactureras y de la construcción,Textiles y cuero,1A2gvi,4,"0,0",Sin emisión/remoción
1070,2014,2,Actividades de quema de combustible,Industrias manufactureras y de la construcción,Textiles y cuero,1A2gvi,4,"0,0",Sin emisión/remoción
1071,2015,2,Actividades de quema de combustible,Industrias manufactureras y de la construcción,Textiles y cuero,1A2gvi,4,"0,0",Sin emisión/remoción
1072,2016,2,Actividades de quema de combustible,Industrias manufactureras y de la construcción,Textiles y cuero,1A2gvi,4,"0,0",Sin emisión/remoción
1073,2017,2,Actividades de quema de combustible,Industrias manufactureras y de la construcción,Textiles y cuero,1A2gvi,4,"0,0",Sin emisión/remoción
1074,2018,2,Actividades de quema de combustible,Industrias manufactureras y de la construcción,Textiles y cuero,1A2gvi,4,"0,0",Sin emisión/remoción
1075,2019,2,Actividades de quema de combustible,Industrias manufactureras y de la construcción,Textiles y cuero,1A2gvi,4,"0,0",Sin emisión/remoción
1076,2020,2,Actividades de quema de combustible,Industrias manufactureras y de la construcción,Textiles y cuero,1A2gvi,4,"0,0",Sin emisión/remoción
1077,2021,2,Actividades de quema de combustible,Industrias manufactureras y de la construcción,Textiles y cuero,1A2gvi,4,"0,0",Sin emisión/remoción
1078,2022,2,Actividades de quema de combustible,Industrias manufactureras y de la construcción,Textiles y cuero,1A2gvi,4,"0,0",Sin emisión/remoción
1079,1990,2,Actividades de quema de combustible,Industrias manufactureras y de la construcción,Industria no especificada:,1A2gviii,2,"16,41",Emisión
1080,1991,2,Actividades de quema de combustible,Industrias manufactureras y de la construcción,Industria no especificada:,1A2gviii,2,"14,54",Emisión
1081,1992,2,Actividades de quema de combustible,Industrias manufactureras y de la construcción,Industria no especificada:,1A2gviii,2,"15,98",Emisión
1082,1993,2,Actividades de quema de combustible,Industrias manufactureras y de la construcción,Industria no especificada:,1A2gviii,2,"14,58",Emisión
1083,1994,2,Actividades de quema de combustible,Industrias manufactureras y de la construcción,Industria no especificada:,1A2gviii,2,"16,87",Emisión
1084,1995,2,Actividades de quema de combustible,Industrias manufactureras y de la construcción,Industria no especificada:,1A2gviii,2,"6,1",Emisión
1085,1996,2,Actividades de quema de combustible,Industrias manufactureras y de la construcción,Industria no especificada:,1A2gviii,2,"6,13",Emisión
1086,1997,2,Actividades de quema de combustible,Industrias manufactureras y de la construcción,Industria no especificada:,1A2gviii,2,"6,06",Emisión
1087,1998,2,Actividades de quema de combustible,Industrias manufactureras y de la construcción,Industria no especificada:,1A2gviii,2,"6,15",Emisión
1088,1999,2,Actividades de quema de combustible,Industrias manufactureras y de la construcción,Industria no especificada:,1A2gviii,2,"5,62",Emisión
1089,2000,2,Actividades de quema de combustible,Industrias manufactureras y de la construcción,Industria no especificada:,1A2gviii,2,"5,99",Emisión
1090,2001,2,Actividades de quema de combustible,Industrias manufactureras y de la construcción,Industria no especificada:,1A2gviii,2,"6,21",Emisión
1091,2002,2,Actividades de quema de combustible,Industrias manufactureras y de la construcción,Industria no especificada:,1A2gviii,2,"5,91",Emisión
1092,2003,2,Actividades de quema de combustible,Industrias manufactureras y de la construcción,Industria no especificada:,1A2gviii,2,"6,9",Emisión
1093,2004,2,Actividades de quema de combustible,Industrias manufactureras y de la construcción,Industria no especificada:,1A2gviii,2,"7,01",Emisión
1094,2005,2,Actividades de quema de combustible,Industrias manufactureras y de la construcción,Industria no especificada:,1A2gviii,2,"7,48",Emisión
1095,2006,2,Actividades de quema de combustible,Industrias manufactureras y de la construcción,Industria no especificada:,1A2gviii,2,"8,71",Emisión
1096,2007,2,Actividades de quema de combustible,Industrias manufactureras y de la construcción,Industria no especificada:,1A2gviii,2,"9,06",Emisión
1097,2008,2,Actividades de quema de combustible,Industrias manufactureras y de la construcción,Industria no especificada:,1A2gviii,2,"9,57",Emisión
1098,2009,2,Actividades de quema de combustible,Industrias manufactureras y de la construcción,Industria no especificada:,1A2gviii,2,"7,96",Emisión
1099,2010,2,Actividades de quema de combustible,Industrias manufactureras y de la construcción,Industria no especificada:,1A2gviii,2,"13,82",Emisión
1100,2011,2,Actividades de quema de combustible,Industrias manufactureras y de la construcción,Industria no especificada:,1A2gviii,2,"13,56",Emisión
1101,2012,2,Actividades de quema de combustible,Industrias manufactureras y de la construcción,Industria no especificada:,1A2gviii,2,"14,17",Emisión
1102,2013,2,Actividades de quema de combustible,Industrias manufactureras y de la construcción,Industria no especificada:,1A2gviii,2,"15,95",Emisión
1103,2014,2,Actividades de quema de combustible,Industrias manufactureras y de la construcción,Industria no especificada:,1A2gviii,2,"14,72",Emisión
1104,2015,2,Actividades de quema de combustible,Industrias manufactureras y de la construcción,Industria no especificada:,1A2gviii,2,"15,21",Emisión
1105,2016,2,Actividades de quema de combustible,Industrias manufactureras y de la construcción,Industria no especificada:,1A2gviii,2,"15,89",Emisión
1106,2017,2,Actividades de quema de combustible,Industrias manufactureras y de la construcción,Industria no especificada:,1A2gviii,2,"15,39",Emisión
1107,2018,2,Actividades de quema de combustible,Industrias manufactureras y de la construcción,Industria no especificada:,1A2gviii,2,"13,37",Emisión
1108,2019,2,Actividades de quema de combustible,Industrias manufactureras y de la construcción,Industria no especificada:,1A2gviii,2,"9,9",Emisión
1109,2020,2,Actividades de quema de combustible,Industrias manufactureras y de la construcción,Industria no especificada:,1A2gviii,2,"9,3",Emisión
1110,2021,2,Actividades de quema de combustible,Industrias manufactureras y de la construcción,Industria no especificada:,1A2gviii,2,"11,33",Emisión
1111,2022,2,Actividades de quema de combustible,Industrias manufactureras y de la construcción,Industria no especificada:,1A2gviii,2,"9,7",Emisión
1112,1990,2,Actividades de quema de combustible,Industrias manufactureras y de la construcción,Industria no especificada:,1A2gviii,1,"0,02",Emisión
1113,1991,2,Actividades de quema de combustible,Industrias manufactureras y de la construcción,Industria no especificada:,1A2gviii,1,"0,01",Emisión
1114,1992,2,Actividades de quema de combustible,Industrias manufactureras y de la construcción,Industria no especificada:,1A2gviii,1,"0,02",Emisión
1115,1993,2,Actividades de quema de combustible,Industrias manufactureras y de la construcción,Industria no especificada:,1A2gviii,1,"0,01",Emisión
1116,1994,2,Actividades de quema de combustible,Industrias manufactureras y de la construcción,Industria no especificada:,1A2gviii,1,"0,01",Emisión
1117,1995,2,Actividades de quema de combustible,Industrias manufactureras y de la construcción,Industria no especificada:,1A2gviii,1,"0,01",Emisión
1118,1996,2,Actividades de quema de combustible,Industrias manufactureras y de la construcción,Industria no especificada:,1A2gviii,1,"0,01",Emisión
1119,1997,2,Actividades de quema de combustible,Industrias manufactureras y de la construcción,Industria no especificada:,1A2gviii,1,"0,01",Emisión
1120,1998,2,Actividades de quema de combustible,Industrias manufactureras y de la construcción,Industria no especificada:,1A2gviii,1,"0,01",Emisión
1121,1999,2,Actividades de quema de combustible,Industrias manufactureras y de la construcción,Industria no especificada:,1A2gviii,1,"0,01",Emisión
1122,2000,2,Actividades de quema de combustible,Industrias manufactureras y de la construcción,Industria no especificada:,1A2gviii,1,"0,01",Emisión
1123,2001,2,Actividades de quema de combustible,Industrias manufactureras y de la construcción,Industria no especificada:,1A2gviii,1,"0,01",Emisión
1124,2002,2,Actividades de quema de combustible,Industrias manufactureras y de la construcción,Industria no especificada:,1A2gviii,1,"0,01",Emisión
1125,2003,2,Actividades de quema de combustible,Industrias manufactureras y de la construcción,Industria no especificada:,1A2gviii,1,"0,01",Emisión
1126,2004,2,Actividades de quema de combustible,Industrias manufactureras y de la construcción,Industria no especificada:,1A2gviii,1,"0,01",Emisión
1127,2005,2,Actividades de quema de combustible,Industrias manufactureras y de la construcción,Industria no especificada:,1A2gviii,1,"0,01",Emisión
1128,2006,2,Actividades de quema de combustible,Industrias manufactureras y de la construcción,Industria no especificada:,1A2gviii,1,"0,01",Emisión
1129,2007,2,Actividades de quema de combustible,Industrias manufactureras y de la construcción,Industria no especificada:,1A2gviii,1,"0,01",Emisión
1130,2008,2,Actividades de quema de combustible,Industrias manufactureras y de la construcción,Industria no especificada:,1A2gviii,1,"0,01",Emisión
1131,2009,2,Actividades de quema de combustible,Industrias manufactureras y de la construcción,Industria no especificada:,1A2gviii,1,"0,01",Emisión
1132,2010,2,Actividades de quema de combustible,Industrias manufactureras y de la construcción,Industria no especificada:,1A2gviii,1,"0,02",Emisión
1133,2011,2,Actividades de quema de combustible,Industrias manufactureras y de la construcción,Industria no especificada:,1A2gviii,1,"0,02",Emisión
1134,2012,2,Actividades de quema de combustible,Industrias manufactureras y de la construcción,Industria no especificada:,1A2gviii,1,"0,02",Emisión
1135,2013,2,Actividades de quema de combustible,Industrias manufactureras y de la construcción,Industria no especificada:,1A2gviii,1,"0,02",Emisión
1136,2014,2,Actividades de quema de combustible,Industrias manufactureras y de la construcción,Industria no especificada:,1A2gviii,1,"0,02",Emisión
1137,2015,2,Actividades de quema de combustible,Industrias manufactureras y de la construcción,Industria no especificada:,1A2gviii,1,"0,02",Emisión
1138,2016,2,Actividades de quema de combustible,Industrias manufactureras y de la construcción,Industria no especificada:,1A2gviii,1,"0,02",Emisión
1139,2017,2,Actividades de quema de combustible,Industrias manufactureras y de la construcción,Industria no especificada:,1A2gviii,1,"0,02",Emisión
1140,2018,2,Actividades de quema de combustible,Industrias manufactureras y de la construcción,Industria no especificada:,1A2gviii,1,"0,02",Emisión
1141,2019,2,Actividades de quema de combustible,Industrias manufactureras y de la construcción,Industria no especificada:,1A2gviii,1,"0,02",Emisión
1142,2020,2,Actividades de quema de combustible,Industrias manufactureras y de la construcción,Industria no especificada:,1A2gviii,1,"0,02",Emisión
1143,2021,2,Actividades de quema de combustible,Industrias manufactureras y de la construcción,Industria no especificada:,1A2gviii,1,"0,02",Emisión
1144,2022,2,Actividades de quema de combustible,Industrias manufactureras y de la construcción,Industria no especificada:,1A2gviii,1,"0,02",Emisión
1145,1990,2,Actividades de quema de combustible,Industrias manufactureras y de la construcción,Industria no especificada:,1A2gviii,4,"0,02",Emisión
1146,1991,2,Actividades de quema de combustible,Industrias manufactureras y de la construcción,Industria no especificada:,1A2gviii,4,"0,02",Emisión
1147,1992,2,Actividades de quema de combustible,Industrias manufactureras y de la construcción,Industria no especificada:,1A2gviii,4,"0,02",Emisión
1148,1993,2,Actividades de quema de combustible,Industrias manufactureras y de la construcción,Industria no especificada:,1A2gviii,4,"0,02",Emisión
1149,1994,2,Actividades de quema de combustible,Industrias manufactureras y de la construcción,Industria no especificada:,1A2gviii,4,"0,02",Emisión
1150,1995,2,Actividades de quema de combustible,Industrias manufactureras y de la construcción,Industria no especificada:,1A2gviii,4,"0,01",Emisión
1151,1996,2,Actividades de quema de combustible,Industrias manufactureras y de la construcción,Industria no especificada:,1A2gviii,4,"0,01",Emisión
1152,1997,2,Actividades de quema de combustible,Industrias manufactureras y de la construcción,Industria no especificada:,1A2gviii,4,"0,01",Emisión
1153,1998,2,Actividades de quema de combustible,Industrias manufactureras y de la construcción,Industria no especificada:,1A2gviii,4,"0,01",Emisión
1154,1999,2,Actividades de quema de combustible,Industrias manufactureras y de la construcción,Industria no especificada:,1A2gviii,4,"0,01",Emisión
1155,2000,2,Actividades de quema de combustible,Industrias manufactureras y de la construcción,Industria no especificada:,1A2gviii,4,"0,01",Emisión
1156,2001,2,Actividades de quema de combustible,Industrias manufactureras y de la construcción,Industria no especificada:,1A2gviii,4,"0,01",Emisión
1157,2002,2,Actividades de quema de combustible,Industrias manufactureras y de la construcción,Industria no especificada:,1A2gviii,4,"0,01",Emisión
1158,2003,2,Actividades de quema de combustible,Industrias manufactureras y de la construcción,Industria no especificada:,1A2gviii,4,"0,01",Emisión
1159,2004,2,Actividades de quema de combustible,Industrias manufactureras y de la construcción,Industria no especificada:,1A2gviii,4,"0,02",Emisión
1160,2005,2,Actividades de quema de combustible,Industrias manufactureras y de la construcción,Industria no especificada:,1A2gviii,4,"0,02",Emisión
1161,2006,2,Actividades de quema de combustible,Industrias manufactureras y de la construcción,Industria no especificada:,1A2gviii,4,"0,02",Emisión
1162,2007,2,Actividades de quema de combustible,Industrias manufactureras y de la construcción,Industria no especificada:,1A2gviii,4,"0,02",Emisión
1163,2008,2,Actividades de quema de combustible,Industrias manufactureras y de la construcción,Industria no especificada:,1A2gviii,4,"0,02",Emisión
1164,2009,2,Actividades de quema de combustible,Industrias manufactureras y de la construcción,Industria no especificada:,1A2gviii,4,"0,02",Emisión
1165,2010,2,Actividades de quema de combustible,Industrias manufactureras y de la construcción,Industria no especificada:,1A2gviii,4,"0,03",Emisión
1166,2011,2,Actividades de quema de combustible,Industrias manufactureras y de la construcción,Industria no especificada:,1A2gviii,4,"0,03",Emisión
1167,2012,2,Actividades de quema de combustible,Industrias manufactureras y de la construcción,Industria no especificada:,1A2gviii,4,"0,03",Emisión
1168,2013,2,Actividades de quema de combustible,Industrias manufactureras y de la construcción,Industria no especificada:,1A2gviii,4,"0,03",Emisión
1169,2014,2,Actividades de quema de combustible,Industrias manufactureras y de la construcción,Industria no especificada:,1A2gviii,4,"0,03",Emisión
1170,2015,2,Actividades de quema de combustible,Industrias manufactureras y de la construcción,Industria no especificada:,1A2gviii,4,"0,03",Emisión
1171,2016,2,Actividades de quema de combustible,Industrias manufactureras y de la construcción,Industria no especificada:,1A2gviii,4,"0,03",Emisión
1172,2017,2,Actividades de quema de combustible,Industrias manufactureras y de la construcción,Industria no especificada:,1A2gviii,4,"0,03",Emisión
1173,2018,2,Actividades de quema de combustible,Industrias manufactureras y de la construcción,Industria no especificada:,1A2gviii,4,"0,03",Emisión
1174,2019,2,Actividades de quema de combustible,Industrias manufactureras y de la construcción,Industria no especificada:,1A2gviii,4,"0,03",Emisión
1175,2020,2,Actividades de quema de combustible,Industrias manufactureras y de la construcción,Industria no especificada:,1A2gviii,4,"0,02",Emisión
1176,2021,2,Actividades de quema de combustible,Industrias manufactureras y de la construcción,Industria no especificada:,1A2gviii,4,"0,03",Emisión
1177,2022,2,Actividades de quema de combustible,Industrias manufactureras y de la construcción,Industria no especificada:,1A2gviii,4,"0,03",Emisión
1178,1990,2,Actividades de quema de combustible,Transporte,Aviación civil cabotaje,1A3a,2,"0,72",Emisión
1179,1991,2,Actividades de quema de combustible,Transporte,Aviación civil cabotaje,1A3a,2,"0,66",Emisión
1180,1992,2,Actividades de quema de combustible,Transporte,Aviación civil cabotaje,1A3a,2,"0,84",Emisión
1181,1993,2,Actividades de quema de combustible,Transporte,Aviación civil cabotaje,1A3a,2,"0,77",Emisión
1182,1994,2,Actividades de quema de combustible,Transporte,Aviación civil cabotaje,1A3a,2,"0,89",Emisión
1183,1995,2,Actividades de quema de combustible,Transporte,Aviación civil cabotaje,1A3a,2,"1,08",Emisión
1184,1996,2,Actividades de quema de combustible,Transporte,Aviación civil cabotaje,1A3a,2,"1,44",Emisión
1185,1997,2,Actividades de quema de combustible,Transporte,Aviación civil cabotaje,1A3a,2,"1,31",Emisión
1186,1998,2,Actividades de quema de combustible,Transporte,Aviación civil cabotaje,1A3a,2,"1,34",Emisión
1187,1999,2,Actividades de quema de combustible,Transporte,Aviación civil cabotaje,1A3a,2,"1,32",Emisión
1188,2000,2,Actividades de quema de combustible,Transporte,Aviación civil cabotaje,1A3a,2,"1,21",Emisión
1189,2001,2,Actividades de quema de combustible,Transporte,Aviación civil cabotaje,1A3a,2,"1,27",Emisión
1190,2002,2,Actividades de quema de combustible,Transporte,Aviación civil cabotaje,1A3a,2,"1,12",Emisión
1191,2003,2,Actividades de quema de combustible,Transporte,Aviación civil cabotaje,1A3a,2,"1,18",Emisión
1192,2004,2,Actividades de quema de combustible,Transporte,Aviación civil cabotaje,1A3a,2,"1,24",Emisión
1193,2005,2,Actividades de quema de combustible,Transporte,Aviación civil cabotaje,1A3a,2,"1,26",Emisión
1194,2006,2,Actividades de quema de combustible,Transporte,Aviación civil cabotaje,1A3a,2,"1,19",Emisión
1195,2007,2,Actividades de quema de combustible,Transporte,Aviación civil cabotaje,1A3a,2,"1,24",Emisión
1196,2008,2,Actividades de quema de combustible,Transporte,Aviación civil cabotaje,1A3a,2,"1,34",Emisión
1197,2009,2,Actividades de quema de combustible,Transporte,Aviación civil cabotaje,1A3a,2,"1,3",Emisión
1198,2010,2,Actividades de quema de combustible,Transporte,Aviación civil cabotaje,1A3a,2,"2,18",Emisión
1199,2011,2,Actividades de quema de combustible,Transporte,Aviación civil cabotaje,1A3a,2,"1,87",Emisión
1200,2012,2,Actividades de quema de combustible,Transporte,Aviación civil cabotaje,1A3a,2,"1,94",Emisión
1201,2013,2,Actividades de quema de combustible,Transporte,Aviación civil cabotaje,1A3a,2,"1,44",Emisión
1202,2014,2,Actividades de quema de combustible,Transporte,Aviación civil cabotaje,1A3a,2,"1,45",Emisión
1203,2015,2,Actividades de quema de combustible,Transporte,Aviación civil cabotaje,1A3a,2,"1,56",Emisión
1204,2016,2,Actividades de quema de combustible,Transporte,Aviación civil cabotaje,1A3a,2,"1,86",Emisión
1205,2017,2,Actividades de quema de combustible,Transporte,Aviación civil cabotaje,1A3a,2,"1,75",Emisión
1206,2018,2,Actividades de quema de combustible,Transporte,Aviación civil cabotaje,1A3a,2,"1,87",Emisión
1207,2019,2,Actividades de quema de combustible,Transporte,Aviación civil cabotaje,1A3a,2,"1,94",Emisión
1208,2020,2,Actividades de quema de combustible,Transporte,Aviación civil cabotaje,1A3a,2,"0,6",Emisión
1209,2021,2,Actividades de quema de combustible,Transporte,Aviación civil cabotaje,1A3a,2,"0,91",Emisión
1210,2022,2,Actividades de quema de combustible,Transporte,Aviación civil cabotaje,1A3a,2,"1,62",Emisión
1211,1990,2,Actividades de quema de combustible,Transporte,Aviación civil cabotaje,1A3a,1,"0,0",Sin emisión/remoción
1212,1991,2,Actividades de quema de combustible,Transporte,Aviación civil cabotaje,1A3a,1,"0,0",Sin emisión/remoción
1213,1992,2,Actividades de quema de combustible,Transporte,Aviación civil cabotaje,1A3a,1,"0,0",Sin emisión/remoción
1214,1993,2,Actividades de quema de combustible,Transporte,Aviación civil cabotaje,1A3a,1,"0,0",Sin emisión/remoción
1215,1994,2,Actividades de quema de combustible,Transporte,Aviación civil cabotaje,1A3a,1,"0,0",Sin emisión/remoción
1216,1995,2,Actividades de quema de combustible,Transporte,Aviación civil cabotaje,1A3a,1,"0,0",Sin emisión/remoción
1217,1996,2,Actividades de quema de combustible,Transporte,Aviación civil cabotaje,1A3a,1,"0,0",Sin emisión/remoción
1218,1997,2,Actividades de quema de combustible,Transporte,Aviación civil cabotaje,1A3a,1,"0,0",Sin emisión/remoción
1219,1998,2,Actividades de quema de combustible,Transporte,Aviación civil cabotaje,1A3a,1,"0,0",Sin emisión/remoción
1220,1999,2,Actividades de quema de combustible,Transporte,Aviación civil cabotaje,1A3a,1,"0,0",Sin emisión/remoción
1221,2000,2,Actividades de quema de combustible,Transporte,Aviación civil cabotaje,1A3a,1,"0,0",Sin emisión/remoción
1222,2001,2,Actividades de quema de combustible,Transporte,Aviación civil cabotaje,1A3a,1,"0,0",Sin emisión/remoción
1223,2002,2,Actividades de quema de combustible,Transporte,Aviación civil cabotaje,1A3a,1,"0,0",Sin emisión/remoción
1224,2003,2,Actividades de quema de combustible,Transporte,Aviación civil cabotaje,1A3a,1,"0,0",Sin emisión/remoción
1225,2004,2,Actividades de quema de combustible,Transporte,Aviación civil cabotaje,1A3a,1,"0,0",Sin emisión/remoción
1226,2005,2,Actividades de quema de combustible,Transporte,Aviación civil cabotaje,1A3a,1,"0,0",Sin emisión/remoción
1227,2006,2,Actividades de quema de combustible,Transporte,Aviación civil cabotaje,1A3a,1,"0,0",Sin emisión/remoción
1228,2007,2,Actividades de quema de combustible,Transporte,Aviación civil cabotaje,1A3a,1,"0,0",Sin emisión/remoción
1229,2008,2,Actividades de quema de combustible,Transporte,Aviación civil cabotaje,1A3a,1,"0,0",Sin emisión/remoción
1230,2009,2,Actividades de quema de combustible,Transporte,Aviación civil cabotaje,1A3a,1,"0,0",Sin emisión/remoción
1231,2010,2,Actividades de quema de combustible,Transporte,Aviación civil cabotaje,1A3a,1,"0,0",Sin emisión/remoción
1232,2011,2,Actividades de quema de combustible,Transporte,Aviación civil cabotaje,1A3a,1,"0,0",Sin emisión/remoción
1233,2012,2,Actividades de quema de combustible,Transporte,Aviación civil cabotaje,1A3a,1,"0,0",Sin emisión/remoción
1234,2013,2,Actividades de quema de combustible,Transporte,Aviación civil cabotaje,1A3a,1,"0,0",Sin emisión/remoción
1235,2014,2,Actividades de quema de combustible,Transporte,Aviación civil cabotaje,1A3a,1,"0,0",Sin emisión/remoción
1236,2015,2,Actividades de quema de combustible,Transporte,Aviación civil cabotaje,1A3a,1,"0,0",Sin emisión/remoción
1237,2016,2,Actividades de quema de combustible,Transporte,Aviación civil cabotaje,1A3a,1,"0,0",Sin emisión/remoción
1238,2017,2,Actividades de quema de combustible,Transporte,Aviación civil cabotaje,1A3a,1,"0,0",Sin emisión/remoción
1239,2018,2,Actividades de quema de combustible,Transporte,Aviación civil cabotaje,1A3a,1,"0,0",Sin emisión/remoción
1240,2019,2,Actividades de quema de combustible,Transporte,Aviación civil cabotaje,1A3a,1,"0,0",Sin emisión/remoción
1241,2020,2,Actividades de quema de combustible,Transporte,Aviación civil cabotaje,1A3a,1,"0,0",Sin emisión/remoción
1242,2021,2,Actividades de quema de combustible,Transporte,Aviación civil cabotaje,1A3a,1,"0,0",Sin emisión/remoción
1243,2022,2,Actividades de quema de combustible,Transporte,Aviación civil cabotaje,1A3a,1,"0,0",Sin emisión/remoción
1244,1990,2,Actividades de quema de combustible,Transporte,Aviación civil cabotaje,1A3a,4,"0,01",Emisión
1245,1991,2,Actividades de quema de combustible,Transporte,Aviación civil cabotaje,1A3a,4,"0,0",Sin emisión/remoción
1246,1992,2,Actividades de quema de combustible,Transporte,Aviación civil cabotaje,1A3a,4,"0,01",Emisión
1247,1993,2,Actividades de quema de combustible,Transporte,Aviación civil cabotaje,1A3a,4,"0,01",Emisión
1248,1994,2,Actividades de quema de combustible,Transporte,Aviación civil cabotaje,1A3a,4,"0,01",Emisión
1249,1995,2,Actividades de quema de combustible,Transporte,Aviación civil cabotaje,1A3a,4,"0,01",Emisión
1250,1996,2,Actividades de quema de combustible,Transporte,Aviación civil cabotaje,1A3a,4,"0,01",Emisión
1251,1997,2,Actividades de quema de combustible,Transporte,Aviación civil cabotaje,1A3a,4,"0,01",Emisión
1252,1998,2,Actividades de quema de combustible,Transporte,Aviación civil cabotaje,1A3a,4,"0,01",Emisión
1253,1999,2,Actividades de quema de combustible,Transporte,Aviación civil cabotaje,1A3a,4,"0,01",Emisión
1254,2000,2,Actividades de quema de combustible,Transporte,Aviación civil cabotaje,1A3a,4,"0,01",Emisión
1255,2001,2,Actividades de quema de combustible,Transporte,Aviación civil cabotaje,1A3a,4,"0,01",Emisión
1256,2002,2,Actividades de quema de combustible,Transporte,Aviación civil cabotaje,1A3a,4,"0,01",Emisión
1257,2003,2,Actividades de quema de combustible,Transporte,Aviación civil cabotaje,1A3a,4,"0,01",Emisión
1258,2004,2,Actividades de quema de combustible,Transporte,Aviación civil cabotaje,1A3a,4,"0,01",Emisión
1259,2005,2,Actividades de quema de combustible,Transporte,Aviación civil cabotaje,1A3a,4,"0,01",Emisión
1260,2006,2,Actividades de quema de combustible,Transporte,Aviación civil cabotaje,1A3a,4,"0,01",Emisión
1261,2007,2,Actividades de quema de combustible,Transporte,Aviación civil cabotaje,1A3a,4,"0,01",Emisión
1262,2008,2,Actividades de quema de combustible,Transporte,Aviación civil cabotaje,1A3a,4,"0,01",Emisión
1263,2009,2,Actividades de quema de combustible,Transporte,Aviación civil cabotaje,1A3a,4,"0,01",Emisión
1264,2010,2,Actividades de quema de combustible,Transporte,Aviación civil cabotaje,1A3a,4,"0,02",Emisión
1265,2011,2,Actividades de quema de combustible,Transporte,Aviación civil cabotaje,1A3a,4,"0,01",Emisión
1266,2012,2,Actividades de quema de combustible,Transporte,Aviación civil cabotaje,1A3a,4,"0,01",Emisión
1267,2013,2,Actividades de quema de combustible,Transporte,Aviación civil cabotaje,1A3a,4,"0,01",Emisión
1268,2014,2,Actividades de quema de combustible,Transporte,Aviación civil cabotaje,1A3a,4,"0,01",Emisión
1269,2015,2,Actividades de quema de combustible,Transporte,Aviación civil cabotaje,1A3a,4,"0,01",Emisión
1270,2016,2,Actividades de quema de combustible,Transporte,Aviación civil cabotaje,1A3a,4,"0,01",Emisión
1271,2017,2,Actividades de quema de combustible,Transporte,Aviación civil cabotaje,1A3a,4,"0,01",Emisión
1272,2018,2,Actividades de quema de combustible,Transporte,Aviación civil cabotaje,1A3a,4,"0,01",Emisión
1273,2019,2,Actividades de quema de combustible,Transporte,Aviación civil cabotaje,1A3a,4,"0,01",Emisión
1274,2020,2,Actividades de quema de combustible,Transporte,Aviación civil cabotaje,1A3a,4,"0,0",Sin emisión/remoción
1275,2021,2,Actividades de quema de combustible,Transporte,Aviación civil cabotaje,1A3a,4,"0,01",Emisión
1276,2022,2,Actividades de quema de combustible,Transporte,Aviación civil cabotaje,1A3a,4,"0,01",Emisión
1277,2010,2,Actividades de quema de combustible,Transporte,Transporte terrestre por carretera,1A3biii,2,"5,12",Emisión
1278,2011,2,Actividades de quema de combustible,Transporte,Transporte terrestre por carretera,1A3biii,2,"4,23",Emisión
1279,2012,2,Actividades de quema de combustible,Transporte,Transporte terrestre por carretera,1A3biii,2,"3,26",Emisión
1280,2013,2,Actividades de quema de combustible,Transporte,Transporte terrestre por carretera,1A3biii,2,"3,91",Emisión
1281,2014,2,Actividades de quema de combustible,Transporte,Transporte terrestre por carretera,1A3biii,2,"3,7",Emisión
1282,2015,2,Actividades de quema de combustible,Transporte,Transporte terrestre por carretera,1A3biii,2,"4,23",Emisión
1283,2016,2,Actividades de quema de combustible,Transporte,Transporte terrestre por carretera,1A3biii,2,"4,5",Emisión
1284,2017,2,Actividades de quema de combustible,Transporte,Transporte terrestre por carretera,1A3biii,2,"4,91",Emisión
1285,2018,2,Actividades de quema de combustible,Transporte,Transporte terrestre por carretera,1A3biii,2,"5,3",Emisión
1286,2019,2,Actividades de quema de combustible,Transporte,Transporte terrestre por carretera,1A3biii,2,"4,83",Emisión
1287,2020,2,Actividades de quema de combustible,Transporte,Transporte terrestre por carretera,1A3biii,2,"3,8",Emisión
1288,2021,2,Actividades de quema de combustible,Transporte,Transporte terrestre por carretera,1A3biii,2,"4,78",Emisión
1289,2022,2,Actividades de quema de combustible,Transporte,Transporte terrestre por carretera,1A3biii,2,"5,59",Emisión
1290,2010,2,Actividades de quema de combustible,Transporte,Transporte terrestre por carretera,1A3biii,1,"0,01",Emisión
1291,2011,2,Actividades de quema de combustible,Transporte,Transporte terrestre por carretera,1A3biii,1,"0,01",Emisión
1292,2012,2,Actividades de quema de combustible,Transporte,Transporte terrestre por carretera,1A3biii,1,"0,01",Emisión
1293,2013,2,Actividades de quema de combustible,Transporte,Transporte terrestre por carretera,1A3biii,1,"0,01",Emisión
1294,2014,2,Actividades de quema de combustible,Transporte,Transporte terrestre por carretera,1A3biii,1,"0,01",Emisión
1295,2015,2,Actividades de quema de combustible,Transporte,Transporte terrestre por carretera,1A3biii,1,"0,01",Emisión
1296,2016,2,Actividades de quema de combustible,Transporte,Transporte terrestre por carretera,1A3biii,1,"0,01",Emisión
1297,2017,2,Actividades de quema de combustible,Transporte,Transporte terrestre por carretera,1A3biii,1,"0,01",Emisión
1298,2018,2,Actividades de quema de combustible,Transporte,Transporte terrestre por carretera,1A3biii,1,"0,01",Emisión
1299,2019,2,Actividades de quema de combustible,Transporte,Transporte terrestre por carretera,1A3biii,1,"0,01",Emisión
1300,2020,2,Actividades de quema de combustible,Transporte,Transporte terrestre por carretera,1A3biii,1,"0,01",Emisión
1301,2021,2,Actividades de quema de combustible,Transporte,Transporte terrestre por carretera,1A3biii,1,"0,01",Emisión
1302,2022,2,Actividades de quema de combustible,Transporte,Transporte terrestre por carretera,1A3biii,1,"0,01",Emisión
1303,2010,2,Actividades de quema de combustible,Transporte,Transporte terrestre por carretera,1A3biii,4,"0,08",Emisión
1304,2011,2,Actividades de quema de combustible,Transporte,Transporte terrestre por carretera,1A3biii,4,"0,07",Emisión
1305,2012,2,Actividades de quema de combustible,Transporte,Transporte terrestre por carretera,1A3biii,4,"0,05",Emisión
1306,2013,2,Actividades de quema de combustible,Transporte,Transporte terrestre por carretera,1A3biii,4,"0,06",Emisión
1307,2014,2,Actividades de quema de combustible,Transporte,Transporte terrestre por carretera,1A3biii,4,"0,06",Emisión
1308,2015,2,Actividades de quema de combustible,Transporte,Transporte terrestre por carretera,1A3biii,4,"0,07",Emisión
1309,2016,2,Actividades de quema de combustible,Transporte,Transporte terrestre por carretera,1A3biii,4,"0,07",Emisión
1310,2017,2,Actividades de quema de combustible,Transporte,Transporte terrestre por carretera,1A3biii,4,"0,08",Emisión
1311,2018,2,Actividades de quema de combustible,Transporte,Transporte terrestre por carretera,1A3biii,4,"0,08",Emisión
1312,2019,2,Actividades de quema de combustible,Transporte,Transporte terrestre por carretera,1A3biii,4,"0,08",Emisión
1313,2020,2,Actividades de quema de combustible,Transporte,Transporte terrestre por carretera,1A3biii,4,"0,06",Emisión
1314,2021,2,Actividades de quema de combustible,Transporte,Transporte terrestre por carretera,1A3biii,4,"0,07",Emisión
1315,2022,2,Actividades de quema de combustible,Transporte,Transporte terrestre por carretera,1A3biii,4,"0,09",Emisión
1316,1990,2,Actividades de quema de combustible,Transporte,Transporte terrestre por carretera,1A3bv3,2,"20,32",Emisión
1317,1991,2,Actividades de quema de combustible,Transporte,Transporte terrestre por carretera,1A3bv3,2,"23,76",Emisión
1318,1992,2,Actividades de quema de combustible,Transporte,Transporte terrestre por carretera,1A3bv3,2,"25,1",Emisión
1319,1993,2,Actividades de quema de combustible,Transporte,Transporte terrestre por carretera,1A3bv3,2,"26,86",Emisión
1320,1994,2,Actividades de quema de combustible,Transporte,Transporte terrestre por carretera,1A3bv3,2,"29,82",Emisión
1321,1995,2,Actividades de quema de combustible,Transporte,Transporte terrestre por carretera,1A3bv3,2,"29,07",Emisión
1322,1996,2,Actividades de quema de combustible,Transporte,Transporte terrestre por carretera,1A3bv3,2,"35,91",Emisión
1323,1997,2,Actividades de quema de combustible,Transporte,Transporte terrestre por carretera,1A3bv3,2,"34,7",Emisión
1324,1998,2,Actividades de quema de combustible,Transporte,Transporte terrestre por carretera,1A3bv3,2,"35,89",Emisión
1325,1999,2,Actividades de quema de combustible,Transporte,Transporte terrestre por carretera,1A3bv3,2,"33,35",Emisión
1326,2000,2,Actividades de quema de combustible,Transporte,Transporte terrestre por carretera,1A3bv3,2,"29,95",Emisión
1327,2001,2,Actividades de quema de combustible,Transporte,Transporte terrestre por carretera,1A3bv3,2,"31,17",Emisión
1328,2002,2,Actividades de quema de combustible,Transporte,Transporte terrestre por carretera,1A3bv3,2,"28,8",Emisión
1329,2003,2,Actividades de quema de combustible,Transporte,Transporte terrestre por carretera,1A3bv3,2,"29,73",Emisión
1330,2004,2,Actividades de quema de combustible,Transporte,Transporte terrestre por carretera,1A3bv3,2,"31,89",Emisión
1331,2005,2,Actividades de quema de combustible,Transporte,Transporte terrestre por carretera,1A3bv3,2,"33,1",Emisión
1332,2006,2,Actividades de quema de combustible,Transporte,Transporte terrestre por carretera,1A3bv3,2,"35,69",Emisión
1333,2007,2,Actividades de quema de combustible,Transporte,Transporte terrestre por carretera,1A3bv3,2,"38,83",Emisión
1334,2008,2,Actividades de quema de combustible,Transporte,Transporte terrestre por carretera,1A3bv3,2,"41,07",Emisión
1335,2009,2,Actividades de quema de combustible,Transporte,Transporte terrestre por carretera,1A3bv3,2,"37,66",Emisión
1336,2010,2,Actividades de quema de combustible,Transporte,Transporte terrestre por carretera,1A3bv3,2,"39,88",Emisión
1337,2011,2,Actividades de quema de combustible,Transporte,Transporte terrestre por carretera,1A3bv3,2,"41,59",Emisión
1338,2012,2,Actividades de quema de combustible,Transporte,Transporte terrestre por carretera,1A3bv3,2,"41,41",Emisión
1339,2013,2,Actividades de quema de combustible,Transporte,Transporte terrestre por carretera,1A3bv3,2,"42,14",Emisión
1340,2014,2,Actividades de quema de combustible,Transporte,Transporte terrestre por carretera,1A3bv3,2,"40,64",Emisión
1341,2015,2,Actividades de quema de combustible,Transporte,Transporte terrestre por carretera,1A3bv3,2,"41,4",Emisión
1342,2016,2,Actividades de quema de combustible,Transporte,Transporte terrestre por carretera,1A3bv3,2,"39,91",Emisión
1343,2017,2,Actividades de quema de combustible,Transporte,Transporte terrestre por carretera,1A3bv3,2,"40,1",Emisión
1344,2018,2,Actividades de quema de combustible,Transporte,Transporte terrestre por carretera,1A3bv3,2,"39,68",Emisión
1345,2019,2,Actividades de quema de combustible,Transporte,Transporte terrestre por carretera,1A3bv3,2,"40,22",Emisión
1346,2020,2,Actividades de quema de combustible,Transporte,Transporte terrestre por carretera,1A3bv3,2,"32,14",Emisión
1347,2021,2,Actividades de quema de combustible,Transporte,Transporte terrestre por carretera,1A3bv3,2,"39,58",Emisión
1348,2022,2,Actividades de quema de combustible,Transporte,Transporte terrestre por carretera,1A3bv3,2,"44,52",Emisión
1349,1990,2,Actividades de quema de combustible,Transporte,Transporte terrestre por carretera,1A3bv3,1,"0,15",Emisión
1350,1991,2,Actividades de quema de combustible,Transporte,Transporte terrestre por carretera,1A3bv3,1,"0,21",Emisión
1351,1992,2,Actividades de quema de combustible,Transporte,Transporte terrestre por carretera,1A3bv3,1,"0,22",Emisión
1352,1993,2,Actividades de quema de combustible,Transporte,Transporte terrestre por carretera,1A3bv3,1,"0,24",Emisión
1353,1994,2,Actividades de quema de combustible,Transporte,Transporte terrestre por carretera,1A3bv3,1,"0,27",Emisión
1354,1995,2,Actividades de quema de combustible,Transporte,Transporte terrestre por carretera,1A3bv3,1,"0,27",Emisión
1355,1996,2,Actividades de quema de combustible,Transporte,Transporte terrestre por carretera,1A3bv3,1,"0,33",Emisión
1356,1997,2,Actividades de quema de combustible,Transporte,Transporte terrestre por carretera,1A3bv3,1,"0,32",Emisión
1357,1998,2,Actividades de quema de combustible,Transporte,Transporte terrestre por carretera,1A3bv3,1,"0,34",Emisión
1358,1999,2,Actividades de quema de combustible,Transporte,Transporte terrestre por carretera,1A3bv3,1,"0,32",Emisión
1359,2000,2,Actividades de quema de combustible,Transporte,Transporte terrestre por carretera,1A3bv3,1,"0,31",Emisión
1360,2001,2,Actividades de quema de combustible,Transporte,Transporte terrestre por carretera,1A3bv3,1,"0,32",Emisión
1361,2002,2,Actividades de quema de combustible,Transporte,Transporte terrestre por carretera,1A3bv3,1,"0,31",Emisión
1362,2003,2,Actividades de quema de combustible,Transporte,Transporte terrestre por carretera,1A3bv3,1,"0,36",Emisión
1363,2004,2,Actividades de quema de combustible,Transporte,Transporte terrestre por carretera,1A3bv3,1,"0,4",Emisión
1364,2005,2,Actividades de quema de combustible,Transporte,Transporte terrestre por carretera,1A3bv3,1,"0,4",Emisión
1365,2006,2,Actividades de quema de combustible,Transporte,Transporte terrestre por carretera,1A3bv3,1,"0,42",Emisión
1366,2007,2,Actividades de quema de combustible,Transporte,Transporte terrestre por carretera,1A3bv3,1,"0,42",Emisión
1367,2008,2,Actividades de quema de combustible,Transporte,Transporte terrestre por carretera,1A3bv3,1,"0,45",Emisión
1368,2009,2,Actividades de quema de combustible,Transporte,Transporte terrestre por carretera,1A3bv3,1,"0,42",Emisión
1369,2010,2,Actividades de quema de combustible,Transporte,Transporte terrestre por carretera,1A3bv3,1,"0,45",Emisión
1370,2011,2,Actividades de quema de combustible,Transporte,Transporte terrestre por carretera,1A3bv3,1,"0,47",Emisión
1371,2012,2,Actividades de quema de combustible,Transporte,Transporte terrestre por carretera,1A3bv3,1,"0,49",Emisión
1372,2013,2,Actividades de quema de combustible,Transporte,Transporte terrestre por carretera,1A3bv3,1,"0,5",Emisión
1373,2014,2,Actividades de quema de combustible,Transporte,Transporte terrestre por carretera,1A3bv3,1,"0,5",Emisión
1374,2015,2,Actividades de quema de combustible,Transporte,Transporte terrestre por carretera,1A3bv3,1,"0,52",Emisión
1375,2016,2,Actividades de quema de combustible,Transporte,Transporte terrestre por carretera,1A3bv3,1,"0,51",Emisión
1376,2017,2,Actividades de quema de combustible,Transporte,Transporte terrestre por carretera,1A3bv3,1,"0,49",Emisión
1377,2018,2,Actividades de quema de combustible,Transporte,Transporte terrestre por carretera,1A3bv3,1,"0,48",Emisión
1378,2019,2,Actividades de quema de combustible,Transporte,Transporte terrestre por carretera,1A3bv3,1,"0,49",Emisión
1379,2020,2,Actividades de quema de combustible,Transporte,Transporte terrestre por carretera,1A3bv3,1,"0,36",Emisión
1380,2021,2,Actividades de quema de combustible,Transporte,Transporte terrestre por carretera,1A3bv3,1,"0,47",Emisión
1381,2022,2,Actividades de quema de combustible,Transporte,Transporte terrestre por carretera,1A3bv3,1,"0,51",Emisión
1382,1990,2,Actividades de quema de combustible,Transporte,Transporte terrestre por carretera,1A3bv3,4,"0,27",Emisión
1383,1991,2,Actividades de quema de combustible,Transporte,Transporte terrestre por carretera,1A3bv3,4,"0,31",Emisión
1384,1992,2,Actividades de quema de combustible,Transporte,Transporte terrestre por carretera,1A3bv3,4,"0,33",Emisión
1385,1993,2,Actividades de quema de combustible,Transporte,Transporte terrestre por carretera,1A3bv3,4,"0,36",Emisión
1386,1994,2,Actividades de quema de combustible,Transporte,Transporte terrestre por carretera,1A3bv3,4,"0,4",Emisión
1387,1995,2,Actividades de quema de combustible,Transporte,Transporte terrestre por carretera,1A3bv3,4,"0,39",Emisión
1388,1996,2,Actividades de quema de combustible,Transporte,Transporte terrestre por carretera,1A3bv3,4,"0,48",Emisión
1389,1997,2,Actividades de quema de combustible,Transporte,Transporte terrestre por carretera,1A3bv3,4,"0,46",Emisión
1390,1998,2,Actividades de quema de combustible,Transporte,Transporte terrestre por carretera,1A3bv3,4,"0,48",Emisión
1391,1999,2,Actividades de quema de combustible,Transporte,Transporte terrestre por carretera,1A3bv3,4,"0,45",Emisión
1392,2000,2,Actividades de quema de combustible,Transporte,Transporte terrestre por carretera,1A3bv3,4,"0,4",Emisión
1393,2001,2,Actividades de quema de combustible,Transporte,Transporte terrestre por carretera,1A3bv3,4,"0,42",Emisión
1394,2002,2,Actividades de quema de combustible,Transporte,Transporte terrestre por carretera,1A3bv3,4,"0,39",Emisión
1395,2003,2,Actividades de quema de combustible,Transporte,Transporte terrestre por carretera,1A3bv3,4,"0,41",Emisión
1396,2004,2,Actividades de quema de combustible,Transporte,Transporte terrestre por carretera,1A3bv3,4,"0,44",Emisión
1397,2005,2,Actividades de quema de combustible,Transporte,Transporte terrestre por carretera,1A3bv3,4,"0,46",Emisión
1398,2006,2,Actividades de quema de combustible,Transporte,Transporte terrestre por carretera,1A3bv3,4,"0,49",Emisión
1399,2007,2,Actividades de quema de combustible,Transporte,Transporte terrestre por carretera,1A3bv3,4,"0,53",Emisión
1400,2008,2,Actividades de quema de combustible,Transporte,Transporte terrestre por carretera,1A3bv3,4,"0,56",Emisión
1401,2009,2,Actividades de quema de combustible,Transporte,Transporte terrestre por carretera,1A3bv3,4,"0,51",Emisión
1402,2010,2,Actividades de quema de combustible,Transporte,Transporte terrestre por carretera,1A3bv3,4,"0,56",Emisión
1403,2011,2,Actividades de quema de combustible,Transporte,Transporte terrestre por carretera,1A3bv3,4,"0,58",Emisión
1404,2012,2,Actividades de quema de combustible,Transporte,Transporte terrestre por carretera,1A3bv3,4,"0,58",Emisión
1405,2013,2,Actividades de quema de combustible,Transporte,Transporte terrestre por carretera,1A3bv3,4,"0,6",Emisión
1406,2014,2,Actividades de quema de combustible,Transporte,Transporte terrestre por carretera,1A3bv3,4,"0,58",Emisión
1407,2015,2,Actividades de quema de combustible,Transporte,Transporte terrestre por carretera,1A3bv3,4,"0,59",Emisión
1408,2016,2,Actividades de quema de combustible,Transporte,Transporte terrestre por carretera,1A3bv3,4,"0,57",Emisión
1409,2017,2,Actividades de quema de combustible,Transporte,Transporte terrestre por carretera,1A3bv3,4,"0,58",Emisión
1410,2018,2,Actividades de quema de combustible,Transporte,Transporte terrestre por carretera,1A3bv3,4,"0,57",Emisión
1411,2019,2,Actividades de quema de combustible,Transporte,Transporte terrestre por carretera,1A3bv3,4,"0,58",Emisión
1412,2020,2,Actividades de quema de combustible,Transporte,Transporte terrestre por carretera,1A3bv3,4,"0,45",Emisión
1413,2021,2,Actividades de quema de combustible,Transporte,Transporte terrestre por carretera,1A3bv3,4,"0,56",Emisión
1414,2022,2,Actividades de quema de combustible,Transporte,Transporte terrestre por carretera,1A3bv3,4,"0,63",Emisión
1415,2010,2,Actividades de quema de combustible,Transporte,Ferrocarriles,1A3c,2,"0,21",Emisión
1416,2011,2,Actividades de quema de combustible,Transporte,Ferrocarriles,1A3c,2,"0,22",Emisión
1417,2012,2,Actividades de quema de combustible,Transporte,Ferrocarriles,1A3c,2,"0,21",Emisión
1418,2013,2,Actividades de quema de combustible,Transporte,Ferrocarriles,1A3c,2,"0,18",Emisión
1419,2014,2,Actividades de quema de combustible,Transporte,Ferrocarriles,1A3c,2,"0,14",Emisión
1420,2015,2,Actividades de quema de combustible,Transporte,Ferrocarriles,1A3c,2,"0,09",Emisión
1421,2016,2,Actividades de quema de combustible,Transporte,Ferrocarriles,1A3c,2,"0,04",Emisión
1422,2017,2,Actividades de quema de combustible,Transporte,Ferrocarriles,1A3c,2,"0,04",Emisión
1423,2018,2,Actividades de quema de combustible,Transporte,Ferrocarriles,1A3c,2,"0,06",Emisión
1424,2019,2,Actividades de quema de combustible,Transporte,Ferrocarriles,1A3c,2,"0,09",Emisión
1425,2020,2,Actividades de quema de combustible,Transporte,Ferrocarriles,1A3c,2,"0,04",Emisión
1426,2021,2,Actividades de quema de combustible,Transporte,Ferrocarriles,1A3c,2,"0,03",Emisión
1427,2022,2,Actividades de quema de combustible,Transporte,Ferrocarriles,1A3c,2,"0,03",Emisión
1428,2010,2,Actividades de quema de combustible,Transporte,Ferrocarriles,1A3c,1,"0,0",Sin emisión/remoción
1429,2011,2,Actividades de quema de combustible,Transporte,Ferrocarriles,1A3c,1,"0,0",Sin emisión/remoción
1430,2012,2,Actividades de quema de combustible,Transporte,Ferrocarriles,1A3c,1,"0,0",Sin emisión/remoción
1431,2013,2,Actividades de quema de combustible,Transporte,Ferrocarriles,1A3c,1,"0,0",Sin emisión/remoción
1432,2014,2,Actividades de quema de combustible,Transporte,Ferrocarriles,1A3c,1,"0,0",Sin emisión/remoción
1433,2015,2,Actividades de quema de combustible,Transporte,Ferrocarriles,1A3c,1,"0,0",Sin emisión/remoción
1434,2016,2,Actividades de quema de combustible,Transporte,Ferrocarriles,1A3c,1,"0,0",Sin emisión/remoción
1435,2017,2,Actividades de quema de combustible,Transporte,Ferrocarriles,1A3c,1,"0,0",Sin emisión/remoción
1436,2018,2,Actividades de quema de combustible,Transporte,Ferrocarriles,1A3c,1,"0,0",Sin emisión/remoción
1437,2019,2,Actividades de quema de combustible,Transporte,Ferrocarriles,1A3c,1,"0,0",Sin emisión/remoción
1438,2020,2,Actividades de quema de combustible,Transporte,Ferrocarriles,1A3c,1,"0,0",Sin emisión/remoción
1439,2021,2,Actividades de quema de combustible,Transporte,Ferrocarriles,1A3c,1,"0,0",Sin emisión/remoción
1440,2022,2,Actividades de quema de combustible,Transporte,Ferrocarriles,1A3c,1,"0,0",Sin emisión/remoción
1441,2010,2,Actividades de quema de combustible,Transporte,Ferrocarriles,1A3c,4,"0,02",Emisión
1442,2011,2,Actividades de quema de combustible,Transporte,Ferrocarriles,1A3c,4,"0,02",Emisión
1443,2012,2,Actividades de quema de combustible,Transporte,Ferrocarriles,1A3c,4,"0,02",Emisión
1444,2013,2,Actividades de quema de combustible,Transporte,Ferrocarriles,1A3c,4,"0,02",Emisión
1445,2014,2,Actividades de quema de combustible,Transporte,Ferrocarriles,1A3c,4,"0,01",Emisión
1446,2015,2,Actividades de quema de combustible,Transporte,Ferrocarriles,1A3c,4,"0,01",Emisión
1447,2016,2,Actividades de quema de combustible,Transporte,Ferrocarriles,1A3c,4,"0,0",Sin emisión/remoción
1448,2017,2,Actividades de quema de combustible,Transporte,Ferrocarriles,1A3c,4,"0,0",Sin emisión/remoción
1449,2018,2,Actividades de quema de combustible,Transporte,Ferrocarriles,1A3c,4,"0,01",Emisión
1450,2019,2,Actividades de quema de combustible,Transporte,Ferrocarriles,1A3c,4,"0,01",Emisión
1451,2020,2,Actividades de quema de combustible,Transporte,Ferrocarriles,1A3c,4,"0,0",Sin emisión/remoción
1452,2021,2,Actividades de quema de combustible,Transporte,Ferrocarriles,1A3c,4,"0,0",Sin emisión/remoción
1453,2022,2,Actividades de quema de combustible,Transporte,Ferrocarriles,1A3c,4,"0,0",Sin emisión/remoción
1454,1990,2,Actividades de quema de combustible,Transporte,Navegación marítima y fluvial nacional,1A3d,2,"0,41",Emisión
1455,1991,2,Actividades de quema de combustible,Transporte,Navegación marítima y fluvial nacional,1A3d,2,"0,13",Emisión
1456,1992,2,Actividades de quema de combustible,Transporte,Navegación marítima y fluvial nacional,1A3d,2,"0,02",Emisión
1457,1993,2,Actividades de quema de combustible,Transporte,Navegación marítima y fluvial nacional,1A3d,2,"0,03",Emisión
1458,1994,2,Actividades de quema de combustible,Transporte,Navegación marítima y fluvial nacional,1A3d,2,"0,05",Emisión
1459,1995,2,Actividades de quema de combustible,Transporte,Navegación marítima y fluvial nacional,1A3d,2,"0,16",Emisión
1460,1996,2,Actividades de quema de combustible,Transporte,Navegación marítima y fluvial nacional,1A3d,2,"0,22",Emisión
1461,1997,2,Actividades de quema de combustible,Transporte,Navegación marítima y fluvial nacional,1A3d,2,"0,21",Emisión
1462,1998,2,Actividades de quema de combustible,Transporte,Navegación marítima y fluvial nacional,1A3d,2,"0,26",Emisión
1463,1999,2,Actividades de quema de combustible,Transporte,Navegación marítima y fluvial nacional,1A3d,2,"0,2",Emisión
1464,2000,2,Actividades de quema de combustible,Transporte,Navegación marítima y fluvial nacional,1A3d,2,"0,19",Emisión
1465,2001,2,Actividades de quema de combustible,Transporte,Navegación marítima y fluvial nacional,1A3d,2,"0,36",Emisión
1466,2002,2,Actividades de quema de combustible,Transporte,Navegación marítima y fluvial nacional,1A3d,2,"0,26",Emisión
1467,2003,2,Actividades de quema de combustible,Transporte,Navegación marítima y fluvial nacional,1A3d,2,"0,32",Emisión
1468,2004,2,Actividades de quema de combustible,Transporte,Navegación marítima y fluvial nacional,1A3d,2,"0,31",Emisión
1469,2005,2,Actividades de quema de combustible,Transporte,Navegación marítima y fluvial nacional,1A3d,2,"0,16",Emisión
1470,2006,2,Actividades de quema de combustible,Transporte,Navegación marítima y fluvial nacional,1A3d,2,"0,24",Emisión
1471,2007,2,Actividades de quema de combustible,Transporte,Navegación marítima y fluvial nacional,1A3d,2,"0,37",Emisión
1472,2008,2,Actividades de quema de combustible,Transporte,Navegación marítima y fluvial nacional,1A3d,2,"0,22",Emisión
1473,2009,2,Actividades de quema de combustible,Transporte,Navegación marítima y fluvial nacional,1A3d,2,"0,11",Emisión
1474,2010,2,Actividades de quema de combustible,Transporte,Navegación marítima y fluvial nacional,1A3d,2,"0,99",Emisión
1475,2011,2,Actividades de quema de combustible,Transporte,Navegación marítima y fluvial nacional,1A3d,2,"1,37",Emisión
1476,2012,2,Actividades de quema de combustible,Transporte,Navegación marítima y fluvial nacional,1A3d,2,"1,34",Emisión
1477,2013,2,Actividades de quema de combustible,Transporte,Navegación marítima y fluvial nacional,1A3d,2,"1,02",Emisión
1478,2014,2,Actividades de quema de combustible,Transporte,Navegación marítima y fluvial nacional,1A3d,2,"1,02",Emisión
1479,2015,2,Actividades de quema de combustible,Transporte,Navegación marítima y fluvial nacional,1A3d,2,"1,04",Emisión
1480,2016,2,Actividades de quema de combustible,Transporte,Navegación marítima y fluvial nacional,1A3d,2,"1,1",Emisión
1481,2017,2,Actividades de quema de combustible,Transporte,Navegación marítima y fluvial nacional,1A3d,2,"0,91",Emisión
1482,2018,2,Actividades de quema de combustible,Transporte,Navegación marítima y fluvial nacional,1A3d,2,"0,95",Emisión
1483,2019,2,Actividades de quema de combustible,Transporte,Navegación marítima y fluvial nacional,1A3d,2,"0,74",Emisión
1484,2020,2,Actividades de quema de combustible,Transporte,Navegación marítima y fluvial nacional,1A3d,2,"0,67",Emisión
1485,2021,2,Actividades de quema de combustible,Transporte,Navegación marítima y fluvial nacional,1A3d,2,"0,8",Emisión
1486,2022,2,Actividades de quema de combustible,Transporte,Navegación marítima y fluvial nacional,1A3d,2,"1,13",Emisión
1487,1990,2,Actividades de quema de combustible,Transporte,Navegación marítima y fluvial nacional,1A3d,1,"0,0",Sin emisión/remoción
1488,1991,2,Actividades de quema de combustible,Transporte,Navegación marítima y fluvial nacional,1A3d,1,"0,0",Sin emisión/remoción
1489,1992,2,Actividades de quema de combustible,Transporte,Navegación marítima y fluvial nacional,1A3d,1,"0,0",Sin emisión/remoción
1490,1993,2,Actividades de quema de combustible,Transporte,Navegación marítima y fluvial nacional,1A3d,1,"0,0",Sin emisión/remoción
1491,1994,2,Actividades de quema de combustible,Transporte,Navegación marítima y fluvial nacional,1A3d,1,"0,0",Sin emisión/remoción
1492,1995,2,Actividades de quema de combustible,Transporte,Navegación marítima y fluvial nacional,1A3d,1,"0,0",Sin emisión/remoción
1493,1996,2,Actividades de quema de combustible,Transporte,Navegación marítima y fluvial nacional,1A3d,1,"0,0",Sin emisión/remoción
1494,1997,2,Actividades de quema de combustible,Transporte,Navegación marítima y fluvial nacional,1A3d,1,"0,0",Sin emisión/remoción
1495,1998,2,Actividades de quema de combustible,Transporte,Navegación marítima y fluvial nacional,1A3d,1,"0,0",Sin emisión/remoción
1496,1999,2,Actividades de quema de combustible,Transporte,Navegación marítima y fluvial nacional,1A3d,1,"0,0",Sin emisión/remoción
1497,2000,2,Actividades de quema de combustible,Transporte,Navegación marítima y fluvial nacional,1A3d,1,"0,0",Sin emisión/remoción
1498,2001,2,Actividades de quema de combustible,Transporte,Navegación marítima y fluvial nacional,1A3d,1,"0,0",Sin emisión/remoción
1499,2002,2,Actividades de quema de combustible,Transporte,Navegación marítima y fluvial nacional,1A3d,1,"0,0",Sin emisión/remoción
1500,2003,2,Actividades de quema de combustible,Transporte,Navegación marítima y fluvial nacional,1A3d,1,"0,0",Sin emisión/remoción
1501,2004,2,Actividades de quema de combustible,Transporte,Navegación marítima y fluvial nacional,1A3d,1,"0,0",Sin emisión/remoción
1502,2005,2,Actividades de quema de combustible,Transporte,Navegación marítima y fluvial nacional,1A3d,1,"0,0",Sin emisión/remoción
1503,2006,2,Actividades de quema de combustible,Transporte,Navegación marítima y fluvial nacional,1A3d,1,"0,0",Sin emisión/remoción
1504,2007,2,Actividades de quema de combustible,Transporte,Navegación marítima y fluvial nacional,1A3d,1,"0,0",Sin emisión/remoción
1505,2008,2,Actividades de quema de combustible,Transporte,Navegación marítima y fluvial nacional,1A3d,1,"0,0",Sin emisión/remoción
1506,2009,2,Actividades de quema de combustible,Transporte,Navegación marítima y fluvial nacional,1A3d,1,"0,0",Sin emisión/remoción
1507,2010,2,Actividades de quema de combustible,Transporte,Navegación marítima y fluvial nacional,1A3d,1,"0,0",Sin emisión/remoción
1508,2011,2,Actividades de quema de combustible,Transporte,Navegación marítima y fluvial nacional,1A3d,1,"0,0",Sin emisión/remoción
1509,2012,2,Actividades de quema de combustible,Transporte,Navegación marítima y fluvial nacional,1A3d,1,"0,0",Sin emisión/remoción
1510,2013,2,Actividades de quema de combustible,Transporte,Navegación marítima y fluvial nacional,1A3d,1,"0,0",Sin emisión/remoción
1511,2014,2,Actividades de quema de combustible,Transporte,Navegación marítima y fluvial nacional,1A3d,1,"0,0",Sin emisión/remoción
1512,2015,2,Actividades de quema de combustible,Transporte,Navegación marítima y fluvial nacional,1A3d,1,"0,0",Sin emisión/remoción
1513,2016,2,Actividades de quema de combustible,Transporte,Navegación marítima y fluvial nacional,1A3d,1,"0,0",Sin emisión/remoción
1514,2017,2,Actividades de quema de combustible,Transporte,Navegación marítima y fluvial nacional,1A3d,1,"0,0",Sin emisión/remoción
1515,2018,2,Actividades de quema de combustible,Transporte,Navegación marítima y fluvial nacional,1A3d,1,"0,0",Sin emisión/remoción
1516,2019,2,Actividades de quema de combustible,Transporte,Navegación marítima y fluvial nacional,1A3d,1,"0,0",Sin emisión/remoción
1517,2020,2,Actividades de quema de combustible,Transporte,Navegación marítima y fluvial nacional,1A3d,1,"0,0",Sin emisión/remoción
1518,2021,2,Actividades de quema de combustible,Transporte,Navegación marítima y fluvial nacional,1A3d,1,"0,0",Sin emisión/remoción
1519,2022,2,Actividades de quema de combustible,Transporte,Navegación marítima y fluvial nacional,1A3d,1,"0,0",Sin emisión/remoción
1520,1990,2,Actividades de quema de combustible,Transporte,Navegación marítima y fluvial nacional,1A3d,4,"0,0",Sin emisión/remoción
1521,1991,2,Actividades de quema de combustible,Transporte,Navegación marítima y fluvial nacional,1A3d,4,"0,0",Sin emisión/remoción
1522,1992,2,Actividades de quema de combustible,Transporte,Navegación marítima y fluvial nacional,1A3d,4,"0,0",Sin emisión/remoción
1523,1993,2,Actividades de quema de combustible,Transporte,Navegación marítima y fluvial nacional,1A3d,4,"0,0",Sin emisión/remoción
1524,1994,2,Actividades de quema de combustible,Transporte,Navegación marítima y fluvial nacional,1A3d,4,"0,0",Sin emisión/remoción
1525,1995,2,Actividades de quema de combustible,Transporte,Navegación marítima y fluvial nacional,1A3d,4,"0,0",Sin emisión/remoción
1526,1996,2,Actividades de quema de combustible,Transporte,Navegación marítima y fluvial nacional,1A3d,4,"0,0",Sin emisión/remoción
1527,1997,2,Actividades de quema de combustible,Transporte,Navegación marítima y fluvial nacional,1A3d,4,"0,0",Sin emisión/remoción
1528,1998,2,Actividades de quema de combustible,Transporte,Navegación marítima y fluvial nacional,1A3d,4,"0,0",Sin emisión/remoción
1529,1999,2,Actividades de quema de combustible,Transporte,Navegación marítima y fluvial nacional,1A3d,4,"0,0",Sin emisión/remoción
1530,2000,2,Actividades de quema de combustible,Transporte,Navegación marítima y fluvial nacional,1A3d,4,"0,0",Sin emisión/remoción
1531,2001,2,Actividades de quema de combustible,Transporte,Navegación marítima y fluvial nacional,1A3d,4,"0,0",Sin emisión/remoción
1532,2002,2,Actividades de quema de combustible,Transporte,Navegación marítima y fluvial nacional,1A3d,4,"0,0",Sin emisión/remoción
1533,2003,2,Actividades de quema de combustible,Transporte,Navegación marítima y fluvial nacional,1A3d,4,"0,0",Sin emisión/remoción
1534,2004,2,Actividades de quema de combustible,Transporte,Navegación marítima y fluvial nacional,1A3d,4,"0,0",Sin emisión/remoción
1535,2005,2,Actividades de quema de combustible,Transporte,Navegación marítima y fluvial nacional,1A3d,4,"0,0",Sin emisión/remoción
1536,2006,2,Actividades de quema de combustible,Transporte,Navegación marítima y fluvial nacional,1A3d,4,"0,0",Sin emisión/remoción
1537,2007,2,Actividades de quema de combustible,Transporte,Navegación marítima y fluvial nacional,1A3d,4,"0,0",Sin emisión/remoción
1538,2008,2,Actividades de quema de combustible,Transporte,Navegación marítima y fluvial nacional,1A3d,4,"0,0",Sin emisión/remoción
1539,2009,2,Actividades de quema de combustible,Transporte,Navegación marítima y fluvial nacional,1A3d,4,"0,0",Sin emisión/remoción
1540,2010,2,Actividades de quema de combustible,Transporte,Navegación marítima y fluvial nacional,1A3d,4,"0,01",Emisión
1541,2011,2,Actividades de quema de combustible,Transporte,Navegación marítima y fluvial nacional,1A3d,4,"0,01",Emisión
1542,2012,2,Actividades de quema de combustible,Transporte,Navegación marítima y fluvial nacional,1A3d,4,"0,01",Emisión
1543,2013,2,Actividades de quema de combustible,Transporte,Navegación marítima y fluvial nacional,1A3d,4,"0,01",Emisión
1544,2014,2,Actividades de quema de combustible,Transporte,Navegación marítima y fluvial nacional,1A3d,4,"0,01",Emisión
1545,2015,2,Actividades de quema de combustible,Transporte,Navegación marítima y fluvial nacional,1A3d,4,"0,01",Emisión
1546,2016,2,Actividades de quema de combustible,Transporte,Navegación marítima y fluvial nacional,1A3d,4,"0,01",Emisión
1547,2017,2,Actividades de quema de combustible,Transporte,Navegación marítima y fluvial nacional,1A3d,4,"0,01",Emisión
1548,2018,2,Actividades de quema de combustible,Transporte,Navegación marítima y fluvial nacional,1A3d,4,"0,01",Emisión
1549,2019,2,Actividades de quema de combustible,Transporte,Navegación marítima y fluvial nacional,1A3d,4,"0,01",Emisión
1550,2020,2,Actividades de quema de combustible,Transporte,Navegación marítima y fluvial nacional,1A3d,4,"0,0",Sin emisión/remoción
1551,2021,2,Actividades de quema de combustible,Transporte,Navegación marítima y fluvial nacional,1A3d,4,"0,01",Emisión
1552,2022,2,Actividades de quema de combustible,Transporte,Navegación marítima y fluvial nacional,1A3d,4,"0,01",Emisión
1553,1990,2,Actividades de quema de combustible,Transporte,Otro tipo de transporte,1A3ei,2,"0,84",Emisión
1554,1991,2,Actividades de quema de combustible,Transporte,Otro tipo de transporte,1A3ei,2,"1,25",Emisión
1555,1992,2,Actividades de quema de combustible,Transporte,Otro tipo de transporte,1A3ei,2,"1,02",Emisión
1556,1993,2,Actividades de quema de combustible,Transporte,Otro tipo de transporte,1A3ei,2,"0,79",Emisión
1557,1994,2,Actividades de quema de combustible,Transporte,Otro tipo de transporte,1A3ei,2,"0,84",Emisión
1558,1995,2,Actividades de quema de combustible,Transporte,Otro tipo de transporte,1A3ei,2,"0,9",Emisión
1559,1996,2,Actividades de quema de combustible,Transporte,Otro tipo de transporte,1A3ei,2,"1,19",Emisión
1560,1997,2,Actividades de quema de combustible,Transporte,Otro tipo de transporte,1A3ei,2,"1,43",Emisión
1561,1998,2,Actividades de quema de combustible,Transporte,Otro tipo de transporte,1A3ei,2,"1,81",Emisión
1562,1999,2,Actividades de quema de combustible,Transporte,Otro tipo de transporte,1A3ei,2,"1,93",Emisión
1563,2000,2,Actividades de quema de combustible,Transporte,Otro tipo de transporte,1A3ei,2,"2,08",Emisión
1564,2001,2,Actividades de quema de combustible,Transporte,Otro tipo de transporte,1A3ei,2,"2,0",Emisión
1565,2002,2,Actividades de quema de combustible,Transporte,Otro tipo de transporte,1A3ei,2,"1,83",Emisión
1566,2003,2,Actividades de quema de combustible,Transporte,Otro tipo de transporte,1A3ei,2,"2,05",Emisión
1567,2004,2,Actividades de quema de combustible,Transporte,Otro tipo de transporte,1A3ei,2,"2,46",Emisión
1568,2005,2,Actividades de quema de combustible,Transporte,Otro tipo de transporte,1A3ei,2,"2,58",Emisión
1569,2006,2,Actividades de quema de combustible,Transporte,Otro tipo de transporte,1A3ei,2,"2,82",Emisión
1570,2007,2,Actividades de quema de combustible,Transporte,Otro tipo de transporte,1A3ei,2,"2,83",Emisión
1571,2008,2,Actividades de quema de combustible,Transporte,Otro tipo de transporte,1A3ei,2,"2,7",Emisión
1572,2009,2,Actividades de quema de combustible,Transporte,Otro tipo de transporte,1A3ei,2,"2,5",Emisión
1573,2010,2,Actividades de quema de combustible,Transporte,Otro tipo de transporte,1A3ei,2,"2,55",Emisión
1574,2011,2,Actividades de quema de combustible,Transporte,Otro tipo de transporte,1A3ei,2,"2,52",Emisión
1575,2012,2,Actividades de quema de combustible,Transporte,Otro tipo de transporte,1A3ei,2,"2,57",Emisión
1576,2013,2,Actividades de quema de combustible,Transporte,Otro tipo de transporte,1A3ei,2,"2,4",Emisión
1577,2014,2,Actividades de quema de combustible,Transporte,Otro tipo de transporte,1A3ei,2,"2,4",Emisión
1578,2015,2,Actividades de quema de combustible,Transporte,Otro tipo de transporte,1A3ei,2,"2,23",Emisión
1579,2016,2,Actividades de quema de combustible,Transporte,Otro tipo de transporte,1A3ei,2,"1,71",Emisión
1580,2017,2,Actividades de quema de combustible,Transporte,Otro tipo de transporte,1A3ei,2,"1,9",Emisión
1581,2018,2,Actividades de quema de combustible,Transporte,Otro tipo de transporte,1A3ei,2,"1,67",Emisión
1582,2019,2,Actividades de quema de combustible,Transporte,Otro tipo de transporte,1A3ei,2,"1,82",Emisión
1583,2020,2,Actividades de quema de combustible,Transporte,Otro tipo de transporte,1A3ei,2,"1,58",Emisión
1584,2021,2,Actividades de quema de combustible,Transporte,Otro tipo de transporte,1A3ei,2,"1,46",Emisión
1585,2022,2,Actividades de quema de combustible,Transporte,Otro tipo de transporte,1A3ei,2,"1,81",Emisión
1586,1990,2,Actividades de quema de combustible,Transporte,Otro tipo de transporte,1A3ei,1,"0,0",Sin emisión/remoción
1587,1991,2,Actividades de quema de combustible,Transporte,Otro tipo de transporte,1A3ei,1,"0,0",Sin emisión/remoción
1588,1992,2,Actividades de quema de combustible,Transporte,Otro tipo de transporte,1A3ei,1,"0,0",Sin emisión/remoción
1589,1993,2,Actividades de quema de combustible,Transporte,Otro tipo de transporte,1A3ei,1,"0,0",Sin emisión/remoción
1590,1994,2,Actividades de quema de combustible,Transporte,Otro tipo de transporte,1A3ei,1,"0,0",Sin emisión/remoción
1591,1995,2,Actividades de quema de combustible,Transporte,Otro tipo de transporte,1A3ei,1,"0,0",Sin emisión/remoción
1592,1996,2,Actividades de quema de combustible,Transporte,Otro tipo de transporte,1A3ei,1,"0,0",Sin emisión/remoción
1593,1997,2,Actividades de quema de combustible,Transporte,Otro tipo de transporte,1A3ei,1,"0,0",Sin emisión/remoción
1594,1998,2,Actividades de quema de combustible,Transporte,Otro tipo de transporte,1A3ei,1,"0,0",Sin emisión/remoción
1595,1999,2,Actividades de quema de combustible,Transporte,Otro tipo de transporte,1A3ei,1,"0,0",Sin emisión/remoción
1596,2000,2,Actividades de quema de combustible,Transporte,Otro tipo de transporte,1A3ei,1,"0,0",Sin emisión/remoción
1597,2001,2,Actividades de quema de combustible,Transporte,Otro tipo de transporte,1A3ei,1,"0,0",Sin emisión/remoción
1598,2002,2,Actividades de quema de combustible,Transporte,Otro tipo de transporte,1A3ei,1,"0,0",Sin emisión/remoción
1599,2003,2,Actividades de quema de combustible,Transporte,Otro tipo de transporte,1A3ei,1,"0,0",Sin emisión/remoción
1600,2004,2,Actividades de quema de combustible,Transporte,Otro tipo de transporte,1A3ei,1,"0,0",Sin emisión/remoción
1601,2005,2,Actividades de quema de combustible,Transporte,Otro tipo de transporte,1A3ei,1,"0,0",Sin emisión/remoción
1602,2006,2,Actividades de quema de combustible,Transporte,Otro tipo de transporte,1A3ei,1,"0,0",Sin emisión/remoción
1603,2007,2,Actividades de quema de combustible,Transporte,Otro tipo de transporte,1A3ei,1,"0,0",Sin emisión/remoción
1604,2008,2,Actividades de quema de combustible,Transporte,Otro tipo de transporte,1A3ei,1,"0,0",Sin emisión/remoción
1605,2009,2,Actividades de quema de combustible,Transporte,Otro tipo de transporte,1A3ei,1,"0,0",Sin emisión/remoción
1606,2010,2,Actividades de quema de combustible,Transporte,Otro tipo de transporte,1A3ei,1,"0,0",Sin emisión/remoción
1607,2011,2,Actividades de quema de combustible,Transporte,Otro tipo de transporte,1A3ei,1,"0,0",Sin emisión/remoción
1608,2012,2,Actividades de quema de combustible,Transporte,Otro tipo de transporte,1A3ei,1,"0,0",Sin emisión/remoción
1609,2013,2,Actividades de quema de combustible,Transporte,Otro tipo de transporte,1A3ei,1,"0,0",Sin emisión/remoción
1610,2014,2,Actividades de quema de combustible,Transporte,Otro tipo de transporte,1A3ei,1,"0,0",Sin emisión/remoción
1611,2015,2,Actividades de quema de combustible,Transporte,Otro tipo de transporte,1A3ei,1,"0,0",Sin emisión/remoción
1612,2016,2,Actividades de quema de combustible,Transporte,Otro tipo de transporte,1A3ei,1,"0,0",Sin emisión/remoción
1613,2017,2,Actividades de quema de combustible,Transporte,Otro tipo de transporte,1A3ei,1,"0,0",Sin emisión/remoción
1614,2018,2,Actividades de quema de combustible,Transporte,Otro tipo de transporte,1A3ei,1,"0,0",Sin emisión/remoción
1615,2019,2,Actividades de quema de combustible,Transporte,Otro tipo de transporte,1A3ei,1,"0,0",Sin emisión/remoción
1616,2020,2,Actividades de quema de combustible,Transporte,Otro tipo de transporte,1A3ei,1,"0,0",Sin emisión/remoción
1617,2021,2,Actividades de quema de combustible,Transporte,Otro tipo de transporte,1A3ei,1,"0,0",Sin emisión/remoción
1618,2022,2,Actividades de quema de combustible,Transporte,Otro tipo de transporte,1A3ei,1,"0,0",Sin emisión/remoción
1619,1990,2,Actividades de quema de combustible,Transporte,Otro tipo de transporte,1A3ei,4,"0,0",Sin emisión/remoción
1620,1991,2,Actividades de quema de combustible,Transporte,Otro tipo de transporte,1A3ei,4,"0,0",Sin emisión/remoción
1621,1992,2,Actividades de quema de combustible,Transporte,Otro tipo de transporte,1A3ei,4,"0,0",Sin emisión/remoción
1622,1993,2,Actividades de quema de combustible,Transporte,Otro tipo de transporte,1A3ei,4,"0,0",Sin emisión/remoción
1623,1994,2,Actividades de quema de combustible,Transporte,Otro tipo de transporte,1A3ei,4,"0,0",Sin emisión/remoción
1624,1995,2,Actividades de quema de combustible,Transporte,Otro tipo de transporte,1A3ei,4,"0,0",Sin emisión/remoción
1625,1996,2,Actividades de quema de combustible,Transporte,Otro tipo de transporte,1A3ei,4,"0,0",Sin emisión/remoción
1626,1997,2,Actividades de quema de combustible,Transporte,Otro tipo de transporte,1A3ei,4,"0,0",Sin emisión/remoción
1627,1998,2,Actividades de quema de combustible,Transporte,Otro tipo de transporte,1A3ei,4,"0,0",Sin emisión/remoción
1628,1999,2,Actividades de quema de combustible,Transporte,Otro tipo de transporte,1A3ei,4,"0,0",Sin emisión/remoción
1629,2000,2,Actividades de quema de combustible,Transporte,Otro tipo de transporte,1A3ei,4,"0,0",Sin emisión/remoción
1630,2001,2,Actividades de quema de combustible,Transporte,Otro tipo de transporte,1A3ei,4,"0,0",Sin emisión/remoción
1631,2002,2,Actividades de quema de combustible,Transporte,Otro tipo de transporte,1A3ei,4,"0,0",Sin emisión/remoción
1632,2003,2,Actividades de quema de combustible,Transporte,Otro tipo de transporte,1A3ei,4,"0,0",Sin emisión/remoción
1633,2004,2,Actividades de quema de combustible,Transporte,Otro tipo de transporte,1A3ei,4,"0,0",Sin emisión/remoción
1634,2005,2,Actividades de quema de combustible,Transporte,Otro tipo de transporte,1A3ei,4,"0,0",Sin emisión/remoción
1635,2006,2,Actividades de quema de combustible,Transporte,Otro tipo de transporte,1A3ei,4,"0,0",Sin emisión/remoción
1636,2007,2,Actividades de quema de combustible,Transporte,Otro tipo de transporte,1A3ei,4,"0,0",Sin emisión/remoción
1637,2008,2,Actividades de quema de combustible,Transporte,Otro tipo de transporte,1A3ei,4,"0,0",Sin emisión/remoción
1638,2009,2,Actividades de quema de combustible,Transporte,Otro tipo de transporte,1A3ei,4,"0,0",Sin emisión/remoción
1639,2010,2,Actividades de quema de combustible,Transporte,Otro tipo de transporte,1A3ei,4,"0,0",Sin emisión/remoción
1640,2011,2,Actividades de quema de combustible,Transporte,Otro tipo de transporte,1A3ei,4,"0,0",Sin emisión/remoción
1641,2012,2,Actividades de quema de combustible,Transporte,Otro tipo de transporte,1A3ei,4,"0,0",Sin emisión/remoción
1642,2013,2,Actividades de quema de combustible,Transporte,Otro tipo de transporte,1A3ei,4,"0,0",Sin emisión/remoción
1643,2014,2,Actividades de quema de combustible,Transporte,Otro tipo de transporte,1A3ei,4,"0,0",Sin emisión/remoción
1644,2015,2,Actividades de quema de combustible,Transporte,Otro tipo de transporte,1A3ei,4,"0,0",Sin emisión/remoción
1645,2016,2,Actividades de quema de combustible,Transporte,Otro tipo de transporte,1A3ei,4,"0,0",Sin emisión/remoción
1646,2017,2,Actividades de quema de combustible,Transporte,Otro tipo de transporte,1A3ei,4,"0,0",Sin emisión/remoción
1647,2018,2,Actividades de quema de combustible,Transporte,Otro tipo de transporte,1A3ei,4,"0,0",Sin emisión/remoción
1648,2019,2,Actividades de quema de combustible,Transporte,Otro tipo de transporte,1A3ei,4,"0,0",Sin emisión/remoción
1649,2020,2,Actividades de quema de combustible,Transporte,Otro tipo de transporte,1A3ei,4,"0,0",Sin emisión/remoción
1650,2021,2,Actividades de quema de combustible,Transporte,Otro tipo de transporte,1A3ei,4,"0,0",Sin emisión/remoción
1651,2022,2,Actividades de quema de combustible,Transporte,Otro tipo de transporte,1A3ei,4,"0,0",Sin emisión/remoción
1652,1990,2,Actividades de quema de combustible,Otros sectores,Comercial/institucional,1A4ai1,2,"0,75",Emisión
1653,1991,2,Actividades de quema de combustible,Otros sectores,Comercial/institucional,1A4ai1,2,"0,75",Emisión
1654,1992,2,Actividades de quema de combustible,Otros sectores,Comercial/institucional,1A4ai1,2,"0,8",Emisión
1655,1993,2,Actividades de quema de combustible,Otros sectores,Comercial/institucional,1A4ai1,2,"1,69",Emisión
1656,1994,2,Actividades de quema de combustible,Otros sectores,Comercial/institucional,1A4ai1,2,"1,69",Emisión
1657,1995,2,Actividades de quema de combustible,Otros sectores,Comercial/institucional,1A4ai1,2,"1,85",Emisión
1658,1996,2,Actividades de quema de combustible,Otros sectores,Comercial/institucional,1A4ai1,2,"1,8",Emisión
1659,1997,2,Actividades de quema de combustible,Otros sectores,Comercial/institucional,1A4ai1,2,"1,94",Emisión
1660,1998,2,Actividades de quema de combustible,Otros sectores,Comercial/institucional,1A4ai1,2,"1,85",Emisión
1661,1999,2,Actividades de quema de combustible,Otros sectores,Comercial/institucional,1A4ai1,2,"1,98",Emisión
1662,2000,2,Actividades de quema de combustible,Otros sectores,Comercial/institucional,1A4ai1,2,"2,06",Emisión
1663,2001,2,Actividades de quema de combustible,Otros sectores,Comercial/institucional,1A4ai1,2,"1,97",Emisión
1664,2002,2,Actividades de quema de combustible,Otros sectores,Comercial/institucional,1A4ai1,2,"1,93",Emisión
1665,2003,2,Actividades de quema de combustible,Otros sectores,Comercial/institucional,1A4ai1,2,"1,99",Emisión
1666,2004,2,Actividades de quema de combustible,Otros sectores,Comercial/institucional,1A4ai1,2,"2,18",Emisión
1667,2005,2,Actividades de quema de combustible,Otros sectores,Comercial/institucional,1A4ai1,2,"2,2",Emisión
1668,2006,2,Actividades de quema de combustible,Otros sectores,Comercial/institucional,1A4ai1,2,"2,18",Emisión
1669,2007,2,Actividades de quema de combustible,Otros sectores,Comercial/institucional,1A4ai1,2,"2,42",Emisión
1670,2008,2,Actividades de quema de combustible,Otros sectores,Comercial/institucional,1A4ai1,2,"2,39",Emisión
1671,2009,2,Actividades de quema de combustible,Otros sectores,Comercial/institucional,1A4ai1,2,"2,49",Emisión
1672,2010,2,Actividades de quema de combustible,Otros sectores,Comercial/institucional,1A4ai1,2,"2,43",Emisión
1673,2011,2,Actividades de quema de combustible,Otros sectores,Comercial/institucional,1A4ai1,2,"2,45",Emisión
1674,2012,2,Actividades de quema de combustible,Otros sectores,Comercial/institucional,1A4ai1,2,"2,62",Emisión
1675,2013,2,Actividades de quema de combustible,Otros sectores,Comercial/institucional,1A4ai1,2,"2,62",Emisión
1676,2014,2,Actividades de quema de combustible,Otros sectores,Comercial/institucional,1A4ai1,2,"2,64",Emisión
1677,2015,2,Actividades de quema de combustible,Otros sectores,Comercial/institucional,1A4ai1,2,"2,6",Emisión
1678,2016,2,Actividades de quema de combustible,Otros sectores,Comercial/institucional,1A4ai1,2,"2,67",Emisión
1679,2017,2,Actividades de quema de combustible,Otros sectores,Comercial/institucional,1A4ai1,2,"2,48",Emisión
1680,2018,2,Actividades de quema de combustible,Otros sectores,Comercial/institucional,1A4ai1,2,"2,46",Emisión
1681,2019,2,Actividades de quema de combustible,Otros sectores,Comercial/institucional,1A4ai1,2,"2,84",Emisión
1682,2020,2,Actividades de quema de combustible,Otros sectores,Comercial/institucional,1A4ai1,2,"2,11",Emisión
1683,2021,2,Actividades de quema de combustible,Otros sectores,Comercial/institucional,1A4ai1,2,"2,26",Emisión
1684,2022,2,Actividades de quema de combustible,Otros sectores,Comercial/institucional,1A4ai1,2,"2,4",Emisión
1685,1990,2,Actividades de quema de combustible,Otros sectores,Comercial/institucional,1A4ai1,1,"0,03",Emisión
1686,1991,2,Actividades de quema de combustible,Otros sectores,Comercial/institucional,1A4ai1,1,"0,03",Emisión
1687,1992,2,Actividades de quema de combustible,Otros sectores,Comercial/institucional,1A4ai1,1,"0,04",Emisión
1688,1993,2,Actividades de quema de combustible,Otros sectores,Comercial/institucional,1A4ai1,1,"0,04",Emisión
1689,1994,2,Actividades de quema de combustible,Otros sectores,Comercial/institucional,1A4ai1,1,"0,04",Emisión
1690,1995,2,Actividades de quema de combustible,Otros sectores,Comercial/institucional,1A4ai1,1,"0,04",Emisión
1691,1996,2,Actividades de quema de combustible,Otros sectores,Comercial/institucional,1A4ai1,1,"0,04",Emisión
1692,1997,2,Actividades de quema de combustible,Otros sectores,Comercial/institucional,1A4ai1,1,"0,04",Emisión
1693,1998,2,Actividades de quema de combustible,Otros sectores,Comercial/institucional,1A4ai1,1,"0,06",Emisión
1694,1999,2,Actividades de quema de combustible,Otros sectores,Comercial/institucional,1A4ai1,1,"0,04",Emisión
1695,2000,2,Actividades de quema de combustible,Otros sectores,Comercial/institucional,1A4ai1,1,"0,03",Emisión
1696,2001,2,Actividades de quema de combustible,Otros sectores,Comercial/institucional,1A4ai1,1,"0,04",Emisión
1697,2002,2,Actividades de quema de combustible,Otros sectores,Comercial/institucional,1A4ai1,1,"0,03",Emisión
1698,2003,2,Actividades de quema de combustible,Otros sectores,Comercial/institucional,1A4ai1,1,"0,04",Emisión
1699,2004,2,Actividades de quema de combustible,Otros sectores,Comercial/institucional,1A4ai1,1,"0,06",Emisión
1700,2005,2,Actividades de quema de combustible,Otros sectores,Comercial/institucional,1A4ai1,1,"0,05",Emisión
1701,2006,2,Actividades de quema de combustible,Otros sectores,Comercial/institucional,1A4ai1,1,"0,05",Emisión
1702,2007,2,Actividades de quema de combustible,Otros sectores,Comercial/institucional,1A4ai1,1,"0,05",Emisión
1703,2008,2,Actividades de quema de combustible,Otros sectores,Comercial/institucional,1A4ai1,1,"0,05",Emisión
1704,2009,2,Actividades de quema de combustible,Otros sectores,Comercial/institucional,1A4ai1,1,"0,05",Emisión
1705,2010,2,Actividades de quema de combustible,Otros sectores,Comercial/institucional,1A4ai1,1,"0,05",Emisión
1706,2011,2,Actividades de quema de combustible,Otros sectores,Comercial/institucional,1A4ai1,1,"0,05",Emisión
1707,2012,2,Actividades de quema de combustible,Otros sectores,Comercial/institucional,1A4ai1,1,"0,05",Emisión
1708,2013,2,Actividades de quema de combustible,Otros sectores,Comercial/institucional,1A4ai1,1,"0,05",Emisión
1709,2014,2,Actividades de quema de combustible,Otros sectores,Comercial/institucional,1A4ai1,1,"0,05",Emisión
1710,2015,2,Actividades de quema de combustible,Otros sectores,Comercial/institucional,1A4ai1,1,"0,05",Emisión
1711,2016,2,Actividades de quema de combustible,Otros sectores,Comercial/institucional,1A4ai1,1,"0,04",Emisión
1712,2017,2,Actividades de quema de combustible,Otros sectores,Comercial/institucional,1A4ai1,1,"0,04",Emisión
1713,2018,2,Actividades de quema de combustible,Otros sectores,Comercial/institucional,1A4ai1,1,"0,04",Emisión
1714,2019,2,Actividades de quema de combustible,Otros sectores,Comercial/institucional,1A4ai1,1,"0,04",Emisión
1715,2020,2,Actividades de quema de combustible,Otros sectores,Comercial/institucional,1A4ai1,1,"0,04",Emisión
1716,2021,2,Actividades de quema de combustible,Otros sectores,Comercial/institucional,1A4ai1,1,"0,04",Emisión
1717,2022,2,Actividades de quema de combustible,Otros sectores,Comercial/institucional,1A4ai1,1,"0,04",Emisión
1718,1990,2,Actividades de quema de combustible,Otros sectores,Comercial/institucional,1A4ai1,4,"0,0",Sin emisión/remoción
1719,1991,2,Actividades de quema de combustible,Otros sectores,Comercial/institucional,1A4ai1,4,"0,0",Sin emisión/remoción
1720,1992,2,Actividades de quema de combustible,Otros sectores,Comercial/institucional,1A4ai1,4,"0,0",Sin emisión/remoción
1721,1993,2,Actividades de quema de combustible,Otros sectores,Comercial/institucional,1A4ai1,4,"0,0",Sin emisión/remoción
1722,1994,2,Actividades de quema de combustible,Otros sectores,Comercial/institucional,1A4ai1,4,"0,0",Sin emisión/remoción
1723,1995,2,Actividades de quema de combustible,Otros sectores,Comercial/institucional,1A4ai1,4,"0,0",Sin emisión/remoción
1724,1996,2,Actividades de quema de combustible,Otros sectores,Comercial/institucional,1A4ai1,4,"0,0",Sin emisión/remoción
1725,1997,2,Actividades de quema de combustible,Otros sectores,Comercial/institucional,1A4ai1,4,"0,0",Sin emisión/remoción
1726,1998,2,Actividades de quema de combustible,Otros sectores,Comercial/institucional,1A4ai1,4,"0,0",Sin emisión/remoción
1727,1999,2,Actividades de quema de combustible,Otros sectores,Comercial/institucional,1A4ai1,4,"0,0",Sin emisión/remoción
1728,2000,2,Actividades de quema de combustible,Otros sectores,Comercial/institucional,1A4ai1,4,"0,0",Sin emisión/remoción
1729,2001,2,Actividades de quema de combustible,Otros sectores,Comercial/institucional,1A4ai1,4,"0,0",Sin emisión/remoción
1730,2002,2,Actividades de quema de combustible,Otros sectores,Comercial/institucional,1A4ai1,4,"0,0",Sin emisión/remoción
1731,2003,2,Actividades de quema de combustible,Otros sectores,Comercial/institucional,1A4ai1,4,"0,0",Sin emisión/remoción
1732,2004,2,Actividades de quema de combustible,Otros sectores,Comercial/institucional,1A4ai1,4,"0,01",Emisión
1733,2005,2,Actividades de quema de combustible,Otros sectores,Comercial/institucional,1A4ai1,4,"0,0",Sin emisión/remoción
1734,2006,2,Actividades de quema de combustible,Otros sectores,Comercial/institucional,1A4ai1,4,"0,0",Sin emisión/remoción
1735,2007,2,Actividades de quema de combustible,Otros sectores,Comercial/institucional,1A4ai1,4,"0,0",Sin emisión/remoción
1736,2008,2,Actividades de quema de combustible,Otros sectores,Comercial/institucional,1A4ai1,4,"0,0",Sin emisión/remoción
1737,2009,2,Actividades de quema de combustible,Otros sectores,Comercial/institucional,1A4ai1,4,"0,0",Sin emisión/remoción
1738,2010,2,Actividades de quema de combustible,Otros sectores,Comercial/institucional,1A4ai1,4,"0,0",Sin emisión/remoción
1739,2011,2,Actividades de quema de combustible,Otros sectores,Comercial/institucional,1A4ai1,4,"0,0",Sin emisión/remoción
1740,2012,2,Actividades de quema de combustible,Otros sectores,Comercial/institucional,1A4ai1,4,"0,0",Sin emisión/remoción
1741,2013,2,Actividades de quema de combustible,Otros sectores,Comercial/institucional,1A4ai1,4,"0,0",Sin emisión/remoción
1742,2014,2,Actividades de quema de combustible,Otros sectores,Comercial/institucional,1A4ai1,4,"0,0",Sin emisión/remoción
1743,2015,2,Actividades de quema de combustible,Otros sectores,Comercial/institucional,1A4ai1,4,"0,0",Sin emisión/remoción
1744,2016,2,Actividades de quema de combustible,Otros sectores,Comercial/institucional,1A4ai1,4,"0,0",Sin emisión/remoción
1745,2017,2,Actividades de quema de combustible,Otros sectores,Comercial/institucional,1A4ai1,4,"0,0",Sin emisión/remoción
1746,2018,2,Actividades de quema de combustible,Otros sectores,Comercial/institucional,1A4ai1,4,"0,0",Sin emisión/remoción
1747,2019,2,Actividades de quema de combustible,Otros sectores,Comercial/institucional,1A4ai1,4,"0,0",Sin emisión/remoción
1748,2020,2,Actividades de quema de combustible,Otros sectores,Comercial/institucional,1A4ai1,4,"0,0",Sin emisión/remoción
1749,2021,2,Actividades de quema de combustible,Otros sectores,Comercial/institucional,1A4ai1,4,"0,0",Sin emisión/remoción
1750,2022,2,Actividades de quema de combustible,Otros sectores,Comercial/institucional,1A4ai1,4,"0,0",Sin emisión/remoción
1751,1990,2,Actividades de quema de combustible,Otros sectores,Comercial/institucional,1A4ai2,2,"1,76",Emisión
1752,1991,2,Actividades de quema de combustible,Otros sectores,Comercial/institucional,1A4ai2,2,"1,76",Emisión
1753,1992,2,Actividades de quema de combustible,Otros sectores,Comercial/institucional,1A4ai2,2,"1,88",Emisión
1754,1993,2,Actividades de quema de combustible,Otros sectores,Comercial/institucional,1A4ai2,2,"1,15",Emisión
1755,1994,2,Actividades de quema de combustible,Otros sectores,Comercial/institucional,1A4ai2,2,"0,75",Emisión
1756,1995,2,Actividades de quema de combustible,Otros sectores,Comercial/institucional,1A4ai2,2,"0,44",Emisión
1757,1996,2,Actividades de quema de combustible,Otros sectores,Comercial/institucional,1A4ai2,2,"0,49",Emisión
1758,1997,2,Actividades de quema de combustible,Otros sectores,Comercial/institucional,1A4ai2,2,"0,47",Emisión
1759,1998,2,Actividades de quema de combustible,Otros sectores,Comercial/institucional,1A4ai2,2,"0,54",Emisión
1760,1999,2,Actividades de quema de combustible,Otros sectores,Comercial/institucional,1A4ai2,2,"0,63",Emisión
1761,2000,2,Actividades de quema de combustible,Otros sectores,Comercial/institucional,1A4ai2,2,"0,66",Emisión
1762,2001,2,Actividades de quema de combustible,Otros sectores,Comercial/institucional,1A4ai2,2,"0,69",Emisión
1763,2002,2,Actividades de quema de combustible,Otros sectores,Comercial/institucional,1A4ai2,2,"0,69",Emisión
1764,2003,2,Actividades de quema de combustible,Otros sectores,Comercial/institucional,1A4ai2,2,"0,76",Emisión
1765,2004,2,Actividades de quema de combustible,Otros sectores,Comercial/institucional,1A4ai2,2,"0,72",Emisión
1766,2005,2,Actividades de quema de combustible,Otros sectores,Comercial/institucional,1A4ai2,2,"0,79",Emisión
1767,2006,2,Actividades de quema de combustible,Otros sectores,Comercial/institucional,1A4ai2,2,"0,72",Emisión
1768,2007,2,Actividades de quema de combustible,Otros sectores,Comercial/institucional,1A4ai2,2,"0,82",Emisión
1769,2008,2,Actividades de quema de combustible,Otros sectores,Comercial/institucional,1A4ai2,2,"0,79",Emisión
1770,2009,2,Actividades de quema de combustible,Otros sectores,Comercial/institucional,1A4ai2,2,"0,78",Emisión
1771,2010,2,Actividades de quema de combustible,Otros sectores,Comercial/institucional,1A4ai2,2,"0,85",Emisión
1772,2011,2,Actividades de quema de combustible,Otros sectores,Comercial/institucional,1A4ai2,2,"0,88",Emisión
1773,2012,2,Actividades de quema de combustible,Otros sectores,Comercial/institucional,1A4ai2,2,"0,9",Emisión
1774,2013,2,Actividades de quema de combustible,Otros sectores,Comercial/institucional,1A4ai2,2,"0,9",Emisión
1775,2014,2,Actividades de quema de combustible,Otros sectores,Comercial/institucional,1A4ai2,2,"0,89",Emisión
1776,2015,2,Actividades de quema de combustible,Otros sectores,Comercial/institucional,1A4ai2,2,"0,92",Emisión
1777,2016,2,Actividades de quema de combustible,Otros sectores,Comercial/institucional,1A4ai2,2,"1,03",Emisión
1778,2017,2,Actividades de quema de combustible,Otros sectores,Comercial/institucional,1A4ai2,2,"0,97",Emisión
1779,2018,2,Actividades de quema de combustible,Otros sectores,Comercial/institucional,1A4ai2,2,"0,94",Emisión
1780,2019,2,Actividades de quema de combustible,Otros sectores,Comercial/institucional,1A4ai2,2,"0,96",Emisión
1781,2020,2,Actividades de quema de combustible,Otros sectores,Comercial/institucional,1A4ai2,2,"0,73",Emisión
1782,2021,2,Actividades de quema de combustible,Otros sectores,Comercial/institucional,1A4ai2,2,"0,97",Emisión
1783,2022,2,Actividades de quema de combustible,Otros sectores,Comercial/institucional,1A4ai2,2,"1,13",Emisión
1784,1990,2,Actividades de quema de combustible,Otros sectores,Comercial/institucional,1A4ai2,1,"0,0",Sin emisión/remoción
1785,1991,2,Actividades de quema de combustible,Otros sectores,Comercial/institucional,1A4ai2,1,"0,0",Sin emisión/remoción
1786,1992,2,Actividades de quema de combustible,Otros sectores,Comercial/institucional,1A4ai2,1,"0,0",Sin emisión/remoción
1787,1993,2,Actividades de quema de combustible,Otros sectores,Comercial/institucional,1A4ai2,1,"0,0",Sin emisión/remoción
1788,1994,2,Actividades de quema de combustible,Otros sectores,Comercial/institucional,1A4ai2,1,"0,0",Sin emisión/remoción
1789,1995,2,Actividades de quema de combustible,Otros sectores,Comercial/institucional,1A4ai2,1,"0,0",Sin emisión/remoción
1790,1996,2,Actividades de quema de combustible,Otros sectores,Comercial/institucional,1A4ai2,1,"0,0",Sin emisión/remoción
1791,1997,2,Actividades de quema de combustible,Otros sectores,Comercial/institucional,1A4ai2,1,"0,0",Sin emisión/remoción
1792,1998,2,Actividades de quema de combustible,Otros sectores,Comercial/institucional,1A4ai2,1,"0,0",Sin emisión/remoción
1793,1999,2,Actividades de quema de combustible,Otros sectores,Comercial/institucional,1A4ai2,1,"0,0",Sin emisión/remoción
1794,2000,2,Actividades de quema de combustible,Otros sectores,Comercial/institucional,1A4ai2,1,"0,0",Sin emisión/remoción
1795,2001,2,Actividades de quema de combustible,Otros sectores,Comercial/institucional,1A4ai2,1,"0,0",Sin emisión/remoción
1796,2002,2,Actividades de quema de combustible,Otros sectores,Comercial/institucional,1A4ai2,1,"0,0",Sin emisión/remoción
1797,2003,2,Actividades de quema de combustible,Otros sectores,Comercial/institucional,1A4ai2,1,"0,0",Sin emisión/remoción
1798,2004,2,Actividades de quema de combustible,Otros sectores,Comercial/institucional,1A4ai2,1,"0,0",Sin emisión/remoción
1799,2005,2,Actividades de quema de combustible,Otros sectores,Comercial/institucional,1A4ai2,1,"0,0",Sin emisión/remoción
1800,2006,2,Actividades de quema de combustible,Otros sectores,Comercial/institucional,1A4ai2,1,"0,0",Sin emisión/remoción
1801,2007,2,Actividades de quema de combustible,Otros sectores,Comercial/institucional,1A4ai2,1,"0,0",Sin emisión/remoción
1802,2008,2,Actividades de quema de combustible,Otros sectores,Comercial/institucional,1A4ai2,1,"0,0",Sin emisión/remoción
1803,2009,2,Actividades de quema de combustible,Otros sectores,Comercial/institucional,1A4ai2,1,"0,0",Sin emisión/remoción
1804,2010,2,Actividades de quema de combustible,Otros sectores,Comercial/institucional,1A4ai2,1,"0,0",Sin emisión/remoción
1805,2011,2,Actividades de quema de combustible,Otros sectores,Comercial/institucional,1A4ai2,1,"0,0",Sin emisión/remoción
1806,2012,2,Actividades de quema de combustible,Otros sectores,Comercial/institucional,1A4ai2,1,"0,0",Sin emisión/remoción
1807,2013,2,Actividades de quema de combustible,Otros sectores,Comercial/institucional,1A4ai2,1,"0,0",Sin emisión/remoción
1808,2014,2,Actividades de quema de combustible,Otros sectores,Comercial/institucional,1A4ai2,1,"0,0",Sin emisión/remoción
1809,2015,2,Actividades de quema de combustible,Otros sectores,Comercial/institucional,1A4ai2,1,"0,0",Sin emisión/remoción
1810,2016,2,Actividades de quema de combustible,Otros sectores,Comercial/institucional,1A4ai2,1,"0,0",Sin emisión/remoción
1811,2017,2,Actividades de quema de combustible,Otros sectores,Comercial/institucional,1A4ai2,1,"0,0",Sin emisión/remoción
1812,2018,2,Actividades de quema de combustible,Otros sectores,Comercial/institucional,1A4ai2,1,"0,0",Sin emisión/remoción
1813,2019,2,Actividades de quema de combustible,Otros sectores,Comercial/institucional,1A4ai2,1,"0,0",Sin emisión/remoción
1814,2020,2,Actividades de quema de combustible,Otros sectores,Comercial/institucional,1A4ai2,1,"0,0",Sin emisión/remoción
1815,2021,2,Actividades de quema de combustible,Otros sectores,Comercial/institucional,1A4ai2,1,"0,0",Sin emisión/remoción
1816,2022,2,Actividades de quema de combustible,Otros sectores,Comercial/institucional,1A4ai2,1,"0,0",Sin emisión/remoción
1817,1990,2,Actividades de quema de combustible,Otros sectores,Comercial/institucional,1A4ai2,4,"0,0",Sin emisión/remoción
1818,1991,2,Actividades de quema de combustible,Otros sectores,Comercial/institucional,1A4ai2,4,"0,0",Sin emisión/remoción
1819,1992,2,Actividades de quema de combustible,Otros sectores,Comercial/institucional,1A4ai2,4,"0,0",Sin emisión/remoción
1820,1993,2,Actividades de quema de combustible,Otros sectores,Comercial/institucional,1A4ai2,4,"0,0",Sin emisión/remoción
1821,1994,2,Actividades de quema de combustible,Otros sectores,Comercial/institucional,1A4ai2,4,"0,0",Sin emisión/remoción
1822,1995,2,Actividades de quema de combustible,Otros sectores,Comercial/institucional,1A4ai2,4,"0,0",Sin emisión/remoción
1823,1996,2,Actividades de quema de combustible,Otros sectores,Comercial/institucional,1A4ai2,4,"0,0",Sin emisión/remoción
1824,1997,2,Actividades de quema de combustible,Otros sectores,Comercial/institucional,1A4ai2,4,"0,0",Sin emisión/remoción
1825,1998,2,Actividades de quema de combustible,Otros sectores,Comercial/institucional,1A4ai2,4,"0,0",Sin emisión/remoción
1826,1999,2,Actividades de quema de combustible,Otros sectores,Comercial/institucional,1A4ai2,4,"0,0",Sin emisión/remoción
1827,2000,2,Actividades de quema de combustible,Otros sectores,Comercial/institucional,1A4ai2,4,"0,0",Sin emisión/remoción
1828,2001,2,Actividades de quema de combustible,Otros sectores,Comercial/institucional,1A4ai2,4,"0,0",Sin emisión/remoción
1829,2002,2,Actividades de quema de combustible,Otros sectores,Comercial/institucional,1A4ai2,4,"0,0",Sin emisión/remoción
1830,2003,2,Actividades de quema de combustible,Otros sectores,Comercial/institucional,1A4ai2,4,"0,0",Sin emisión/remoción
1831,2004,2,Actividades de quema de combustible,Otros sectores,Comercial/institucional,1A4ai2,4,"0,0",Sin emisión/remoción
1832,2005,2,Actividades de quema de combustible,Otros sectores,Comercial/institucional,1A4ai2,4,"0,0",Sin emisión/remoción
1833,2006,2,Actividades de quema de combustible,Otros sectores,Comercial/institucional,1A4ai2,4,"0,0",Sin emisión/remoción
1834,2007,2,Actividades de quema de combustible,Otros sectores,Comercial/institucional,1A4ai2,4,"0,0",Sin emisión/remoción
1835,2008,2,Actividades de quema de combustible,Otros sectores,Comercial/institucional,1A4ai2,4,"0,0",Sin emisión/remoción
1836,2009,2,Actividades de quema de combustible,Otros sectores,Comercial/institucional,1A4ai2,4,"0,0",Sin emisión/remoción
1837,2010,2,Actividades de quema de combustible,Otros sectores,Comercial/institucional,1A4ai2,4,"0,0",Sin emisión/remoción
1838,2011,2,Actividades de quema de combustible,Otros sectores,Comercial/institucional,1A4ai2,4,"0,0",Sin emisión/remoción
1839,2012,2,Actividades de quema de combustible,Otros sectores,Comercial/institucional,1A4ai2,4,"0,0",Sin emisión/remoción
1840,2013,2,Actividades de quema de combustible,Otros sectores,Comercial/institucional,1A4ai2,4,"0,0",Sin emisión/remoción
1841,2014,2,Actividades de quema de combustible,Otros sectores,Comercial/institucional,1A4ai2,4,"0,0",Sin emisión/remoción
1842,2015,2,Actividades de quema de combustible,Otros sectores,Comercial/institucional,1A4ai2,4,"0,0",Sin emisión/remoción
1843,2016,2,Actividades de quema de combustible,Otros sectores,Comercial/institucional,1A4ai2,4,"0,0",Sin emisión/remoción
1844,2017,2,Actividades de quema de combustible,Otros sectores,Comercial/institucional,1A4ai2,4,"0,0",Sin emisión/remoción
1845,2018,2,Actividades de quema de combustible,Otros sectores,Comercial/institucional,1A4ai2,4,"0,0",Sin emisión/remoción
1846,2019,2,Actividades de quema de combustible,Otros sectores,Comercial/institucional,1A4ai2,4,"0,0",Sin emisión/remoción
1847,2020,2,Actividades de quema de combustible,Otros sectores,Comercial/institucional,1A4ai2,4,"0,0",Sin emisión/remoción
1848,2021,2,Actividades de quema de combustible,Otros sectores,Comercial/institucional,1A4ai2,4,"0,0",Sin emisión/remoción
1849,2022,2,Actividades de quema de combustible,Otros sectores,Comercial/institucional,1A4ai2,4,"0,0",Sin emisión/remoción
1850,1990,2,Actividades de quema de combustible,Otros sectores,Comercial/institucional,1A4ai3,2,"1,81",Emisión
1851,1991,2,Actividades de quema de combustible,Otros sectores,Comercial/institucional,1A4ai3,2,"1,54",Emisión
1852,1992,2,Actividades de quema de combustible,Otros sectores,Comercial/institucional,1A4ai3,2,"1,23",Emisión
1853,1993,2,Actividades de quema de combustible,Otros sectores,Comercial/institucional,1A4ai3,2,"0,87",Emisión
1854,1994,2,Actividades de quema de combustible,Otros sectores,Comercial/institucional,1A4ai3,2,"0,92",Emisión
1855,1995,2,Actividades de quema de combustible,Otros sectores,Comercial/institucional,1A4ai3,2,"1,0",Emisión
1856,1996,2,Actividades de quema de combustible,Otros sectores,Comercial/institucional,1A4ai3,2,"1,16",Emisión
1857,1997,2,Actividades de quema de combustible,Otros sectores,Comercial/institucional,1A4ai3,2,"1,19",Emisión
1858,1998,2,Actividades de quema de combustible,Otros sectores,Comercial/institucional,1A4ai3,2,"1,29",Emisión
1859,1999,2,Actividades de quema de combustible,Otros sectores,Comercial/institucional,1A4ai3,2,"1,24",Emisión
1860,2000,2,Actividades de quema de combustible,Otros sectores,Comercial/institucional,1A4ai3,2,"1,18",Emisión
1861,2001,2,Actividades de quema de combustible,Otros sectores,Comercial/institucional,1A4ai3,2,"1,03",Emisión
1862,2002,2,Actividades de quema de combustible,Otros sectores,Comercial/institucional,1A4ai3,2,"0,89",Emisión
1863,2003,2,Actividades de quema de combustible,Otros sectores,Comercial/institucional,1A4ai3,2,"0,99",Emisión
1864,2004,2,Actividades de quema de combustible,Otros sectores,Comercial/institucional,1A4ai3,2,"1,05",Emisión
1865,2005,2,Actividades de quema de combustible,Otros sectores,Comercial/institucional,1A4ai3,2,"0,94",Emisión
1866,2006,2,Actividades de quema de combustible,Otros sectores,Comercial/institucional,1A4ai3,2,"1,03",Emisión
1867,2007,2,Actividades de quema de combustible,Otros sectores,Comercial/institucional,1A4ai3,2,"1,15",Emisión
1868,2008,2,Actividades de quema de combustible,Otros sectores,Comercial/institucional,1A4ai3,2,"1,02",Emisión
1869,2009,2,Actividades de quema de combustible,Otros sectores,Comercial/institucional,1A4ai3,2,"0,84",Emisión
1870,2010,2,Actividades de quema de combustible,Otros sectores,Comercial/institucional,1A4ai3,2,"0,73",Emisión
1871,2011,2,Actividades de quema de combustible,Otros sectores,Comercial/institucional,1A4ai3,2,"0,58",Emisión
1872,2012,2,Actividades de quema de combustible,Otros sectores,Comercial/institucional,1A4ai3,2,"0,62",Emisión
1873,2013,2,Actividades de quema de combustible,Otros sectores,Comercial/institucional,1A4ai3,2,"0,63",Emisión
1874,2014,2,Actividades de quema de combustible,Otros sectores,Comercial/institucional,1A4ai3,2,"0,6",Emisión
1875,2015,2,Actividades de quema de combustible,Otros sectores,Comercial/institucional,1A4ai3,2,"0,59",Emisión
1876,2016,2,Actividades de quema de combustible,Otros sectores,Comercial/institucional,1A4ai3,2,"0,6",Emisión
1877,2017,2,Actividades de quema de combustible,Otros sectores,Comercial/institucional,1A4ai3,2,"0,56",Emisión
1878,2018,2,Actividades de quema de combustible,Otros sectores,Comercial/institucional,1A4ai3,2,"0,53",Emisión
1879,2019,2,Actividades de quema de combustible,Otros sectores,Comercial/institucional,1A4ai3,2,"0,52",Emisión
1880,2020,2,Actividades de quema de combustible,Otros sectores,Comercial/institucional,1A4ai3,2,"0,47",Emisión
1881,2021,2,Actividades de quema de combustible,Otros sectores,Comercial/institucional,1A4ai3,2,"0,59",Emisión
1882,2022,2,Actividades de quema de combustible,Otros sectores,Comercial/institucional,1A4ai3,2,"0,63",Emisión
1883,1990,2,Actividades de quema de combustible,Otros sectores,Comercial/institucional,1A4ai3,1,"0,01",Emisión
1884,1991,2,Actividades de quema de combustible,Otros sectores,Comercial/institucional,1A4ai3,1,"0,01",Emisión
1885,1992,2,Actividades de quema de combustible,Otros sectores,Comercial/institucional,1A4ai3,1,"0,0",Sin emisión/remoción
1886,1993,2,Actividades de quema de combustible,Otros sectores,Comercial/institucional,1A4ai3,1,"0,0",Sin emisión/remoción
1887,1994,2,Actividades de quema de combustible,Otros sectores,Comercial/institucional,1A4ai3,1,"0,0",Sin emisión/remoción
1888,1995,2,Actividades de quema de combustible,Otros sectores,Comercial/institucional,1A4ai3,1,"0,0",Sin emisión/remoción
1889,1996,2,Actividades de quema de combustible,Otros sectores,Comercial/institucional,1A4ai3,1,"0,0",Sin emisión/remoción
1890,1997,2,Actividades de quema de combustible,Otros sectores,Comercial/institucional,1A4ai3,1,"0,0",Sin emisión/remoción
1891,1998,2,Actividades de quema de combustible,Otros sectores,Comercial/institucional,1A4ai3,1,"0,0",Sin emisión/remoción
1892,1999,2,Actividades de quema de combustible,Otros sectores,Comercial/institucional,1A4ai3,1,"0,0",Sin emisión/remoción
1893,2000,2,Actividades de quema de combustible,Otros sectores,Comercial/institucional,1A4ai3,1,"0,0",Sin emisión/remoción
1894,2001,2,Actividades de quema de combustible,Otros sectores,Comercial/institucional,1A4ai3,1,"0,0",Sin emisión/remoción
1895,2002,2,Actividades de quema de combustible,Otros sectores,Comercial/institucional,1A4ai3,1,"0,0",Sin emisión/remoción
1896,2003,2,Actividades de quema de combustible,Otros sectores,Comercial/institucional,1A4ai3,1,"0,0",Sin emisión/remoción
1897,2004,2,Actividades de quema de combustible,Otros sectores,Comercial/institucional,1A4ai3,1,"0,0",Sin emisión/remoción
1898,2005,2,Actividades de quema de combustible,Otros sectores,Comercial/institucional,1A4ai3,1,"0,0",Sin emisión/remoción
1899,2006,2,Actividades de quema de combustible,Otros sectores,Comercial/institucional,1A4ai3,1,"0,0",Sin emisión/remoción
1900,2007,2,Actividades de quema de combustible,Otros sectores,Comercial/institucional,1A4ai3,1,"0,0",Sin emisión/remoción
1901,2008,2,Actividades de quema de combustible,Otros sectores,Comercial/institucional,1A4ai3,1,"0,0",Sin emisión/remoción
1902,2009,2,Actividades de quema de combustible,Otros sectores,Comercial/institucional,1A4ai3,1,"0,0",Sin emisión/remoción
1903,2010,2,Actividades de quema de combustible,Otros sectores,Comercial/institucional,1A4ai3,1,"0,0",Sin emisión/remoción
1904,2011,2,Actividades de quema de combustible,Otros sectores,Comercial/institucional,1A4ai3,1,"0,0",Sin emisión/remoción
1905,2012,2,Actividades de quema de combustible,Otros sectores,Comercial/institucional,1A4ai3,1,"0,0",Sin emisión/remoción
1906,2013,2,Actividades de quema de combustible,Otros sectores,Comercial/institucional,1A4ai3,1,"0,0",Sin emisión/remoción
1907,2014,2,Actividades de quema de combustible,Otros sectores,Comercial/institucional,1A4ai3,1,"0,0",Sin emisión/remoción
1908,2015,2,Actividades de quema de combustible,Otros sectores,Comercial/institucional,1A4ai3,1,"0,0",Sin emisión/remoción
1909,2016,2,Actividades de quema de combustible,Otros sectores,Comercial/institucional,1A4ai3,1,"0,0",Sin emisión/remoción
1910,2017,2,Actividades de quema de combustible,Otros sectores,Comercial/institucional,1A4ai3,1,"0,0",Sin emisión/remoción
1911,2018,2,Actividades de quema de combustible,Otros sectores,Comercial/institucional,1A4ai3,1,"0,0",Sin emisión/remoción
1912,2019,2,Actividades de quema de combustible,Otros sectores,Comercial/institucional,1A4ai3,1,"0,0",Sin emisión/remoción
1913,2020,2,Actividades de quema de combustible,Otros sectores,Comercial/institucional,1A4ai3,1,"0,0",Sin emisión/remoción
1914,2021,2,Actividades de quema de combustible,Otros sectores,Comercial/institucional,1A4ai3,1,"0,0",Sin emisión/remoción
1915,2022,2,Actividades de quema de combustible,Otros sectores,Comercial/institucional,1A4ai3,1,"0,0",Sin emisión/remoción
1916,1990,2,Actividades de quema de combustible,Otros sectores,Comercial/institucional,1A4ai3,4,"0,0",Sin emisión/remoción
1917,1991,2,Actividades de quema de combustible,Otros sectores,Comercial/institucional,1A4ai3,4,"0,0",Sin emisión/remoción
1918,1992,2,Actividades de quema de combustible,Otros sectores,Comercial/institucional,1A4ai3,4,"0,0",Sin emisión/remoción
1919,1993,2,Actividades de quema de combustible,Otros sectores,Comercial/institucional,1A4ai3,4,"0,0",Sin emisión/remoción
1920,1994,2,Actividades de quema de combustible,Otros sectores,Comercial/institucional,1A4ai3,4,"0,0",Sin emisión/remoción
1921,1995,2,Actividades de quema de combustible,Otros sectores,Comercial/institucional,1A4ai3,4,"0,0",Sin emisión/remoción
1922,1996,2,Actividades de quema de combustible,Otros sectores,Comercial/institucional,1A4ai3,4,"0,0",Sin emisión/remoción
1923,1997,2,Actividades de quema de combustible,Otros sectores,Comercial/institucional,1A4ai3,4,"0,0",Sin emisión/remoción
1924,1998,2,Actividades de quema de combustible,Otros sectores,Comercial/institucional,1A4ai3,4,"0,0",Sin emisión/remoción
1925,1999,2,Actividades de quema de combustible,Otros sectores,Comercial/institucional,1A4ai3,4,"0,0",Sin emisión/remoción
1926,2000,2,Actividades de quema de combustible,Otros sectores,Comercial/institucional,1A4ai3,4,"0,0",Sin emisión/remoción
1927,2001,2,Actividades de quema de combustible,Otros sectores,Comercial/institucional,1A4ai3,4,"0,0",Sin emisión/remoción
1928,2002,2,Actividades de quema de combustible,Otros sectores,Comercial/institucional,1A4ai3,4,"0,0",Sin emisión/remoción
1929,2003,2,Actividades de quema de combustible,Otros sectores,Comercial/institucional,1A4ai3,4,"0,0",Sin emisión/remoción
1930,2004,2,Actividades de quema de combustible,Otros sectores,Comercial/institucional,1A4ai3,4,"0,0",Sin emisión/remoción
1931,2005,2,Actividades de quema de combustible,Otros sectores,Comercial/institucional,1A4ai3,4,"0,0",Sin emisión/remoción
1932,2006,2,Actividades de quema de combustible,Otros sectores,Comercial/institucional,1A4ai3,4,"0,0",Sin emisión/remoción
1933,2007,2,Actividades de quema de combustible,Otros sectores,Comercial/institucional,1A4ai3,4,"0,0",Sin emisión/remoción
1934,2008,2,Actividades de quema de combustible,Otros sectores,Comercial/institucional,1A4ai3,4,"0,0",Sin emisión/remoción
1935,2009,2,Actividades de quema de combustible,Otros sectores,Comercial/institucional,1A4ai3,4,"0,0",Sin emisión/remoción
1936,2010,2,Actividades de quema de combustible,Otros sectores,Comercial/institucional,1A4ai3,4,"0,0",Sin emisión/remoción
1937,2011,2,Actividades de quema de combustible,Otros sectores,Comercial/institucional,1A4ai3,4,"0,0",Sin emisión/remoción
1938,2012,2,Actividades de quema de combustible,Otros sectores,Comercial/institucional,1A4ai3,4,"0,0",Sin emisión/remoción
1939,2013,2,Actividades de quema de combustible,Otros sectores,Comercial/institucional,1A4ai3,4,"0,0",Sin emisión/remoción
1940,2014,2,Actividades de quema de combustible,Otros sectores,Comercial/institucional,1A4ai3,4,"0,0",Sin emisión/remoción
1941,2015,2,Actividades de quema de combustible,Otros sectores,Comercial/institucional,1A4ai3,4,"0,0",Sin emisión/remoción
1942,2016,2,Actividades de quema de combustible,Otros sectores,Comercial/institucional,1A4ai3,4,"0,0",Sin emisión/remoción
1943,2017,2,Actividades de quema de combustible,Otros sectores,Comercial/institucional,1A4ai3,4,"0,0",Sin emisión/remoción
1944,2018,2,Actividades de quema de combustible,Otros sectores,Comercial/institucional,1A4ai3,4,"0,0",Sin emisión/remoción
1945,2019,2,Actividades de quema de combustible,Otros sectores,Comercial/institucional,1A4ai3,4,"0,0",Sin emisión/remoción
1946,2020,2,Actividades de quema de combustible,Otros sectores,Comercial/institucional,1A4ai3,4,"0,0",Sin emisión/remoción
1947,2021,2,Actividades de quema de combustible,Otros sectores,Comercial/institucional,1A4ai3,4,"0,0",Sin emisión/remoción
1948,2022,2,Actividades de quema de combustible,Otros sectores,Comercial/institucional,1A4ai3,4,"0,0",Sin emisión/remoción
1949,1990,2,Actividades de quema de combustible,Otros sectores,Residencial,1A4b,2,"13,42",Emisión
1950,1991,2,Actividades de quema de combustible,Otros sectores,Residencial,1A4b,2,"13,17",Emisión
1951,1992,2,Actividades de quema de combustible,Otros sectores,Residencial,1A4b,2,"12,98",Emisión
1952,1993,2,Actividades de quema de combustible,Otros sectores,Residencial,1A4b,2,"15,01",Emisión
1953,1994,2,Actividades de quema de combustible,Otros sectores,Residencial,1A4b,2,"15,07",Emisión
1954,1995,2,Actividades de quema de combustible,Otros sectores,Residencial,1A4b,2,"15,12",Emisión
1955,1996,2,Actividades de quema de combustible,Otros sectores,Residencial,1A4b,2,"15,04",Emisión
1956,1997,2,Actividades de quema de combustible,Otros sectores,Residencial,1A4b,2,"15,05",Emisión
1957,1998,2,Actividades de quema de combustible,Otros sectores,Residencial,1A4b,2,"15,24",Emisión
1958,1999,2,Actividades de quema de combustible,Otros sectores,Residencial,1A4b,2,"16,42",Emisión
1959,2000,2,Actividades de quema de combustible,Otros sectores,Residencial,1A4b,2,"17,42",Emisión
1960,2001,2,Actividades de quema de combustible,Otros sectores,Residencial,1A4b,2,"16,92",Emisión
1961,2002,2,Actividades de quema de combustible,Otros sectores,Residencial,1A4b,2,"16,48",Emisión
1962,2003,2,Actividades de quema de combustible,Otros sectores,Residencial,1A4b,2,"17,15",Emisión
1963,2004,2,Actividades de quema de combustible,Otros sectores,Residencial,1A4b,2,"17,63",Emisión
1964,2005,2,Actividades de quema de combustible,Otros sectores,Residencial,1A4b,2,"18,72",Emisión
1965,2006,2,Actividades de quema de combustible,Otros sectores,Residencial,1A4b,2,"18,75",Emisión
1966,2007,2,Actividades de quema de combustible,Otros sectores,Residencial,1A4b,2,"22,1",Emisión
1967,2008,2,Actividades de quema de combustible,Otros sectores,Residencial,1A4b,2,"21,0",Emisión
1968,2009,2,Actividades de quema de combustible,Otros sectores,Residencial,1A4b,2,"20,6",Emisión
1969,2010,2,Actividades de quema de combustible,Otros sectores,Residencial,1A4b,2,"23,88",Emisión
1970,2011,2,Actividades de quema de combustible,Otros sectores,Residencial,1A4b,2,"23,88",Emisión
1971,2012,2,Actividades de quema de combustible,Otros sectores,Residencial,1A4b,2,"25,15",Emisión
1972,2013,2,Actividades de quema de combustible,Otros sectores,Residencial,1A4b,2,"26,29",Emisión
1973,2014,2,Actividades de quema de combustible,Otros sectores,Residencial,1A4b,2,"25,31",Emisión
1974,2015,2,Actividades de quema de combustible,Otros sectores,Residencial,1A4b,2,"25,59",Emisión
1975,2016,2,Actividades de quema de combustible,Otros sectores,Residencial,1A4b,2,"26,9",Emisión
1976,2017,2,Actividades de quema de combustible,Otros sectores,Residencial,1A4b,2,"24,18",Emisión
1977,2018,2,Actividades de quema de combustible,Otros sectores,Residencial,1A4b,2,"23,93",Emisión
1978,2019,2,Actividades de quema de combustible,Otros sectores,Residencial,1A4b,2,"23,05",Emisión
1979,2020,2,Actividades de quema de combustible,Otros sectores,Residencial,1A4b,2,"23,31",Emisión
1980,2021,2,Actividades de quema de combustible,Otros sectores,Residencial,1A4b,2,"24,14",Emisión
1981,2022,2,Actividades de quema de combustible,Otros sectores,Residencial,1A4b,2,"25,88",Emisión
1982,1990,2,Actividades de quema de combustible,Otros sectores,Residencial,1A4b,1,"0,09",Emisión
1983,1991,2,Actividades de quema de combustible,Otros sectores,Residencial,1A4b,1,"0,09",Emisión
1984,1992,2,Actividades de quema de combustible,Otros sectores,Residencial,1A4b,1,"0,1",Emisión
1985,1993,2,Actividades de quema de combustible,Otros sectores,Residencial,1A4b,1,"0,1",Emisión
1986,1994,2,Actividades de quema de combustible,Otros sectores,Residencial,1A4b,1,"0,1",Emisión
1987,1995,2,Actividades de quema de combustible,Otros sectores,Residencial,1A4b,1,"0,1",Emisión
1988,1996,2,Actividades de quema de combustible,Otros sectores,Residencial,1A4b,1,"0,1",Emisión
1989,1997,2,Actividades de quema de combustible,Otros sectores,Residencial,1A4b,1,"0,1",Emisión
1990,1998,2,Actividades de quema de combustible,Otros sectores,Residencial,1A4b,1,"0,12",Emisión
1991,1999,2,Actividades de quema de combustible,Otros sectores,Residencial,1A4b,1,"0,1",Emisión
1992,2000,2,Actividades de quema de combustible,Otros sectores,Residencial,1A4b,1,"0,09",Emisión
1993,2001,2,Actividades de quema de combustible,Otros sectores,Residencial,1A4b,1,"0,1",Emisión
1994,2002,2,Actividades de quema de combustible,Otros sectores,Residencial,1A4b,1,"0,09",Emisión
1995,2003,2,Actividades de quema de combustible,Otros sectores,Residencial,1A4b,1,"0,11",Emisión
1996,2004,2,Actividades de quema de combustible,Otros sectores,Residencial,1A4b,1,"0,14",Emisión
1997,2005,2,Actividades de quema de combustible,Otros sectores,Residencial,1A4b,1,"0,12",Emisión
1998,2006,2,Actividades de quema de combustible,Otros sectores,Residencial,1A4b,1,"0,12",Emisión
1999,2007,2,Actividades de quema de combustible,Otros sectores,Residencial,1A4b,1,"0,13",Emisión
2000,2008,2,Actividades de quema de combustible,Otros sectores,Residencial,1A4b,1,"0,12",Emisión
2001,2009,2,Actividades de quema de combustible,Otros sectores,Residencial,1A4b,1,"0,12",Emisión
2002,2010,2,Actividades de quema de combustible,Otros sectores,Residencial,1A4b,1,"0,13",Emisión
2003,2011,2,Actividades de quema de combustible,Otros sectores,Residencial,1A4b,1,"0,13",Emisión
2004,2012,2,Actividades de quema de combustible,Otros sectores,Residencial,1A4b,1,"0,13",Emisión
2005,2013,2,Actividades de quema de combustible,Otros sectores,Residencial,1A4b,1,"0,14",Emisión
2006,2014,2,Actividades de quema de combustible,Otros sectores,Residencial,1A4b,1,"0,14",Emisión
2007,2015,2,Actividades de quema de combustible,Otros sectores,Residencial,1A4b,1,"0,14",Emisión
2008,2016,2,Actividades de quema de combustible,Otros sectores,Residencial,1A4b,1,"0,13",Emisión
2009,2017,2,Actividades de quema de combustible,Otros sectores,Residencial,1A4b,1,"0,12",Emisión
2010,2018,2,Actividades de quema de combustible,Otros sectores,Residencial,1A4b,1,"0,12",Emisión
2011,2019,2,Actividades de quema de combustible,Otros sectores,Residencial,1A4b,1,"0,12",Emisión
2012,2020,2,Actividades de quema de combustible,Otros sectores,Residencial,1A4b,1,"0,11",Emisión
2013,2021,2,Actividades de quema de combustible,Otros sectores,Residencial,1A4b,1,"0,12",Emisión
2014,2022,2,Actividades de quema de combustible,Otros sectores,Residencial,1A4b,1,"0,13",Emisión
2015,1990,2,Actividades de quema de combustible,Otros sectores,Residencial,1A4b,4,"0,01",Emisión
2016,1991,2,Actividades de quema de combustible,Otros sectores,Residencial,1A4b,4,"0,01",Emisión
2017,1992,2,Actividades de quema de combustible,Otros sectores,Residencial,1A4b,4,"0,01",Emisión
2018,1993,2,Actividades de quema de combustible,Otros sectores,Residencial,1A4b,4,"0,01",Emisión
2019,1994,2,Actividades de quema de combustible,Otros sectores,Residencial,1A4b,4,"0,01",Emisión
2020,1995,2,Actividades de quema de combustible,Otros sectores,Residencial,1A4b,4,"0,01",Emisión
2021,1996,2,Actividades de quema de combustible,Otros sectores,Residencial,1A4b,4,"0,01",Emisión
2022,1997,2,Actividades de quema de combustible,Otros sectores,Residencial,1A4b,4,"0,01",Emisión
2023,1998,2,Actividades de quema de combustible,Otros sectores,Residencial,1A4b,4,"0,02",Emisión
2024,1999,2,Actividades de quema de combustible,Otros sectores,Residencial,1A4b,4,"0,01",Emisión
2025,2000,2,Actividades de quema de combustible,Otros sectores,Residencial,1A4b,4,"0,01",Emisión
2026,2001,2,Actividades de quema de combustible,Otros sectores,Residencial,1A4b,4,"0,01",Emisión
2027,2002,2,Actividades de quema de combustible,Otros sectores,Residencial,1A4b,4,"0,01",Emisión
2028,2003,2,Actividades de quema de combustible,Otros sectores,Residencial,1A4b,4,"0,01",Emisión
2029,2004,2,Actividades de quema de combustible,Otros sectores,Residencial,1A4b,4,"0,02",Emisión
2030,2005,2,Actividades de quema de combustible,Otros sectores,Residencial,1A4b,4,"0,02",Emisión
2031,2006,2,Actividades de quema de combustible,Otros sectores,Residencial,1A4b,4,"0,02",Emisión
2032,2007,2,Actividades de quema de combustible,Otros sectores,Residencial,1A4b,4,"0,02",Emisión
2033,2008,2,Actividades de quema de combustible,Otros sectores,Residencial,1A4b,4,"0,02",Emisión
2034,2009,2,Actividades de quema de combustible,Otros sectores,Residencial,1A4b,4,"0,02",Emisión
2035,2010,2,Actividades de quema de combustible,Otros sectores,Residencial,1A4b,4,"0,02",Emisión
2036,2011,2,Actividades de quema de combustible,Otros sectores,Residencial,1A4b,4,"0,02",Emisión
2037,2012,2,Actividades de quema de combustible,Otros sectores,Residencial,1A4b,4,"0,02",Emisión
2038,2013,2,Actividades de quema de combustible,Otros sectores,Residencial,1A4b,4,"0,02",Emisión
2039,2014,2,Actividades de quema de combustible,Otros sectores,Residencial,1A4b,4,"0,02",Emisión
2040,2015,2,Actividades de quema de combustible,Otros sectores,Residencial,1A4b,4,"0,02",Emisión
2041,2016,2,Actividades de quema de combustible,Otros sectores,Residencial,1A4b,4,"0,02",Emisión
2042,2017,2,Actividades de quema de combustible,Otros sectores,Residencial,1A4b,4,"0,02",Emisión
2043,2018,2,Actividades de quema de combustible,Otros sectores,Residencial,1A4b,4,"0,02",Emisión
2044,2019,2,Actividades de quema de combustible,Otros sectores,Residencial,1A4b,4,"0,02",Emisión
2045,2020,2,Actividades de quema de combustible,Otros sectores,Residencial,1A4b,4,"0,02",Emisión
2046,2021,2,Actividades de quema de combustible,Otros sectores,Residencial,1A4b,4,"0,02",Emisión
2047,2022,2,Actividades de quema de combustible,Otros sectores,Residencial,1A4b,4,"0,02",Emisión
2048,1990,2,Actividades de quema de combustible,Otros sectores,Agricultura/Silvicultura/Pesca/Piscifactorías,1A4c,2,"4,86",Emisión
2049,1991,2,Actividades de quema de combustible,Otros sectores,Agricultura/Silvicultura/Pesca/Piscifactorías,1A4c,2,"4,46",Emisión
2050,1992,2,Actividades de quema de combustible,Otros sectores,Agricultura/Silvicultura/Pesca/Piscifactorías,1A4c,2,"5,59",Emisión
2051,1993,2,Actividades de quema de combustible,Otros sectores,Agricultura/Silvicultura/Pesca/Piscifactorías,1A4c,2,"6,56",Emisión
2052,1994,2,Actividades de quema de combustible,Otros sectores,Agricultura/Silvicultura/Pesca/Piscifactorías,1A4c,2,"7,18",Emisión
2053,1995,2,Actividades de quema de combustible,Otros sectores,Agricultura/Silvicultura/Pesca/Piscifactorías,1A4c,2,"7,1",Emisión
2054,1996,2,Actividades de quema de combustible,Otros sectores,Agricultura/Silvicultura/Pesca/Piscifactorías,1A4c,2,"8,55",Emisión
2055,1997,2,Actividades de quema de combustible,Otros sectores,Agricultura/Silvicultura/Pesca/Piscifactorías,1A4c,2,"8,78",Emisión
2056,1998,2,Actividades de quema de combustible,Otros sectores,Agricultura/Silvicultura/Pesca/Piscifactorías,1A4c,2,"9,06",Emisión
2057,1999,2,Actividades de quema de combustible,Otros sectores,Agricultura/Silvicultura/Pesca/Piscifactorías,1A4c,2,"8,79",Emisión
2058,2000,2,Actividades de quema de combustible,Otros sectores,Agricultura/Silvicultura/Pesca/Piscifactorías,1A4c,2,"7,74",Emisión
2059,2001,2,Actividades de quema de combustible,Otros sectores,Agricultura/Silvicultura/Pesca/Piscifactorías,1A4c,2,"9,34",Emisión
2060,2002,2,Actividades de quema de combustible,Otros sectores,Agricultura/Silvicultura/Pesca/Piscifactorías,1A4c,2,"8,6",Emisión
2061,2003,2,Actividades de quema de combustible,Otros sectores,Agricultura/Silvicultura/Pesca/Piscifactorías,1A4c,2,"9,06",Emisión
2062,2004,2,Actividades de quema de combustible,Otros sectores,Agricultura/Silvicultura/Pesca/Piscifactorías,1A4c,2,"9,68",Emisión
2063,2005,2,Actividades de quema de combustible,Otros sectores,Agricultura/Silvicultura/Pesca/Piscifactorías,1A4c,2,"10,17",Emisión
2064,2006,2,Actividades de quema de combustible,Otros sectores,Agricultura/Silvicultura/Pesca/Piscifactorías,1A4c,2,"10,8",Emisión
2065,2007,2,Actividades de quema de combustible,Otros sectores,Agricultura/Silvicultura/Pesca/Piscifactorías,1A4c,2,"11,86",Emisión
2066,2008,2,Actividades de quema de combustible,Otros sectores,Agricultura/Silvicultura/Pesca/Piscifactorías,1A4c,2,"11,49",Emisión
2067,2009,2,Actividades de quema de combustible,Otros sectores,Agricultura/Silvicultura/Pesca/Piscifactorías,1A4c,2,"10,22",Emisión
2068,2010,2,Actividades de quema de combustible,Otros sectores,Agricultura/Silvicultura/Pesca/Piscifactorías,1A4c,2,"1,35",Emisión
2069,2011,2,Actividades de quema de combustible,Otros sectores,Agricultura/Silvicultura/Pesca/Piscifactorías,1A4c,2,"3,5",Emisión
2070,2012,2,Actividades de quema de combustible,Otros sectores,Agricultura/Silvicultura/Pesca/Piscifactorías,1A4c,2,"3,04",Emisión
2071,2013,2,Actividades de quema de combustible,Otros sectores,Agricultura/Silvicultura/Pesca/Piscifactorías,1A4c,2,"3,13",Emisión
2072,2014,2,Actividades de quema de combustible,Otros sectores,Agricultura/Silvicultura/Pesca/Piscifactorías,1A4c,2,"3,14",Emisión
2073,2015,2,Actividades de quema de combustible,Otros sectores,Agricultura/Silvicultura/Pesca/Piscifactorías,1A4c,2,"3,07",Emisión
2074,2016,2,Actividades de quema de combustible,Otros sectores,Agricultura/Silvicultura/Pesca/Piscifactorías,1A4c,2,"3,32",Emisión
2075,2017,2,Actividades de quema de combustible,Otros sectores,Agricultura/Silvicultura/Pesca/Piscifactorías,1A4c,2,"3,46",Emisión
2076,2018,2,Actividades de quema de combustible,Otros sectores,Agricultura/Silvicultura/Pesca/Piscifactorías,1A4c,2,"3,76",Emisión
2077,2019,2,Actividades de quema de combustible,Otros sectores,Agricultura/Silvicultura/Pesca/Piscifactorías,1A4c,2,"4,02",Emisión
2078,2020,2,Actividades de quema de combustible,Otros sectores,Agricultura/Silvicultura/Pesca/Piscifactorías,1A4c,2,"4,6",Emisión
2079,2021,2,Actividades de quema de combustible,Otros sectores,Agricultura/Silvicultura/Pesca/Piscifactorías,1A4c,2,"5,71",Emisión
2080,2022,2,Actividades de quema de combustible,Otros sectores,Agricultura/Silvicultura/Pesca/Piscifactorías,1A4c,2,"5,63",Emisión
2081,1990,2,Actividades de quema de combustible,Otros sectores,Agricultura/Silvicultura/Pesca/Piscifactorías,1A4c,1,"0,02",Emisión
2082,1991,2,Actividades de quema de combustible,Otros sectores,Agricultura/Silvicultura/Pesca/Piscifactorías,1A4c,1,"0,02",Emisión
2083,1992,2,Actividades de quema de combustible,Otros sectores,Agricultura/Silvicultura/Pesca/Piscifactorías,1A4c,1,"0,02",Emisión
2084,1993,2,Actividades de quema de combustible,Otros sectores,Agricultura/Silvicultura/Pesca/Piscifactorías,1A4c,1,"0,03",Emisión
2085,1994,2,Actividades de quema de combustible,Otros sectores,Agricultura/Silvicultura/Pesca/Piscifactorías,1A4c,1,"0,03",Emisión
2086,1995,2,Actividades de quema de combustible,Otros sectores,Agricultura/Silvicultura/Pesca/Piscifactorías,1A4c,1,"0,03",Emisión
2087,1996,2,Actividades de quema de combustible,Otros sectores,Agricultura/Silvicultura/Pesca/Piscifactorías,1A4c,1,"0,03",Emisión
2088,1997,2,Actividades de quema de combustible,Otros sectores,Agricultura/Silvicultura/Pesca/Piscifactorías,1A4c,1,"0,03",Emisión
2089,1998,2,Actividades de quema de combustible,Otros sectores,Agricultura/Silvicultura/Pesca/Piscifactorías,1A4c,1,"0,04",Emisión
2090,1999,2,Actividades de quema de combustible,Otros sectores,Agricultura/Silvicultura/Pesca/Piscifactorías,1A4c,1,"0,03",Emisión
2091,2000,2,Actividades de quema de combustible,Otros sectores,Agricultura/Silvicultura/Pesca/Piscifactorías,1A4c,1,"0,03",Emisión
2092,2001,2,Actividades de quema de combustible,Otros sectores,Agricultura/Silvicultura/Pesca/Piscifactorías,1A4c,1,"0,04",Emisión
2093,2002,2,Actividades de quema de combustible,Otros sectores,Agricultura/Silvicultura/Pesca/Piscifactorías,1A4c,1,"0,03",Emisión
2094,2003,2,Actividades de quema de combustible,Otros sectores,Agricultura/Silvicultura/Pesca/Piscifactorías,1A4c,1,"0,04",Emisión
2095,2004,2,Actividades de quema de combustible,Otros sectores,Agricultura/Silvicultura/Pesca/Piscifactorías,1A4c,1,"0,04",Emisión
2096,2005,2,Actividades de quema de combustible,Otros sectores,Agricultura/Silvicultura/Pesca/Piscifactorías,1A4c,1,"0,04",Emisión
2097,2006,2,Actividades de quema de combustible,Otros sectores,Agricultura/Silvicultura/Pesca/Piscifactorías,1A4c,1,"0,04",Emisión
2098,2007,2,Actividades de quema de combustible,Otros sectores,Agricultura/Silvicultura/Pesca/Piscifactorías,1A4c,1,"0,05",Emisión
2099,2008,2,Actividades de quema de combustible,Otros sectores,Agricultura/Silvicultura/Pesca/Piscifactorías,1A4c,1,"0,04",Emisión
2100,2009,2,Actividades de quema de combustible,Otros sectores,Agricultura/Silvicultura/Pesca/Piscifactorías,1A4c,1,"0,04",Emisión
2101,2010,2,Actividades de quema de combustible,Otros sectores,Agricultura/Silvicultura/Pesca/Piscifactorías,1A4c,1,"0,0",Sin emisión/remoción
2102,2011,2,Actividades de quema de combustible,Otros sectores,Agricultura/Silvicultura/Pesca/Piscifactorías,1A4c,1,"0,01",Emisión
2103,2012,2,Actividades de quema de combustible,Otros sectores,Agricultura/Silvicultura/Pesca/Piscifactorías,1A4c,1,"0,01",Emisión
2104,2013,2,Actividades de quema de combustible,Otros sectores,Agricultura/Silvicultura/Pesca/Piscifactorías,1A4c,1,"0,01",Emisión
2105,2014,2,Actividades de quema de combustible,Otros sectores,Agricultura/Silvicultura/Pesca/Piscifactorías,1A4c,1,"0,01",Emisión
2106,2015,2,Actividades de quema de combustible,Otros sectores,Agricultura/Silvicultura/Pesca/Piscifactorías,1A4c,1,"0,01",Emisión
2107,2016,2,Actividades de quema de combustible,Otros sectores,Agricultura/Silvicultura/Pesca/Piscifactorías,1A4c,1,"0,01",Emisión
2108,2017,2,Actividades de quema de combustible,Otros sectores,Agricultura/Silvicultura/Pesca/Piscifactorías,1A4c,1,"0,01",Emisión
2109,2018,2,Actividades de quema de combustible,Otros sectores,Agricultura/Silvicultura/Pesca/Piscifactorías,1A4c,1,"0,02",Emisión
2110,2019,2,Actividades de quema de combustible,Otros sectores,Agricultura/Silvicultura/Pesca/Piscifactorías,1A4c,1,"0,02",Emisión
2111,2020,2,Actividades de quema de combustible,Otros sectores,Agricultura/Silvicultura/Pesca/Piscifactorías,1A4c,1,"0,02",Emisión
2112,2021,2,Actividades de quema de combustible,Otros sectores,Agricultura/Silvicultura/Pesca/Piscifactorías,1A4c,1,"0,02",Emisión
2113,2022,2,Actividades de quema de combustible,Otros sectores,Agricultura/Silvicultura/Pesca/Piscifactorías,1A4c,1,"0,02",Emisión
2114,1990,2,Actividades de quema de combustible,Otros sectores,Agricultura/Silvicultura/Pesca/Piscifactorías,1A4c,4,"0,01",Emisión
2115,1991,2,Actividades de quema de combustible,Otros sectores,Agricultura/Silvicultura/Pesca/Piscifactorías,1A4c,4,"0,01",Emisión
2116,1992,2,Actividades de quema de combustible,Otros sectores,Agricultura/Silvicultura/Pesca/Piscifactorías,1A4c,4,"0,01",Emisión
2117,1993,2,Actividades de quema de combustible,Otros sectores,Agricultura/Silvicultura/Pesca/Piscifactorías,1A4c,4,"0,01",Emisión
2118,1994,2,Actividades de quema de combustible,Otros sectores,Agricultura/Silvicultura/Pesca/Piscifactorías,1A4c,4,"0,02",Emisión
2119,1995,2,Actividades de quema de combustible,Otros sectores,Agricultura/Silvicultura/Pesca/Piscifactorías,1A4c,4,"0,02",Emisión
2120,1996,2,Actividades de quema de combustible,Otros sectores,Agricultura/Silvicultura/Pesca/Piscifactorías,1A4c,4,"0,02",Emisión
2121,1997,2,Actividades de quema de combustible,Otros sectores,Agricultura/Silvicultura/Pesca/Piscifactorías,1A4c,4,"0,02",Emisión
2122,1998,2,Actividades de quema de combustible,Otros sectores,Agricultura/Silvicultura/Pesca/Piscifactorías,1A4c,4,"0,02",Emisión
2123,1999,2,Actividades de quema de combustible,Otros sectores,Agricultura/Silvicultura/Pesca/Piscifactorías,1A4c,4,"0,02",Emisión
2124,2000,2,Actividades de quema de combustible,Otros sectores,Agricultura/Silvicultura/Pesca/Piscifactorías,1A4c,4,"0,02",Emisión
2125,2001,2,Actividades de quema de combustible,Otros sectores,Agricultura/Silvicultura/Pesca/Piscifactorías,1A4c,4,"0,02",Emisión
2126,2002,2,Actividades de quema de combustible,Otros sectores,Agricultura/Silvicultura/Pesca/Piscifactorías,1A4c,4,"0,02",Emisión
2127,2003,2,Actividades de quema de combustible,Otros sectores,Agricultura/Silvicultura/Pesca/Piscifactorías,1A4c,4,"0,02",Emisión
2128,2004,2,Actividades de quema de combustible,Otros sectores,Agricultura/Silvicultura/Pesca/Piscifactorías,1A4c,4,"0,02",Emisión
2129,2005,2,Actividades de quema de combustible,Otros sectores,Agricultura/Silvicultura/Pesca/Piscifactorías,1A4c,4,"0,02",Emisión
2130,2006,2,Actividades de quema de combustible,Otros sectores,Agricultura/Silvicultura/Pesca/Piscifactorías,1A4c,4,"0,02",Emisión
2131,2007,2,Actividades de quema de combustible,Otros sectores,Agricultura/Silvicultura/Pesca/Piscifactorías,1A4c,4,"0,03",Emisión
2132,2008,2,Actividades de quema de combustible,Otros sectores,Agricultura/Silvicultura/Pesca/Piscifactorías,1A4c,4,"0,03",Emisión
2133,2009,2,Actividades de quema de combustible,Otros sectores,Agricultura/Silvicultura/Pesca/Piscifactorías,1A4c,4,"0,02",Emisión
2134,2010,2,Actividades de quema de combustible,Otros sectores,Agricultura/Silvicultura/Pesca/Piscifactorías,1A4c,4,"0,0",Sin emisión/remoción
2135,2011,2,Actividades de quema de combustible,Otros sectores,Agricultura/Silvicultura/Pesca/Piscifactorías,1A4c,4,"0,01",Emisión
2136,2012,2,Actividades de quema de combustible,Otros sectores,Agricultura/Silvicultura/Pesca/Piscifactorías,1A4c,4,"0,01",Emisión
2137,2013,2,Actividades de quema de combustible,Otros sectores,Agricultura/Silvicultura/Pesca/Piscifactorías,1A4c,4,"0,01",Emisión
2138,2014,2,Actividades de quema de combustible,Otros sectores,Agricultura/Silvicultura/Pesca/Piscifactorías,1A4c,4,"0,01",Emisión
2139,2015,2,Actividades de quema de combustible,Otros sectores,Agricultura/Silvicultura/Pesca/Piscifactorías,1A4c,4,"0,01",Emisión
2140,2016,2,Actividades de quema de combustible,Otros sectores,Agricultura/Silvicultura/Pesca/Piscifactorías,1A4c,4,"0,01",Emisión
2141,2017,2,Actividades de quema de combustible,Otros sectores,Agricultura/Silvicultura/Pesca/Piscifactorías,1A4c,4,"0,01",Emisión
2142,2018,2,Actividades de quema de combustible,Otros sectores,Agricultura/Silvicultura/Pesca/Piscifactorías,1A4c,4,"0,01",Emisión
2143,2019,2,Actividades de quema de combustible,Otros sectores,Agricultura/Silvicultura/Pesca/Piscifactorías,1A4c,4,"0,01",Emisión
2144,2020,2,Actividades de quema de combustible,Otros sectores,Agricultura/Silvicultura/Pesca/Piscifactorías,1A4c,4,"0,01",Emisión
2145,2021,2,Actividades de quema de combustible,Otros sectores,Agricultura/Silvicultura/Pesca/Piscifactorías,1A4c,4,"0,01",Emisión
2146,2022,2,Actividades de quema de combustible,Otros sectores,Agricultura/Silvicultura/Pesca/Piscifactorías,1A4c,4,"0,01",Emisión
2147,1990,2,Emisiones fugitivas provenientes de la fabricación de combustibles,Emisiones Fugitivas,Fugitivas producción Combustibles Sólidos,1B1ai1,2,"0,01",Emisión
2148,1990,2,Emisiones fugitivas provenientes de la fabricación de combustibles,Emisiones Fugitivas,Fugitivas producción Combustibles Sólidos,1B1ai1,1,"0,18",Emisión
2149,1991,2,Emisiones fugitivas provenientes de la fabricación de combustibles,Emisiones Fugitivas,Fugitivas producción Combustibles Sólidos,1B1ai1,2,"0,01",Emisión
2150,1991,2,Emisiones fugitivas provenientes de la fabricación de combustibles,Emisiones Fugitivas,Fugitivas producción Combustibles Sólidos,1B1ai1,1,"0,19",Emisión
2151,1992,2,Emisiones fugitivas provenientes de la fabricación de combustibles,Emisiones Fugitivas,Fugitivas producción Combustibles Sólidos,1B1ai1,2,"0,0",Sin emisión/remoción
2152,1992,2,Emisiones fugitivas provenientes de la fabricación de combustibles,Emisiones Fugitivas,Fugitivas producción Combustibles Sólidos,1B1ai1,1,"0,14",Emisión
2153,1993,2,Emisiones fugitivas provenientes de la fabricación de combustibles,Emisiones Fugitivas,Fugitivas producción Combustibles Sólidos,1B1ai1,2,"0,0",Sin emisión/remoción
2154,1993,2,Emisiones fugitivas provenientes de la fabricación de combustibles,Emisiones Fugitivas,Fugitivas producción Combustibles Sólidos,1B1ai1,1,"0,12",Emisión
2155,1994,2,Emisiones fugitivas provenientes de la fabricación de combustibles,Emisiones Fugitivas,Fugitivas producción Combustibles Sólidos,1B1ai1,2,"0,01",Emisión
2156,1994,2,Emisiones fugitivas provenientes de la fabricación de combustibles,Emisiones Fugitivas,Fugitivas producción Combustibles Sólidos,1B1ai1,1,"0,23",Emisión
2157,1995,2,Emisiones fugitivas provenientes de la fabricación de combustibles,Emisiones Fugitivas,Fugitivas producción Combustibles Sólidos,1B1ai1,2,"0,01",Emisión
2158,1995,2,Emisiones fugitivas provenientes de la fabricación de combustibles,Emisiones Fugitivas,Fugitivas producción Combustibles Sólidos,1B1ai1,1,"0,18",Emisión
2159,1996,2,Emisiones fugitivas provenientes de la fabricación de combustibles,Emisiones Fugitivas,Fugitivas producción Combustibles Sólidos,1B1ai1,2,"0,01",Emisión
2160,1996,2,Emisiones fugitivas provenientes de la fabricación de combustibles,Emisiones Fugitivas,Fugitivas producción Combustibles Sólidos,1B1ai1,1,"0,19",Emisión
2161,1997,2,Emisiones fugitivas provenientes de la fabricación de combustibles,Emisiones Fugitivas,Fugitivas producción Combustibles Sólidos,1B1ai1,2,"0,01",Emisión
2162,1997,2,Emisiones fugitivas provenientes de la fabricación de combustibles,Emisiones Fugitivas,Fugitivas producción Combustibles Sólidos,1B1ai1,1,"0,18",Emisión
2163,1998,2,Emisiones fugitivas provenientes de la fabricación de combustibles,Emisiones Fugitivas,Fugitivas producción Combustibles Sólidos,1B1ai1,2,"0,01",Emisión
2164,1998,2,Emisiones fugitivas provenientes de la fabricación de combustibles,Emisiones Fugitivas,Fugitivas producción Combustibles Sólidos,1B1ai1,1,"0,21",Emisión
2165,1999,2,Emisiones fugitivas provenientes de la fabricación de combustibles,Emisiones Fugitivas,Fugitivas producción Combustibles Sólidos,1B1ai1,2,"0,01",Emisión
2166,1999,2,Emisiones fugitivas provenientes de la fabricación de combustibles,Emisiones Fugitivas,Fugitivas producción Combustibles Sólidos,1B1ai1,1,"0,19",Emisión
2167,2000,2,Emisiones fugitivas provenientes de la fabricación de combustibles,Emisiones Fugitivas,Fugitivas producción Combustibles Sólidos,1B1ai1,2,"0,01",Emisión
2168,2000,2,Emisiones fugitivas provenientes de la fabricación de combustibles,Emisiones Fugitivas,Fugitivas producción Combustibles Sólidos,1B1ai1,1,"0,17",Emisión
2169,2001,2,Emisiones fugitivas provenientes de la fabricación de combustibles,Emisiones Fugitivas,Fugitivas producción Combustibles Sólidos,1B1ai1,2,"0,0",Sin emisión/remoción
2170,2001,2,Emisiones fugitivas provenientes de la fabricación de combustibles,Emisiones Fugitivas,Fugitivas producción Combustibles Sólidos,1B1ai1,1,"0,12",Emisión
2171,2002,2,Emisiones fugitivas provenientes de la fabricación de combustibles,Emisiones Fugitivas,Fugitivas producción Combustibles Sólidos,1B1ai1,2,"0,0",Sin emisión/remoción
2172,2002,2,Emisiones fugitivas provenientes de la fabricación de combustibles,Emisiones Fugitivas,Fugitivas producción Combustibles Sólidos,1B1ai1,1,"0,06",Emisión
2173,2003,2,Emisiones fugitivas provenientes de la fabricación de combustibles,Emisiones Fugitivas,Fugitivas producción Combustibles Sólidos,1B1ai1,2,"0,0",Sin emisión/remoción
2174,2003,2,Emisiones fugitivas provenientes de la fabricación de combustibles,Emisiones Fugitivas,Fugitivas producción Combustibles Sólidos,1B1ai1,1,"0,06",Emisión
2175,2004,2,Emisiones fugitivas provenientes de la fabricación de combustibles,Emisiones Fugitivas,Fugitivas producción Combustibles Sólidos,1B1ai1,2,"0,0",Sin emisión/remoción
2176,2004,2,Emisiones fugitivas provenientes de la fabricación de combustibles,Emisiones Fugitivas,Fugitivas producción Combustibles Sólidos,1B1ai1,1,"0,03",Emisión
2177,2005,2,Emisiones fugitivas provenientes de la fabricación de combustibles,Emisiones Fugitivas,Fugitivas producción Combustibles Sólidos,1B1ai1,2,"0,0",Sin emisión/remoción
2178,2005,2,Emisiones fugitivas provenientes de la fabricación de combustibles,Emisiones Fugitivas,Fugitivas producción Combustibles Sólidos,1B1ai1,1,"0,02",Emisión
2179,2006,2,Emisiones fugitivas provenientes de la fabricación de combustibles,Emisiones Fugitivas,Fugitivas producción Combustibles Sólidos,1B1ai1,2,"0,0",Sin emisión/remoción
2180,2006,2,Emisiones fugitivas provenientes de la fabricación de combustibles,Emisiones Fugitivas,Fugitivas producción Combustibles Sólidos,1B1ai1,1,"0,06",Emisión
2181,2007,2,Emisiones fugitivas provenientes de la fabricación de combustibles,Emisiones Fugitivas,Fugitivas producción Combustibles Sólidos,1B1ai1,2,"0,0",Sin emisión/remoción
2182,2007,2,Emisiones fugitivas provenientes de la fabricación de combustibles,Emisiones Fugitivas,Fugitivas producción Combustibles Sólidos,1B1ai1,1,"0,07",Emisión
2183,2008,2,Emisiones fugitivas provenientes de la fabricación de combustibles,Emisiones Fugitivas,Fugitivas producción Combustibles Sólidos,1B1ai1,2,"0,0",Sin emisión/remoción
2184,2008,2,Emisiones fugitivas provenientes de la fabricación de combustibles,Emisiones Fugitivas,Fugitivas producción Combustibles Sólidos,1B1ai1,1,"0,06",Emisión
2185,2009,2,Emisiones fugitivas provenientes de la fabricación de combustibles,Emisiones Fugitivas,Fugitivas producción Combustibles Sólidos,1B1ai1,2,"0,0",Sin emisión/remoción
2186,2009,2,Emisiones fugitivas provenientes de la fabricación de combustibles,Emisiones Fugitivas,Fugitivas producción Combustibles Sólidos,1B1ai1,1,"0,05",Emisión
2187,2010,2,Emisiones fugitivas provenientes de la fabricación de combustibles,Emisiones Fugitivas,Fugitivas producción Combustibles Sólidos,1B1ai1,2,"0,0",Sin emisión/remoción
2188,2010,2,Emisiones fugitivas provenientes de la fabricación de combustibles,Emisiones Fugitivas,Fugitivas producción Combustibles Sólidos,1B1ai1,1,"0,04",Emisión
2189,2011,2,Emisiones fugitivas provenientes de la fabricación de combustibles,Emisiones Fugitivas,Fugitivas producción Combustibles Sólidos,1B1ai1,2,"0,0",Sin emisión/remoción
2190,2011,2,Emisiones fugitivas provenientes de la fabricación de combustibles,Emisiones Fugitivas,Fugitivas producción Combustibles Sólidos,1B1ai1,1,"0,06",Emisión
2191,2012,2,Emisiones fugitivas provenientes de la fabricación de combustibles,Emisiones Fugitivas,Fugitivas producción Combustibles Sólidos,1B1ai1,2,"0,0",Sin emisión/remoción
2192,2012,2,Emisiones fugitivas provenientes de la fabricación de combustibles,Emisiones Fugitivas,Fugitivas producción Combustibles Sólidos,1B1ai1,1,"0,06",Emisión
2193,2013,2,Emisiones fugitivas provenientes de la fabricación de combustibles,Emisiones Fugitivas,Fugitivas producción Combustibles Sólidos,1B1ai1,2,"0,0",Sin emisión/remoción
2194,2013,2,Emisiones fugitivas provenientes de la fabricación de combustibles,Emisiones Fugitivas,Fugitivas producción Combustibles Sólidos,1B1ai1,1,"0,05",Emisión
2195,2014,2,Emisiones fugitivas provenientes de la fabricación de combustibles,Emisiones Fugitivas,Fugitivas producción Combustibles Sólidos,1B1ai1,2,"0,0",Sin emisión/remoción
2196,2014,2,Emisiones fugitivas provenientes de la fabricación de combustibles,Emisiones Fugitivas,Fugitivas producción Combustibles Sólidos,1B1ai1,1,"0,04",Emisión
2197,2015,2,Emisiones fugitivas provenientes de la fabricación de combustibles,Emisiones Fugitivas,Fugitivas producción Combustibles Sólidos,1B1ai1,2,"0,0",Sin emisión/remoción
2198,2015,2,Emisiones fugitivas provenientes de la fabricación de combustibles,Emisiones Fugitivas,Fugitivas producción Combustibles Sólidos,1B1ai1,1,"0,02",Emisión
2199,2016,2,Emisiones fugitivas provenientes de la fabricación de combustibles,Emisiones Fugitivas,Fugitivas producción Combustibles Sólidos,1B1ai1,2,"0,0",Sin emisión/remoción
2200,2016,2,Emisiones fugitivas provenientes de la fabricación de combustibles,Emisiones Fugitivas,Fugitivas producción Combustibles Sólidos,1B1ai1,1,"0,02",Emisión
2201,2017,2,Emisiones fugitivas provenientes de la fabricación de combustibles,Emisiones Fugitivas,Fugitivas producción Combustibles Sólidos,1B1ai1,2,"0,0",Sin emisión/remoción
2202,2017,2,Emisiones fugitivas provenientes de la fabricación de combustibles,Emisiones Fugitivas,Fugitivas producción Combustibles Sólidos,1B1ai1,1,"0,01",Emisión
2203,2018,2,Emisiones fugitivas provenientes de la fabricación de combustibles,Emisiones Fugitivas,Fugitivas producción Combustibles Sólidos,1B1ai1,2,"0,0",Sin emisión/remoción
2204,2018,2,Emisiones fugitivas provenientes de la fabricación de combustibles,Emisiones Fugitivas,Fugitivas producción Combustibles Sólidos,1B1ai1,1,"0,04",Emisión
2205,2019,2,Emisiones fugitivas provenientes de la fabricación de combustibles,Emisiones Fugitivas,Fugitivas producción Combustibles Sólidos,1B1ai1,2,"0,0",Sin emisión/remoción
2206,2019,2,Emisiones fugitivas provenientes de la fabricación de combustibles,Emisiones Fugitivas,Fugitivas producción Combustibles Sólidos,1B1ai1,1,"0,07",Emisión
2207,2020,2,Emisiones fugitivas provenientes de la fabricación de combustibles,Emisiones Fugitivas,Fugitivas producción Combustibles Sólidos,1B1ai1,2,"0,0",Sin emisión/remoción
2208,2020,2,Emisiones fugitivas provenientes de la fabricación de combustibles,Emisiones Fugitivas,Fugitivas producción Combustibles Sólidos,1B1ai1,1,"0,01",Emisión
2209,2021,2,Emisiones fugitivas provenientes de la fabricación de combustibles,Emisiones Fugitivas,Fugitivas producción Combustibles Sólidos,1B1ai1,2,"0,0",Sin emisión/remoción
2210,2021,2,Emisiones fugitivas provenientes de la fabricación de combustibles,Emisiones Fugitivas,Fugitivas producción Combustibles Sólidos,1B1ai1,1,"0,01",Emisión
2211,2022,2,Emisiones fugitivas provenientes de la fabricación de combustibles,Emisiones Fugitivas,Fugitivas producción Combustibles Sólidos,1B1ai1,2,"0,0",Sin emisión/remoción
2212,2022,2,Emisiones fugitivas provenientes de la fabricación de combustibles,Emisiones Fugitivas,Fugitivas producción Combustibles Sólidos,1B1ai1,1,"0,01",Emisión
2213,1990,2,Emisiones fugitivas provenientes de la fabricación de combustibles,Emisiones Fugitivas,Fugitivas producción Combustibles Sólidos,1B1ai2,1,"0,03",Emisión
2214,1991,2,Emisiones fugitivas provenientes de la fabricación de combustibles,Emisiones Fugitivas,Fugitivas producción Combustibles Sólidos,1B1ai2,1,"0,03",Emisión
2215,1992,2,Emisiones fugitivas provenientes de la fabricación de combustibles,Emisiones Fugitivas,Fugitivas producción Combustibles Sólidos,1B1ai2,1,"0,02",Emisión
2216,1993,2,Emisiones fugitivas provenientes de la fabricación de combustibles,Emisiones Fugitivas,Fugitivas producción Combustibles Sólidos,1B1ai2,1,"0,02",Emisión
2217,1994,2,Emisiones fugitivas provenientes de la fabricación de combustibles,Emisiones Fugitivas,Fugitivas producción Combustibles Sólidos,1B1ai2,1,"0,03",Emisión
2218,1995,2,Emisiones fugitivas provenientes de la fabricación de combustibles,Emisiones Fugitivas,Fugitivas producción Combustibles Sólidos,1B1ai2,1,"0,02",Emisión
2219,1996,2,Emisiones fugitivas provenientes de la fabricación de combustibles,Emisiones Fugitivas,Fugitivas producción Combustibles Sólidos,1B1ai2,1,"0,03",Emisión
2220,1997,2,Emisiones fugitivas provenientes de la fabricación de combustibles,Emisiones Fugitivas,Fugitivas producción Combustibles Sólidos,1B1ai2,1,"0,03",Emisión
2221,1998,2,Emisiones fugitivas provenientes de la fabricación de combustibles,Emisiones Fugitivas,Fugitivas producción Combustibles Sólidos,1B1ai2,1,"0,03",Emisión
2222,1999,2,Emisiones fugitivas provenientes de la fabricación de combustibles,Emisiones Fugitivas,Fugitivas producción Combustibles Sólidos,1B1ai2,1,"0,03",Emisión
2223,2000,2,Emisiones fugitivas provenientes de la fabricación de combustibles,Emisiones Fugitivas,Fugitivas producción Combustibles Sólidos,1B1ai2,1,"0,02",Emisión
2224,2001,2,Emisiones fugitivas provenientes de la fabricación de combustibles,Emisiones Fugitivas,Fugitivas producción Combustibles Sólidos,1B1ai2,1,"0,02",Emisión
2225,2002,2,Emisiones fugitivas provenientes de la fabricación de combustibles,Emisiones Fugitivas,Fugitivas producción Combustibles Sólidos,1B1ai2,1,"0,01",Emisión
2226,2003,2,Emisiones fugitivas provenientes de la fabricación de combustibles,Emisiones Fugitivas,Fugitivas producción Combustibles Sólidos,1B1ai2,1,"0,01",Emisión
2227,2004,2,Emisiones fugitivas provenientes de la fabricación de combustibles,Emisiones Fugitivas,Fugitivas producción Combustibles Sólidos,1B1ai2,1,"0,0",Sin emisión/remoción
2228,2005,2,Emisiones fugitivas provenientes de la fabricación de combustibles,Emisiones Fugitivas,Fugitivas producción Combustibles Sólidos,1B1ai2,1,"0,0",Sin emisión/remoción
2229,2006,2,Emisiones fugitivas provenientes de la fabricación de combustibles,Emisiones Fugitivas,Fugitivas producción Combustibles Sólidos,1B1ai2,1,"0,01",Emisión
2230,2007,2,Emisiones fugitivas provenientes de la fabricación de combustibles,Emisiones Fugitivas,Fugitivas producción Combustibles Sólidos,1B1ai2,1,"0,01",Emisión
2231,2008,2,Emisiones fugitivas provenientes de la fabricación de combustibles,Emisiones Fugitivas,Fugitivas producción Combustibles Sólidos,1B1ai2,1,"0,01",Emisión
2232,2009,2,Emisiones fugitivas provenientes de la fabricación de combustibles,Emisiones Fugitivas,Fugitivas producción Combustibles Sólidos,1B1ai2,1,"0,01",Emisión
2233,2010,2,Emisiones fugitivas provenientes de la fabricación de combustibles,Emisiones Fugitivas,Fugitivas producción Combustibles Sólidos,1B1ai2,1,"0,01",Emisión
2234,2011,2,Emisiones fugitivas provenientes de la fabricación de combustibles,Emisiones Fugitivas,Fugitivas producción Combustibles Sólidos,1B1ai2,1,"0,01",Emisión
2235,2012,2,Emisiones fugitivas provenientes de la fabricación de combustibles,Emisiones Fugitivas,Fugitivas producción Combustibles Sólidos,1B1ai2,1,"0,01",Emisión
2236,2013,2,Emisiones fugitivas provenientes de la fabricación de combustibles,Emisiones Fugitivas,Fugitivas producción Combustibles Sólidos,1B1ai2,1,"0,01",Emisión
2237,2014,2,Emisiones fugitivas provenientes de la fabricación de combustibles,Emisiones Fugitivas,Fugitivas producción Combustibles Sólidos,1B1ai2,1,"0,01",Emisión
2238,2015,2,Emisiones fugitivas provenientes de la fabricación de combustibles,Emisiones Fugitivas,Fugitivas producción Combustibles Sólidos,1B1ai2,1,"0,0",Sin emisión/remoción
2239,2016,2,Emisiones fugitivas provenientes de la fabricación de combustibles,Emisiones Fugitivas,Fugitivas producción Combustibles Sólidos,1B1ai2,1,"0,0",Sin emisión/remoción
2240,2017,2,Emisiones fugitivas provenientes de la fabricación de combustibles,Emisiones Fugitivas,Fugitivas producción Combustibles Sólidos,1B1ai2,1,"0,0",Sin emisión/remoción
2241,2018,2,Emisiones fugitivas provenientes de la fabricación de combustibles,Emisiones Fugitivas,Fugitivas producción Combustibles Sólidos,1B1ai2,1,"0,01",Emisión
2242,2019,2,Emisiones fugitivas provenientes de la fabricación de combustibles,Emisiones Fugitivas,Fugitivas producción Combustibles Sólidos,1B1ai2,1,"0,01",Emisión
2243,2020,2,Emisiones fugitivas provenientes de la fabricación de combustibles,Emisiones Fugitivas,Fugitivas producción Combustibles Sólidos,1B1ai2,1,"0,0",Sin emisión/remoción
2244,2021,2,Emisiones fugitivas provenientes de la fabricación de combustibles,Emisiones Fugitivas,Fugitivas producción Combustibles Sólidos,1B1ai2,1,"0,0",Sin emisión/remoción
2245,2022,2,Emisiones fugitivas provenientes de la fabricación de combustibles,Emisiones Fugitivas,Fugitivas producción Combustibles Sólidos,1B1ai2,1,"0,0",Sin emisión/remoción
2246,1990,2,Emisiones fugitivas provenientes de la fabricación de combustibles,Emisiones Fugitivas,Fugitivas producción Combustibles Sólidos,1B1bi,1,"0,29",Emisión
2247,1991,2,Emisiones fugitivas provenientes de la fabricación de combustibles,Emisiones Fugitivas,Fugitivas producción Combustibles Sólidos,1B1bi,1,"0,3",Emisión
2248,1992,2,Emisiones fugitivas provenientes de la fabricación de combustibles,Emisiones Fugitivas,Fugitivas producción Combustibles Sólidos,1B1bi,1,"0,37",Emisión
2249,1993,2,Emisiones fugitivas provenientes de la fabricación de combustibles,Emisiones Fugitivas,Fugitivas producción Combustibles Sólidos,1B1bi,1,"0,36",Emisión
2250,1994,2,Emisiones fugitivas provenientes de la fabricación de combustibles,Emisiones Fugitivas,Fugitivas producción Combustibles Sólidos,1B1bi,1,"0,33",Emisión
2251,1995,2,Emisiones fugitivas provenientes de la fabricación de combustibles,Emisiones Fugitivas,Fugitivas producción Combustibles Sólidos,1B1bi,1,"0,29",Emisión
2252,1996,2,Emisiones fugitivas provenientes de la fabricación de combustibles,Emisiones Fugitivas,Fugitivas producción Combustibles Sólidos,1B1bi,1,"0,44",Emisión
2253,1997,2,Emisiones fugitivas provenientes de la fabricación de combustibles,Emisiones Fugitivas,Fugitivas producción Combustibles Sólidos,1B1bi,1,"0,44",Emisión
2254,1998,2,Emisiones fugitivas provenientes de la fabricación de combustibles,Emisiones Fugitivas,Fugitivas producción Combustibles Sólidos,1B1bi,1,"0,57",Emisión
2255,1999,2,Emisiones fugitivas provenientes de la fabricación de combustibles,Emisiones Fugitivas,Fugitivas producción Combustibles Sólidos,1B1bi,1,"0,36",Emisión
2256,2000,2,Emisiones fugitivas provenientes de la fabricación de combustibles,Emisiones Fugitivas,Fugitivas producción Combustibles Sólidos,1B1bi,1,"0,29",Emisión
2257,2001,2,Emisiones fugitivas provenientes de la fabricación de combustibles,Emisiones Fugitivas,Fugitivas producción Combustibles Sólidos,1B1bi,1,"0,34",Emisión
2258,2002,2,Emisiones fugitivas provenientes de la fabricación de combustibles,Emisiones Fugitivas,Fugitivas producción Combustibles Sólidos,1B1bi,1,"0,28",Emisión
2259,2003,2,Emisiones fugitivas provenientes de la fabricación de combustibles,Emisiones Fugitivas,Fugitivas producción Combustibles Sólidos,1B1bi,1,"0,36",Emisión
2260,2004,2,Emisiones fugitivas provenientes de la fabricación de combustibles,Emisiones Fugitivas,Fugitivas producción Combustibles Sólidos,1B1bi,1,"0,67",Emisión
2261,2005,2,Emisiones fugitivas provenientes de la fabricación de combustibles,Emisiones Fugitivas,Fugitivas producción Combustibles Sólidos,1B1bi,1,"0,39",Emisión
2262,2006,2,Emisiones fugitivas provenientes de la fabricación de combustibles,Emisiones Fugitivas,Fugitivas producción Combustibles Sólidos,1B1bi,1,"0,4",Emisión
2263,2007,2,Emisiones fugitivas provenientes de la fabricación de combustibles,Emisiones Fugitivas,Fugitivas producción Combustibles Sólidos,1B1bi,1,"0,39",Emisión
2264,2008,2,Emisiones fugitivas provenientes de la fabricación de combustibles,Emisiones Fugitivas,Fugitivas producción Combustibles Sólidos,1B1bi,1,"0,4",Emisión
2265,2009,2,Emisiones fugitivas provenientes de la fabricación de combustibles,Emisiones Fugitivas,Fugitivas producción Combustibles Sólidos,1B1bi,1,"0,43",Emisión
2266,2010,2,Emisiones fugitivas provenientes de la fabricación de combustibles,Emisiones Fugitivas,Fugitivas producción Combustibles Sólidos,1B1bi,1,"0,43",Emisión
2267,2011,2,Emisiones fugitivas provenientes de la fabricación de combustibles,Emisiones Fugitivas,Fugitivas producción Combustibles Sólidos,1B1bi,1,"0,46",Emisión
2268,2012,2,Emisiones fugitivas provenientes de la fabricación de combustibles,Emisiones Fugitivas,Fugitivas producción Combustibles Sólidos,1B1bi,1,"0,41",Emisión
2269,2013,2,Emisiones fugitivas provenientes de la fabricación de combustibles,Emisiones Fugitivas,Fugitivas producción Combustibles Sólidos,1B1bi,1,"0,5",Emisión
2270,2014,2,Emisiones fugitivas provenientes de la fabricación de combustibles,Emisiones Fugitivas,Fugitivas producción Combustibles Sólidos,1B1bi,1,"0,44",Emisión
2271,2015,2,Emisiones fugitivas provenientes de la fabricación de combustibles,Emisiones Fugitivas,Fugitivas producción Combustibles Sólidos,1B1bi,1,"0,47",Emisión
2272,2016,2,Emisiones fugitivas provenientes de la fabricación de combustibles,Emisiones Fugitivas,Fugitivas producción Combustibles Sólidos,1B1bi,1,"0,38",Emisión
2273,2017,2,Emisiones fugitivas provenientes de la fabricación de combustibles,Emisiones Fugitivas,Fugitivas producción Combustibles Sólidos,1B1bi,1,"0,35",Emisión
2274,2018,2,Emisiones fugitivas provenientes de la fabricación de combustibles,Emisiones Fugitivas,Fugitivas producción Combustibles Sólidos,1B1bi,1,"0,37",Emisión
2275,2019,2,Emisiones fugitivas provenientes de la fabricación de combustibles,Emisiones Fugitivas,Fugitivas producción Combustibles Sólidos,1B1bi,1,"0,34",Emisión
2276,2020,2,Emisiones fugitivas provenientes de la fabricación de combustibles,Emisiones Fugitivas,Fugitivas producción Combustibles Sólidos,1B1bi,1,"0,31",Emisión
2277,2021,2,Emisiones fugitivas provenientes de la fabricación de combustibles,Emisiones Fugitivas,Fugitivas producción Combustibles Sólidos,1B1bi,1,"0,36",Emisión
2278,2022,2,Emisiones fugitivas provenientes de la fabricación de combustibles,Emisiones Fugitivas,Fugitivas producción Combustibles Sólidos,1B1bi,1,"0,39",Emisión
2279,1990,2,Emisiones fugitivas provenientes de la fabricación de combustibles,Emisiones Fugitivas,Fugitivas producción Combustibles Sólidos,1B1bi,4,"0,01",Emisión
2280,1991,2,Emisiones fugitivas provenientes de la fabricación de combustibles,Emisiones Fugitivas,Fugitivas producción Combustibles Sólidos,1B1bi,4,"0,01",Emisión
2281,1992,2,Emisiones fugitivas provenientes de la fabricación de combustibles,Emisiones Fugitivas,Fugitivas producción Combustibles Sólidos,1B1bi,4,"0,01",Emisión
2282,1993,2,Emisiones fugitivas provenientes de la fabricación de combustibles,Emisiones Fugitivas,Fugitivas producción Combustibles Sólidos,1B1bi,4,"0,01",Emisión
2283,1994,2,Emisiones fugitivas provenientes de la fabricación de combustibles,Emisiones Fugitivas,Fugitivas producción Combustibles Sólidos,1B1bi,4,"0,01",Emisión
2284,1995,2,Emisiones fugitivas provenientes de la fabricación de combustibles,Emisiones Fugitivas,Fugitivas producción Combustibles Sólidos,1B1bi,4,"0,01",Emisión
2285,1996,2,Emisiones fugitivas provenientes de la fabricación de combustibles,Emisiones Fugitivas,Fugitivas producción Combustibles Sólidos,1B1bi,4,"0,01",Emisión
2286,1997,2,Emisiones fugitivas provenientes de la fabricación de combustibles,Emisiones Fugitivas,Fugitivas producción Combustibles Sólidos,1B1bi,4,"0,01",Emisión
2287,1998,2,Emisiones fugitivas provenientes de la fabricación de combustibles,Emisiones Fugitivas,Fugitivas producción Combustibles Sólidos,1B1bi,4,"0,01",Emisión
2288,1999,2,Emisiones fugitivas provenientes de la fabricación de combustibles,Emisiones Fugitivas,Fugitivas producción Combustibles Sólidos,1B1bi,4,"0,01",Emisión
2289,2000,2,Emisiones fugitivas provenientes de la fabricación de combustibles,Emisiones Fugitivas,Fugitivas producción Combustibles Sólidos,1B1bi,4,"0,01",Emisión
2290,2001,2,Emisiones fugitivas provenientes de la fabricación de combustibles,Emisiones Fugitivas,Fugitivas producción Combustibles Sólidos,1B1bi,4,"0,01",Emisión
2291,2002,2,Emisiones fugitivas provenientes de la fabricación de combustibles,Emisiones Fugitivas,Fugitivas producción Combustibles Sólidos,1B1bi,4,"0,01",Emisión
2292,2003,2,Emisiones fugitivas provenientes de la fabricación de combustibles,Emisiones Fugitivas,Fugitivas producción Combustibles Sólidos,1B1bi,4,"0,01",Emisión
2293,2004,2,Emisiones fugitivas provenientes de la fabricación de combustibles,Emisiones Fugitivas,Fugitivas producción Combustibles Sólidos,1B1bi,4,"0,01",Emisión
2294,2005,2,Emisiones fugitivas provenientes de la fabricación de combustibles,Emisiones Fugitivas,Fugitivas producción Combustibles Sólidos,1B1bi,4,"0,01",Emisión
2295,2006,2,Emisiones fugitivas provenientes de la fabricación de combustibles,Emisiones Fugitivas,Fugitivas producción Combustibles Sólidos,1B1bi,4,"0,01",Emisión
2296,2007,2,Emisiones fugitivas provenientes de la fabricación de combustibles,Emisiones Fugitivas,Fugitivas producción Combustibles Sólidos,1B1bi,4,"0,01",Emisión
2297,2008,2,Emisiones fugitivas provenientes de la fabricación de combustibles,Emisiones Fugitivas,Fugitivas producción Combustibles Sólidos,1B1bi,4,"0,01",Emisión
2298,2009,2,Emisiones fugitivas provenientes de la fabricación de combustibles,Emisiones Fugitivas,Fugitivas producción Combustibles Sólidos,1B1bi,4,"0,01",Emisión
2299,2010,2,Emisiones fugitivas provenientes de la fabricación de combustibles,Emisiones Fugitivas,Fugitivas producción Combustibles Sólidos,1B1bi,4,"0,01",Emisión
2300,2011,2,Emisiones fugitivas provenientes de la fabricación de combustibles,Emisiones Fugitivas,Fugitivas producción Combustibles Sólidos,1B1bi,4,"0,01",Emisión
2301,2012,2,Emisiones fugitivas provenientes de la fabricación de combustibles,Emisiones Fugitivas,Fugitivas producción Combustibles Sólidos,1B1bi,4,"0,01",Emisión
2302,2013,2,Emisiones fugitivas provenientes de la fabricación de combustibles,Emisiones Fugitivas,Fugitivas producción Combustibles Sólidos,1B1bi,4,"0,01",Emisión
2303,2014,2,Emisiones fugitivas provenientes de la fabricación de combustibles,Emisiones Fugitivas,Fugitivas producción Combustibles Sólidos,1B1bi,4,"0,01",Emisión
2304,2015,2,Emisiones fugitivas provenientes de la fabricación de combustibles,Emisiones Fugitivas,Fugitivas producción Combustibles Sólidos,1B1bi,4,"0,01",Emisión
2305,2016,2,Emisiones fugitivas provenientes de la fabricación de combustibles,Emisiones Fugitivas,Fugitivas producción Combustibles Sólidos,1B1bi,4,"0,01",Emisión
2306,2017,2,Emisiones fugitivas provenientes de la fabricación de combustibles,Emisiones Fugitivas,Fugitivas producción Combustibles Sólidos,1B1bi,4,"0,01",Emisión
2307,2018,2,Emisiones fugitivas provenientes de la fabricación de combustibles,Emisiones Fugitivas,Fugitivas producción Combustibles Sólidos,1B1bi,4,"0,01",Emisión
2308,2019,2,Emisiones fugitivas provenientes de la fabricación de combustibles,Emisiones Fugitivas,Fugitivas producción Combustibles Sólidos,1B1bi,4,"0,01",Emisión
2309,2020,2,Emisiones fugitivas provenientes de la fabricación de combustibles,Emisiones Fugitivas,Fugitivas producción Combustibles Sólidos,1B1bi,4,"0,01",Emisión
2310,2021,2,Emisiones fugitivas provenientes de la fabricación de combustibles,Emisiones Fugitivas,Fugitivas producción Combustibles Sólidos,1B1bi,4,"0,01",Emisión
2311,2022,2,Emisiones fugitivas provenientes de la fabricación de combustibles,Emisiones Fugitivas,Fugitivas producción Combustibles Sólidos,1B1bi,4,"0,01",Emisión
2312,1990,2,Emisiones fugitivas provenientes de la fabricación de combustibles,Emisiones Fugitivas,Transformación de combustibles sólidos,1B1bii,1,"0,0",Sin emisión/remoción
2313,1991,2,Emisiones fugitivas provenientes de la fabricación de combustibles,Emisiones Fugitivas,Transformación de combustibles sólidos,1B1bii,1,"0,0",Sin emisión/remoción
2314,1992,2,Emisiones fugitivas provenientes de la fabricación de combustibles,Emisiones Fugitivas,Transformación de combustibles sólidos,1B1bii,1,"0,0",Sin emisión/remoción
2315,1993,2,Emisiones fugitivas provenientes de la fabricación de combustibles,Emisiones Fugitivas,Transformación de combustibles sólidos,1B1bii,1,"0,0",Sin emisión/remoción
2316,1994,2,Emisiones fugitivas provenientes de la fabricación de combustibles,Emisiones Fugitivas,Transformación de combustibles sólidos,1B1bii,1,"0,0",Sin emisión/remoción
2317,1995,2,Emisiones fugitivas provenientes de la fabricación de combustibles,Emisiones Fugitivas,Transformación de combustibles sólidos,1B1bii,1,"0,0",Sin emisión/remoción
2318,1996,2,Emisiones fugitivas provenientes de la fabricación de combustibles,Emisiones Fugitivas,Transformación de combustibles sólidos,1B1bii,1,"0,0",Sin emisión/remoción
2319,1997,2,Emisiones fugitivas provenientes de la fabricación de combustibles,Emisiones Fugitivas,Transformación de combustibles sólidos,1B1bii,1,"0,0",Sin emisión/remoción
2320,1998,2,Emisiones fugitivas provenientes de la fabricación de combustibles,Emisiones Fugitivas,Transformación de combustibles sólidos,1B1bii,1,"0,0",Sin emisión/remoción
2321,1999,2,Emisiones fugitivas provenientes de la fabricación de combustibles,Emisiones Fugitivas,Transformación de combustibles sólidos,1B1bii,1,"0,0",Sin emisión/remoción
2322,2000,2,Emisiones fugitivas provenientes de la fabricación de combustibles,Emisiones Fugitivas,Transformación de combustibles sólidos,1B1bii,1,"0,0",Sin emisión/remoción
2323,2001,2,Emisiones fugitivas provenientes de la fabricación de combustibles,Emisiones Fugitivas,Transformación de combustibles sólidos,1B1bii,1,"0,0",Sin emisión/remoción
2324,2002,2,Emisiones fugitivas provenientes de la fabricación de combustibles,Emisiones Fugitivas,Transformación de combustibles sólidos,1B1bii,1,"0,0",Sin emisión/remoción
2325,2003,2,Emisiones fugitivas provenientes de la fabricación de combustibles,Emisiones Fugitivas,Transformación de combustibles sólidos,1B1bii,1,"0,0",Sin emisión/remoción
2326,2004,2,Emisiones fugitivas provenientes de la fabricación de combustibles,Emisiones Fugitivas,Transformación de combustibles sólidos,1B1bii,1,"0,0",Sin emisión/remoción
2327,2005,2,Emisiones fugitivas provenientes de la fabricación de combustibles,Emisiones Fugitivas,Transformación de combustibles sólidos,1B1bii,1,"0,0",Sin emisión/remoción
2328,2006,2,Emisiones fugitivas provenientes de la fabricación de combustibles,Emisiones Fugitivas,Transformación de combustibles sólidos,1B1bii,1,"0,0",Sin emisión/remoción
2329,2007,2,Emisiones fugitivas provenientes de la fabricación de combustibles,Emisiones Fugitivas,Transformación de combustibles sólidos,1B1bii,1,"0,0",Sin emisión/remoción
2330,2008,2,Emisiones fugitivas provenientes de la fabricación de combustibles,Emisiones Fugitivas,Transformación de combustibles sólidos,1B1bii,1,"0,0",Sin emisión/remoción
2331,2009,2,Emisiones fugitivas provenientes de la fabricación de combustibles,Emisiones Fugitivas,Transformación de combustibles sólidos,1B1bii,1,"0,0",Sin emisión/remoción
2332,2010,2,Emisiones fugitivas provenientes de la fabricación de combustibles,Emisiones Fugitivas,Transformación de combustibles sólidos,1B1bii,1,"0,0",Sin emisión/remoción
2333,2011,2,Emisiones fugitivas provenientes de la fabricación de combustibles,Emisiones Fugitivas,Transformación de combustibles sólidos,1B1bii,1,"0,0",Sin emisión/remoción
2334,2012,2,Emisiones fugitivas provenientes de la fabricación de combustibles,Emisiones Fugitivas,Transformación de combustibles sólidos,1B1bii,1,"0,0",Sin emisión/remoción
2335,2013,2,Emisiones fugitivas provenientes de la fabricación de combustibles,Emisiones Fugitivas,Transformación de combustibles sólidos,1B1bii,1,"0,0",Sin emisión/remoción
2336,2014,2,Emisiones fugitivas provenientes de la fabricación de combustibles,Emisiones Fugitivas,Transformación de combustibles sólidos,1B1bii,1,"0,0",Sin emisión/remoción
2337,2015,2,Emisiones fugitivas provenientes de la fabricación de combustibles,Emisiones Fugitivas,Transformación de combustibles sólidos,1B1bii,1,"0,0",Sin emisión/remoción
2338,2016,2,Emisiones fugitivas provenientes de la fabricación de combustibles,Emisiones Fugitivas,Transformación de combustibles sólidos,1B1bii,1,"0,0",Sin emisión/remoción
2339,2017,2,Emisiones fugitivas provenientes de la fabricación de combustibles,Emisiones Fugitivas,Transformación de combustibles sólidos,1B1bii,1,"0,0",Sin emisión/remoción
2340,2018,2,Emisiones fugitivas provenientes de la fabricación de combustibles,Emisiones Fugitivas,Transformación de combustibles sólidos,1B1bii,1,"0,0",Sin emisión/remoción
2341,2019,2,Emisiones fugitivas provenientes de la fabricación de combustibles,Emisiones Fugitivas,Transformación de combustibles sólidos,1B1bii,1,"0,0",Sin emisión/remoción
2342,2020,2,Emisiones fugitivas provenientes de la fabricación de combustibles,Emisiones Fugitivas,Transformación de combustibles sólidos,1B1bii,1,"0,0",Sin emisión/remoción
2343,2021,2,Emisiones fugitivas provenientes de la fabricación de combustibles,Emisiones Fugitivas,Transformación de combustibles sólidos,1B1bii,1,"0,0",Sin emisión/remoción
2344,2022,2,Emisiones fugitivas provenientes de la fabricación de combustibles,Emisiones Fugitivas,Transformación de combustibles sólidos,1B1bii,1,"0,0",Sin emisión/remoción
2345,1990,2,Emisiones fugitivas provenientes de la fabricación de combustibles,Emisiones Fugitivas,Fugitivas producción de Petróleo,1B2ai,2,"0,01",Emisión
2346,1991,2,Emisiones fugitivas provenientes de la fabricación de combustibles,Emisiones Fugitivas,Fugitivas producción de Petróleo,1B2ai,2,"0,01",Emisión
2347,1992,2,Emisiones fugitivas provenientes de la fabricación de combustibles,Emisiones Fugitivas,Fugitivas producción de Petróleo,1B2ai,2,"0,01",Emisión
2348,1993,2,Emisiones fugitivas provenientes de la fabricación de combustibles,Emisiones Fugitivas,Fugitivas producción de Petróleo,1B2ai,2,"0,02",Emisión
2349,1994,2,Emisiones fugitivas provenientes de la fabricación de combustibles,Emisiones Fugitivas,Fugitivas producción de Petróleo,1B2ai,2,"0,02",Emisión
2350,1995,2,Emisiones fugitivas provenientes de la fabricación de combustibles,Emisiones Fugitivas,Fugitivas producción de Petróleo,1B2ai,2,"0,02",Emisión
2351,1996,2,Emisiones fugitivas provenientes de la fabricación de combustibles,Emisiones Fugitivas,Fugitivas producción de Petróleo,1B2ai,2,"0,02",Emisión
2352,1997,2,Emisiones fugitivas provenientes de la fabricación de combustibles,Emisiones Fugitivas,Fugitivas producción de Petróleo,1B2ai,2,"0,02",Emisión
2353,1998,2,Emisiones fugitivas provenientes de la fabricación de combustibles,Emisiones Fugitivas,Fugitivas producción de Petróleo,1B2ai,2,"0,02",Emisión
2354,1999,2,Emisiones fugitivas provenientes de la fabricación de combustibles,Emisiones Fugitivas,Fugitivas producción de Petróleo,1B2ai,2,"0,02",Emisión
2355,2000,2,Emisiones fugitivas provenientes de la fabricación de combustibles,Emisiones Fugitivas,Fugitivas producción de Petróleo,1B2ai,2,"0,02",Emisión
2356,2001,2,Emisiones fugitivas provenientes de la fabricación de combustibles,Emisiones Fugitivas,Fugitivas producción de Petróleo,1B2ai,2,"0,02",Emisión
2357,2002,2,Emisiones fugitivas provenientes de la fabricación de combustibles,Emisiones Fugitivas,Fugitivas producción de Petróleo,1B2ai,2,"0,02",Emisión
2358,2003,2,Emisiones fugitivas provenientes de la fabricación de combustibles,Emisiones Fugitivas,Fugitivas producción de Petróleo,1B2ai,2,"0,02",Emisión
2359,2004,2,Emisiones fugitivas provenientes de la fabricación de combustibles,Emisiones Fugitivas,Fugitivas producción de Petróleo,1B2ai,2,"0,02",Emisión
2360,2005,2,Emisiones fugitivas provenientes de la fabricación de combustibles,Emisiones Fugitivas,Fugitivas producción de Petróleo,1B2ai,2,"0,02",Emisión
2361,2006,2,Emisiones fugitivas provenientes de la fabricación de combustibles,Emisiones Fugitivas,Fugitivas producción de Petróleo,1B2ai,2,"0,02",Emisión
2362,2007,2,Emisiones fugitivas provenientes de la fabricación de combustibles,Emisiones Fugitivas,Fugitivas producción de Petróleo,1B2ai,2,"0,02",Emisión
2363,2008,2,Emisiones fugitivas provenientes de la fabricación de combustibles,Emisiones Fugitivas,Fugitivas producción de Petróleo,1B2ai,2,"0,02",Emisión
2364,2009,2,Emisiones fugitivas provenientes de la fabricación de combustibles,Emisiones Fugitivas,Fugitivas producción de Petróleo,1B2ai,2,"0,02",Emisión
2365,2010,2,Emisiones fugitivas provenientes de la fabricación de combustibles,Emisiones Fugitivas,Fugitivas producción de Petróleo,1B2ai,2,"0,02",Emisión
2366,2011,2,Emisiones fugitivas provenientes de la fabricación de combustibles,Emisiones Fugitivas,Fugitivas producción de Petróleo,1B2ai,2,"0,01",Emisión
2367,2012,2,Emisiones fugitivas provenientes de la fabricación de combustibles,Emisiones Fugitivas,Fugitivas producción de Petróleo,1B2ai,2,"0,01",Emisión
2368,2013,2,Emisiones fugitivas provenientes de la fabricación de combustibles,Emisiones Fugitivas,Fugitivas producción de Petróleo,1B2ai,2,"0,01",Emisión
2369,2014,2,Emisiones fugitivas provenientes de la fabricación de combustibles,Emisiones Fugitivas,Fugitivas producción de Petróleo,1B2ai,2,"0,01",Emisión
2370,2015,2,Emisiones fugitivas provenientes de la fabricación de combustibles,Emisiones Fugitivas,Fugitivas producción de Petróleo,1B2ai,2,"0,01",Emisión
2371,2016,2,Emisiones fugitivas provenientes de la fabricación de combustibles,Emisiones Fugitivas,Fugitivas producción de Petróleo,1B2ai,2,"0,01",Emisión
2372,2017,2,Emisiones fugitivas provenientes de la fabricación de combustibles,Emisiones Fugitivas,Fugitivas producción de Petróleo,1B2ai,2,"0,01",Emisión
2373,2018,2,Emisiones fugitivas provenientes de la fabricación de combustibles,Emisiones Fugitivas,Fugitivas producción de Petróleo,1B2ai,2,"0,01",Emisión
2374,2019,2,Emisiones fugitivas provenientes de la fabricación de combustibles,Emisiones Fugitivas,Fugitivas producción de Petróleo,1B2ai,2,"0,02",Emisión
2375,2020,2,Emisiones fugitivas provenientes de la fabricación de combustibles,Emisiones Fugitivas,Fugitivas producción de Petróleo,1B2ai,2,"0,02",Emisión
2376,2021,2,Emisiones fugitivas provenientes de la fabricación de combustibles,Emisiones Fugitivas,Fugitivas producción de Petróleo,1B2ai,2,"0,02",Emisión
2377,2022,2,Emisiones fugitivas provenientes de la fabricación de combustibles,Emisiones Fugitivas,Fugitivas producción de Petróleo,1B2ai,2,"0,02",Emisión
2378,1990,2,Emisiones fugitivas provenientes de la fabricación de combustibles,Emisiones Fugitivas,Fugitivas producción de Petróleo,1B2ai,1,"0,02",Emisión
2379,1991,2,Emisiones fugitivas provenientes de la fabricación de combustibles,Emisiones Fugitivas,Fugitivas producción de Petróleo,1B2ai,1,"0,02",Emisión
2380,1992,2,Emisiones fugitivas provenientes de la fabricación de combustibles,Emisiones Fugitivas,Fugitivas producción de Petróleo,1B2ai,1,"0,02",Emisión
2381,1993,2,Emisiones fugitivas provenientes de la fabricación de combustibles,Emisiones Fugitivas,Fugitivas producción de Petróleo,1B2ai,1,"0,02",Emisión
2382,1994,2,Emisiones fugitivas provenientes de la fabricación de combustibles,Emisiones Fugitivas,Fugitivas producción de Petróleo,1B2ai,1,"0,02",Emisión
2383,1995,2,Emisiones fugitivas provenientes de la fabricación de combustibles,Emisiones Fugitivas,Fugitivas producción de Petróleo,1B2ai,1,"0,02",Emisión
2384,1996,2,Emisiones fugitivas provenientes de la fabricación de combustibles,Emisiones Fugitivas,Fugitivas producción de Petróleo,1B2ai,1,"0,03",Emisión
2385,1997,2,Emisiones fugitivas provenientes de la fabricación de combustibles,Emisiones Fugitivas,Fugitivas producción de Petróleo,1B2ai,1,"0,03",Emisión
2386,1998,2,Emisiones fugitivas provenientes de la fabricación de combustibles,Emisiones Fugitivas,Fugitivas producción de Petróleo,1B2ai,1,"0,03",Emisión
2387,1999,2,Emisiones fugitivas provenientes de la fabricación de combustibles,Emisiones Fugitivas,Fugitivas producción de Petróleo,1B2ai,1,"0,03",Emisión
2388,2000,2,Emisiones fugitivas provenientes de la fabricación de combustibles,Emisiones Fugitivas,Fugitivas producción de Petróleo,1B2ai,1,"0,02",Emisión
2389,2001,2,Emisiones fugitivas provenientes de la fabricación de combustibles,Emisiones Fugitivas,Fugitivas producción de Petróleo,1B2ai,1,"0,02",Emisión
2390,2002,2,Emisiones fugitivas provenientes de la fabricación de combustibles,Emisiones Fugitivas,Fugitivas producción de Petróleo,1B2ai,1,"0,02",Emisión
2391,2003,2,Emisiones fugitivas provenientes de la fabricación de combustibles,Emisiones Fugitivas,Fugitivas producción de Petróleo,1B2ai,1,"0,02",Emisión
2392,2004,2,Emisiones fugitivas provenientes de la fabricación de combustibles,Emisiones Fugitivas,Fugitivas producción de Petróleo,1B2ai,1,"0,02",Emisión
2393,2005,2,Emisiones fugitivas provenientes de la fabricación de combustibles,Emisiones Fugitivas,Fugitivas producción de Petróleo,1B2ai,1,"0,02",Emisión
2394,2006,2,Emisiones fugitivas provenientes de la fabricación de combustibles,Emisiones Fugitivas,Fugitivas producción de Petróleo,1B2ai,1,"0,02",Emisión
2395,2007,2,Emisiones fugitivas provenientes de la fabricación de combustibles,Emisiones Fugitivas,Fugitivas producción de Petróleo,1B2ai,1,"0,02",Emisión
2396,2008,2,Emisiones fugitivas provenientes de la fabricación de combustibles,Emisiones Fugitivas,Fugitivas producción de Petróleo,1B2ai,1,"0,02",Emisión
2397,2009,2,Emisiones fugitivas provenientes de la fabricación de combustibles,Emisiones Fugitivas,Fugitivas producción de Petróleo,1B2ai,1,"0,02",Emisión
2398,2010,2,Emisiones fugitivas provenientes de la fabricación de combustibles,Emisiones Fugitivas,Fugitivas producción de Petróleo,1B2ai,1,"0,02",Emisión
2399,2011,2,Emisiones fugitivas provenientes de la fabricación de combustibles,Emisiones Fugitivas,Fugitivas producción de Petróleo,1B2ai,1,"0,02",Emisión
2400,2012,2,Emisiones fugitivas provenientes de la fabricación de combustibles,Emisiones Fugitivas,Fugitivas producción de Petróleo,1B2ai,1,"0,02",Emisión
2401,2013,2,Emisiones fugitivas provenientes de la fabricación de combustibles,Emisiones Fugitivas,Fugitivas producción de Petróleo,1B2ai,1,"0,02",Emisión
2402,2014,2,Emisiones fugitivas provenientes de la fabricación de combustibles,Emisiones Fugitivas,Fugitivas producción de Petróleo,1B2ai,1,"0,02",Emisión
2403,2015,2,Emisiones fugitivas provenientes de la fabricación de combustibles,Emisiones Fugitivas,Fugitivas producción de Petróleo,1B2ai,1,"0,02",Emisión
2404,2016,2,Emisiones fugitivas provenientes de la fabricación de combustibles,Emisiones Fugitivas,Fugitivas producción de Petróleo,1B2ai,1,"0,02",Emisión
2405,2017,2,Emisiones fugitivas provenientes de la fabricación de combustibles,Emisiones Fugitivas,Fugitivas producción de Petróleo,1B2ai,1,"0,02",Emisión
2406,2018,2,Emisiones fugitivas provenientes de la fabricación de combustibles,Emisiones Fugitivas,Fugitivas producción de Petróleo,1B2ai,1,"0,02",Emisión
2407,2019,2,Emisiones fugitivas provenientes de la fabricación de combustibles,Emisiones Fugitivas,Fugitivas producción de Petróleo,1B2ai,1,"0,02",Emisión
2408,2020,2,Emisiones fugitivas provenientes de la fabricación de combustibles,Emisiones Fugitivas,Fugitivas producción de Petróleo,1B2ai,1,"0,02",Emisión
2409,2021,2,Emisiones fugitivas provenientes de la fabricación de combustibles,Emisiones Fugitivas,Fugitivas producción de Petróleo,1B2ai,1,"0,03",Emisión
2410,2022,2,Emisiones fugitivas provenientes de la fabricación de combustibles,Emisiones Fugitivas,Fugitivas producción de Petróleo,1B2ai,1,"0,04",Emisión
2411,1990,2,Emisiones fugitivas provenientes de la fabricación de combustibles,Emisiones Fugitivas,Fugitivas producción de Petróleo,1B2ai,4,"0,0",Sin emisión/remoción
2412,1991,2,Emisiones fugitivas provenientes de la fabricación de combustibles,Emisiones Fugitivas,Fugitivas producción de Petróleo,1B2ai,4,"0,0",Sin emisión/remoción
2413,1992,2,Emisiones fugitivas provenientes de la fabricación de combustibles,Emisiones Fugitivas,Fugitivas producción de Petróleo,1B2ai,4,"0,0",Sin emisión/remoción
2414,1993,2,Emisiones fugitivas provenientes de la fabricación de combustibles,Emisiones Fugitivas,Fugitivas producción de Petróleo,1B2ai,4,"0,0",Sin emisión/remoción
2415,1994,2,Emisiones fugitivas provenientes de la fabricación de combustibles,Emisiones Fugitivas,Fugitivas producción de Petróleo,1B2ai,4,"0,0",Sin emisión/remoción
2416,1995,2,Emisiones fugitivas provenientes de la fabricación de combustibles,Emisiones Fugitivas,Fugitivas producción de Petróleo,1B2ai,4,"0,0",Sin emisión/remoción
2417,1996,2,Emisiones fugitivas provenientes de la fabricación de combustibles,Emisiones Fugitivas,Fugitivas producción de Petróleo,1B2ai,4,"0,0",Sin emisión/remoción
2418,1997,2,Emisiones fugitivas provenientes de la fabricación de combustibles,Emisiones Fugitivas,Fugitivas producción de Petróleo,1B2ai,4,"0,0",Sin emisión/remoción
2419,1998,2,Emisiones fugitivas provenientes de la fabricación de combustibles,Emisiones Fugitivas,Fugitivas producción de Petróleo,1B2ai,4,"0,0",Sin emisión/remoción
2420,1999,2,Emisiones fugitivas provenientes de la fabricación de combustibles,Emisiones Fugitivas,Fugitivas producción de Petróleo,1B2ai,4,"0,0",Sin emisión/remoción
2421,2000,2,Emisiones fugitivas provenientes de la fabricación de combustibles,Emisiones Fugitivas,Fugitivas producción de Petróleo,1B2ai,4,"0,0",Sin emisión/remoción
2422,2001,2,Emisiones fugitivas provenientes de la fabricación de combustibles,Emisiones Fugitivas,Fugitivas producción de Petróleo,1B2ai,4,"0,0",Sin emisión/remoción
2423,2002,2,Emisiones fugitivas provenientes de la fabricación de combustibles,Emisiones Fugitivas,Fugitivas producción de Petróleo,1B2ai,4,"0,0",Sin emisión/remoción
2424,2003,2,Emisiones fugitivas provenientes de la fabricación de combustibles,Emisiones Fugitivas,Fugitivas producción de Petróleo,1B2ai,4,"0,0",Sin emisión/remoción
2425,2004,2,Emisiones fugitivas provenientes de la fabricación de combustibles,Emisiones Fugitivas,Fugitivas producción de Petróleo,1B2ai,4,"0,0",Sin emisión/remoción
2426,2005,2,Emisiones fugitivas provenientes de la fabricación de combustibles,Emisiones Fugitivas,Fugitivas producción de Petróleo,1B2ai,4,"0,0",Sin emisión/remoción
2427,2006,2,Emisiones fugitivas provenientes de la fabricación de combustibles,Emisiones Fugitivas,Fugitivas producción de Petróleo,1B2ai,4,"0,0",Sin emisión/remoción
2428,2007,2,Emisiones fugitivas provenientes de la fabricación de combustibles,Emisiones Fugitivas,Fugitivas producción de Petróleo,1B2ai,4,"0,0",Sin emisión/remoción
2429,2008,2,Emisiones fugitivas provenientes de la fabricación de combustibles,Emisiones Fugitivas,Fugitivas producción de Petróleo,1B2ai,4,"0,0",Sin emisión/remoción
2430,2009,2,Emisiones fugitivas provenientes de la fabricación de combustibles,Emisiones Fugitivas,Fugitivas producción de Petróleo,1B2ai,4,"0,0",Sin emisión/remoción
2431,2010,2,Emisiones fugitivas provenientes de la fabricación de combustibles,Emisiones Fugitivas,Fugitivas producción de Petróleo,1B2ai,4,"0,0",Sin emisión/remoción
2432,2011,2,Emisiones fugitivas provenientes de la fabricación de combustibles,Emisiones Fugitivas,Fugitivas producción de Petróleo,1B2ai,4,"0,0",Sin emisión/remoción
2433,2012,2,Emisiones fugitivas provenientes de la fabricación de combustibles,Emisiones Fugitivas,Fugitivas producción de Petróleo,1B2ai,4,"0,0",Sin emisión/remoción
2434,2013,2,Emisiones fugitivas provenientes de la fabricación de combustibles,Emisiones Fugitivas,Fugitivas producción de Petróleo,1B2ai,4,"0,0",Sin emisión/remoción
2435,2014,2,Emisiones fugitivas provenientes de la fabricación de combustibles,Emisiones Fugitivas,Fugitivas producción de Petróleo,1B2ai,4,"0,0",Sin emisión/remoción
2436,2015,2,Emisiones fugitivas provenientes de la fabricación de combustibles,Emisiones Fugitivas,Fugitivas producción de Petróleo,1B2ai,4,"0,0",Sin emisión/remoción
2437,2016,2,Emisiones fugitivas provenientes de la fabricación de combustibles,Emisiones Fugitivas,Fugitivas producción de Petróleo,1B2ai,4,"0,0",Sin emisión/remoción
2438,2017,2,Emisiones fugitivas provenientes de la fabricación de combustibles,Emisiones Fugitivas,Fugitivas producción de Petróleo,1B2ai,4,"0,0",Sin emisión/remoción
2439,2018,2,Emisiones fugitivas provenientes de la fabricación de combustibles,Emisiones Fugitivas,Fugitivas producción de Petróleo,1B2ai,4,"0,0",Sin emisión/remoción
2440,2019,2,Emisiones fugitivas provenientes de la fabricación de combustibles,Emisiones Fugitivas,Fugitivas producción de Petróleo,1B2ai,4,"0,0",Sin emisión/remoción
2441,2020,2,Emisiones fugitivas provenientes de la fabricación de combustibles,Emisiones Fugitivas,Fugitivas producción de Petróleo,1B2ai,4,"0,0",Sin emisión/remoción
2442,2021,2,Emisiones fugitivas provenientes de la fabricación de combustibles,Emisiones Fugitivas,Fugitivas producción de Petróleo,1B2ai,4,"0,0",Sin emisión/remoción
2443,2022,2,Emisiones fugitivas provenientes de la fabricación de combustibles,Emisiones Fugitivas,Fugitivas producción de Petróleo,1B2ai,4,"0,0",Sin emisión/remoción
2444,1990,2,Emisiones fugitivas provenientes de la fabricación de combustibles,Emisiones Fugitivas,Fugitivas producción de Petróleo,1B2aii,2,"0,35",Emisión
2445,1991,2,Emisiones fugitivas provenientes de la fabricación de combustibles,Emisiones Fugitivas,Fugitivas producción de Petróleo,1B2aii,2,"0,35",Emisión
2446,1992,2,Emisiones fugitivas provenientes de la fabricación de combustibles,Emisiones Fugitivas,Fugitivas producción de Petróleo,1B2aii,2,"0,4",Emisión
2447,1993,2,Emisiones fugitivas provenientes de la fabricación de combustibles,Emisiones Fugitivas,Fugitivas producción de Petróleo,1B2aii,2,"0,43",Emisión
2448,1994,2,Emisiones fugitivas provenientes de la fabricación de combustibles,Emisiones Fugitivas,Fugitivas producción de Petróleo,1B2aii,2,"0,48",Emisión
2449,1995,2,Emisiones fugitivas provenientes de la fabricación de combustibles,Emisiones Fugitivas,Fugitivas producción de Petróleo,1B2aii,2,"0,52",Emisión
2450,1996,2,Emisiones fugitivas provenientes de la fabricación de combustibles,Emisiones Fugitivas,Fugitivas producción de Petróleo,1B2aii,2,"0,57",Emisión
2451,1997,2,Emisiones fugitivas provenientes de la fabricación de combustibles,Emisiones Fugitivas,Fugitivas producción de Petróleo,1B2aii,2,"0,6",Emisión
2452,1998,2,Emisiones fugitivas provenientes de la fabricación de combustibles,Emisiones Fugitivas,Fugitivas producción de Petróleo,1B2aii,2,"0,61",Emisión
2453,1999,2,Emisiones fugitivas provenientes de la fabricación de combustibles,Emisiones Fugitivas,Fugitivas producción de Petróleo,1B2aii,2,"0,57",Emisión
2454,2000,2,Emisiones fugitivas provenientes de la fabricación de combustibles,Emisiones Fugitivas,Fugitivas producción de Petróleo,1B2aii,2,"0,54",Emisión
2455,2001,2,Emisiones fugitivas provenientes de la fabricación de combustibles,Emisiones Fugitivas,Fugitivas producción de Petróleo,1B2aii,2,"0,55",Emisión
2456,2002,2,Emisiones fugitivas provenientes de la fabricación de combustibles,Emisiones Fugitivas,Fugitivas producción de Petróleo,1B2aii,2,"0,55",Emisión
2457,2003,2,Emisiones fugitivas provenientes de la fabricación de combustibles,Emisiones Fugitivas,Fugitivas producción de Petróleo,1B2aii,2,"0,53",Emisión
2458,2004,2,Emisiones fugitivas provenientes de la fabricación de combustibles,Emisiones Fugitivas,Fugitivas producción de Petróleo,1B2aii,2,"0,5",Emisión
2459,2005,2,Emisiones fugitivas provenientes de la fabricación de combustibles,Emisiones Fugitivas,Fugitivas producción de Petróleo,1B2aii,2,"0,48",Emisión
2460,2006,2,Emisiones fugitivas provenientes de la fabricación de combustibles,Emisiones Fugitivas,Fugitivas producción de Petróleo,1B2aii,2,"0,48",Emisión
2461,2007,2,Emisiones fugitivas provenientes de la fabricación de combustibles,Emisiones Fugitivas,Fugitivas producción de Petróleo,1B2aii,2,"0,47",Emisión
2462,2008,2,Emisiones fugitivas provenientes de la fabricación de combustibles,Emisiones Fugitivas,Fugitivas producción de Petróleo,1B2aii,2,"0,47",Emisión
2463,2009,2,Emisiones fugitivas provenientes de la fabricación de combustibles,Emisiones Fugitivas,Fugitivas producción de Petróleo,1B2aii,2,"0,44",Emisión
2464,2010,2,Emisiones fugitivas provenientes de la fabricación de combustibles,Emisiones Fugitivas,Fugitivas producción de Petróleo,1B2aii,2,"0,43",Emisión
2465,2011,2,Emisiones fugitivas provenientes de la fabricación de combustibles,Emisiones Fugitivas,Fugitivas producción de Petróleo,1B2aii,2,"0,41",Emisión
2466,2012,2,Emisiones fugitivas provenientes de la fabricación de combustibles,Emisiones Fugitivas,Fugitivas producción de Petróleo,1B2aii,2,"0,4",Emisión
2467,2013,2,Emisiones fugitivas provenientes de la fabricación de combustibles,Emisiones Fugitivas,Fugitivas producción de Petróleo,1B2aii,2,"0,4",Emisión
2468,2014,2,Emisiones fugitivas provenientes de la fabricación de combustibles,Emisiones Fugitivas,Fugitivas producción de Petróleo,1B2aii,2,"0,39",Emisión
2469,2015,2,Emisiones fugitivas provenientes de la fabricación de combustibles,Emisiones Fugitivas,Fugitivas producción de Petróleo,1B2aii,2,"0,39",Emisión
2470,2016,2,Emisiones fugitivas provenientes de la fabricación de combustibles,Emisiones Fugitivas,Fugitivas producción de Petróleo,1B2aii,2,"0,38",Emisión
2471,2017,2,Emisiones fugitivas provenientes de la fabricación de combustibles,Emisiones Fugitivas,Fugitivas producción de Petróleo,1B2aii,2,"0,35",Emisión
2472,2018,2,Emisiones fugitivas provenientes de la fabricación de combustibles,Emisiones Fugitivas,Fugitivas producción de Petróleo,1B2aii,2,"0,36",Emisión
2473,2019,2,Emisiones fugitivas provenientes de la fabricación de combustibles,Emisiones Fugitivas,Fugitivas producción de Petróleo,1B2aii,2,"0,37",Emisión
2474,2020,2,Emisiones fugitivas provenientes de la fabricación de combustibles,Emisiones Fugitivas,Fugitivas producción de Petróleo,1B2aii,2,"0,35",Emisión
2475,2021,2,Emisiones fugitivas provenientes de la fabricación de combustibles,Emisiones Fugitivas,Fugitivas producción de Petróleo,1B2aii,2,"0,38",Emisión
2476,2022,2,Emisiones fugitivas provenientes de la fabricación de combustibles,Emisiones Fugitivas,Fugitivas producción de Petróleo,1B2aii,2,"0,43",Emisión
2477,1990,2,Emisiones fugitivas provenientes de la fabricación de combustibles,Emisiones Fugitivas,Fugitivas producción de Petróleo,1B2aii,1,"2,69",Emisión
2478,1991,2,Emisiones fugitivas provenientes de la fabricación de combustibles,Emisiones Fugitivas,Fugitivas producción de Petróleo,1B2aii,1,"2,75",Emisión
2479,1992,2,Emisiones fugitivas provenientes de la fabricación de combustibles,Emisiones Fugitivas,Fugitivas producción de Petróleo,1B2aii,1,"3,1",Emisión
2480,1993,2,Emisiones fugitivas provenientes de la fabricación de combustibles,Emisiones Fugitivas,Fugitivas producción de Petróleo,1B2aii,1,"3,31",Emisión
2481,1994,2,Emisiones fugitivas provenientes de la fabricación de combustibles,Emisiones Fugitivas,Fugitivas producción de Petróleo,1B2aii,1,"3,72",Emisión
2482,1995,2,Emisiones fugitivas provenientes de la fabricación de combustibles,Emisiones Fugitivas,Fugitivas producción de Petróleo,1B2aii,1,"4,01",Emisión
2483,1996,2,Emisiones fugitivas provenientes de la fabricación de combustibles,Emisiones Fugitivas,Fugitivas producción de Petróleo,1B2aii,1,"4,38",Emisión
2484,1997,2,Emisiones fugitivas provenientes de la fabricación de combustibles,Emisiones Fugitivas,Fugitivas producción de Petróleo,1B2aii,1,"4,65",Emisión
2485,1998,2,Emisiones fugitivas provenientes de la fabricación de combustibles,Emisiones Fugitivas,Fugitivas producción de Petróleo,1B2aii,1,"4,72",Emisión
2486,1999,2,Emisiones fugitivas provenientes de la fabricación de combustibles,Emisiones Fugitivas,Fugitivas producción de Petróleo,1B2aii,1,"4,38",Emisión
2487,2000,2,Emisiones fugitivas provenientes de la fabricación de combustibles,Emisiones Fugitivas,Fugitivas producción de Petróleo,1B2aii,1,"4,16",Emisión
2488,2001,2,Emisiones fugitivas provenientes de la fabricación de combustibles,Emisiones Fugitivas,Fugitivas producción de Petróleo,1B2aii,1,"4,29",Emisión
2489,2002,2,Emisiones fugitivas provenientes de la fabricación de combustibles,Emisiones Fugitivas,Fugitivas producción de Petróleo,1B2aii,1,"4,22",Emisión
2490,2003,2,Emisiones fugitivas provenientes de la fabricación de combustibles,Emisiones Fugitivas,Fugitivas producción de Petróleo,1B2aii,1,"4,13",Emisión
2491,2004,2,Emisiones fugitivas provenientes de la fabricación de combustibles,Emisiones Fugitivas,Fugitivas producción de Petróleo,1B2aii,1,"3,88",Emisión
2492,2005,2,Emisiones fugitivas provenientes de la fabricación de combustibles,Emisiones Fugitivas,Fugitivas producción de Petróleo,1B2aii,1,"3,7",Emisión
2493,2006,2,Emisiones fugitivas provenientes de la fabricación de combustibles,Emisiones Fugitivas,Fugitivas producción de Petróleo,1B2aii,1,"3,68",Emisión
2494,2007,2,Emisiones fugitivas provenientes de la fabricación de combustibles,Emisiones Fugitivas,Fugitivas producción de Petróleo,1B2aii,1,"3,64",Emisión
2495,2008,2,Emisiones fugitivas provenientes de la fabricación de combustibles,Emisiones Fugitivas,Fugitivas producción de Petróleo,1B2aii,1,"3,61",Emisión
2496,2009,2,Emisiones fugitivas provenientes de la fabricación de combustibles,Emisiones Fugitivas,Fugitivas producción de Petróleo,1B2aii,1,"3,46",Emisión
2497,2010,2,Emisiones fugitivas provenientes de la fabricación de combustibles,Emisiones Fugitivas,Fugitivas producción de Petróleo,1B2aii,1,"3,38",Emisión
2498,2011,2,Emisiones fugitivas provenientes de la fabricación de combustibles,Emisiones Fugitivas,Fugitivas producción de Petróleo,1B2aii,1,"3,18",Emisión
2499,2012,2,Emisiones fugitivas provenientes de la fabricación de combustibles,Emisiones Fugitivas,Fugitivas producción de Petróleo,1B2aii,1,"3,16",Emisión
2500,2013,2,Emisiones fugitivas provenientes de la fabricación de combustibles,Emisiones Fugitivas,Fugitivas producción de Petróleo,1B2aii,1,"3,09",Emisión
2501,2014,2,Emisiones fugitivas provenientes de la fabricación de combustibles,Emisiones Fugitivas,Fugitivas producción de Petróleo,1B2aii,1,"3,05",Emisión
2502,2015,2,Emisiones fugitivas provenientes de la fabricación de combustibles,Emisiones Fugitivas,Fugitivas producción de Petróleo,1B2aii,1,"3,05",Emisión
2503,2016,2,Emisiones fugitivas provenientes de la fabricación de combustibles,Emisiones Fugitivas,Fugitivas producción de Petróleo,1B2aii,1,"2,93",Emisión
2504,2017,2,Emisiones fugitivas provenientes de la fabricación de combustibles,Emisiones Fugitivas,Fugitivas producción de Petróleo,1B2aii,1,"2,75",Emisión
2505,2018,2,Emisiones fugitivas provenientes de la fabricación de combustibles,Emisiones Fugitivas,Fugitivas producción de Petróleo,1B2aii,1,"2,81",Emisión
2506,2019,2,Emisiones fugitivas provenientes de la fabricación de combustibles,Emisiones Fugitivas,Fugitivas producción de Petróleo,1B2aii,1,"2,92",Emisión
2507,2020,2,Emisiones fugitivas provenientes de la fabricación de combustibles,Emisiones Fugitivas,Fugitivas producción de Petróleo,1B2aii,1,"2,77",Emisión
2508,2021,2,Emisiones fugitivas provenientes de la fabricación de combustibles,Emisiones Fugitivas,Fugitivas producción de Petróleo,1B2aii,1,"2,94",Emisión
2509,2022,2,Emisiones fugitivas provenientes de la fabricación de combustibles,Emisiones Fugitivas,Fugitivas producción de Petróleo,1B2aii,1,"3,32",Emisión
2510,1990,2,Emisiones fugitivas provenientes de la fabricación de combustibles,Emisiones Fugitivas,Fugitivas producción de Petróleo,1B2aiii,2,"0,0",Sin emisión/remoción
2511,1991,2,Emisiones fugitivas provenientes de la fabricación de combustibles,Emisiones Fugitivas,Fugitivas producción de Petróleo,1B2aiii,2,"0,0",Sin emisión/remoción
2512,1992,2,Emisiones fugitivas provenientes de la fabricación de combustibles,Emisiones Fugitivas,Fugitivas producción de Petróleo,1B2aiii,2,"0,0",Sin emisión/remoción
2513,1993,2,Emisiones fugitivas provenientes de la fabricación de combustibles,Emisiones Fugitivas,Fugitivas producción de Petróleo,1B2aiii,2,"0,0",Sin emisión/remoción
2514,1994,2,Emisiones fugitivas provenientes de la fabricación de combustibles,Emisiones Fugitivas,Fugitivas producción de Petróleo,1B2aiii,2,"0,0",Sin emisión/remoción
2515,1995,2,Emisiones fugitivas provenientes de la fabricación de combustibles,Emisiones Fugitivas,Fugitivas producción de Petróleo,1B2aiii,2,"0,0",Sin emisión/remoción
2516,1996,2,Emisiones fugitivas provenientes de la fabricación de combustibles,Emisiones Fugitivas,Fugitivas producción de Petróleo,1B2aiii,2,"0,0",Sin emisión/remoción
2517,1997,2,Emisiones fugitivas provenientes de la fabricación de combustibles,Emisiones Fugitivas,Fugitivas producción de Petróleo,1B2aiii,2,"0,0",Sin emisión/remoción
2518,1998,2,Emisiones fugitivas provenientes de la fabricación de combustibles,Emisiones Fugitivas,Fugitivas producción de Petróleo,1B2aiii,2,"0,0",Sin emisión/remoción
2519,1999,2,Emisiones fugitivas provenientes de la fabricación de combustibles,Emisiones Fugitivas,Fugitivas producción de Petróleo,1B2aiii,2,"0,0",Sin emisión/remoción
2520,2000,2,Emisiones fugitivas provenientes de la fabricación de combustibles,Emisiones Fugitivas,Fugitivas producción de Petróleo,1B2aiii,2,"0,0",Sin emisión/remoción
2521,2001,2,Emisiones fugitivas provenientes de la fabricación de combustibles,Emisiones Fugitivas,Fugitivas producción de Petróleo,1B2aiii,2,"0,0",Sin emisión/remoción
2522,2002,2,Emisiones fugitivas provenientes de la fabricación de combustibles,Emisiones Fugitivas,Fugitivas producción de Petróleo,1B2aiii,2,"0,0",Sin emisión/remoción
2523,2003,2,Emisiones fugitivas provenientes de la fabricación de combustibles,Emisiones Fugitivas,Fugitivas producción de Petróleo,1B2aiii,2,"0,0",Sin emisión/remoción
2524,2004,2,Emisiones fugitivas provenientes de la fabricación de combustibles,Emisiones Fugitivas,Fugitivas producción de Petróleo,1B2aiii,2,"0,0",Sin emisión/remoción
2525,2005,2,Emisiones fugitivas provenientes de la fabricación de combustibles,Emisiones Fugitivas,Fugitivas producción de Petróleo,1B2aiii,2,"0,0",Sin emisión/remoción
2526,2006,2,Emisiones fugitivas provenientes de la fabricación de combustibles,Emisiones Fugitivas,Fugitivas producción de Petróleo,1B2aiii,2,"0,0",Sin emisión/remoción
2527,2007,2,Emisiones fugitivas provenientes de la fabricación de combustibles,Emisiones Fugitivas,Fugitivas producción de Petróleo,1B2aiii,2,"0,0",Sin emisión/remoción
2528,2008,2,Emisiones fugitivas provenientes de la fabricación de combustibles,Emisiones Fugitivas,Fugitivas producción de Petróleo,1B2aiii,2,"0,0",Sin emisión/remoción
2529,2009,2,Emisiones fugitivas provenientes de la fabricación de combustibles,Emisiones Fugitivas,Fugitivas producción de Petróleo,1B2aiii,2,"0,0",Sin emisión/remoción
2530,2010,2,Emisiones fugitivas provenientes de la fabricación de combustibles,Emisiones Fugitivas,Fugitivas producción de Petróleo,1B2aiii,2,"0,0",Sin emisión/remoción
2531,2011,2,Emisiones fugitivas provenientes de la fabricación de combustibles,Emisiones Fugitivas,Fugitivas producción de Petróleo,1B2aiii,2,"0,0",Sin emisión/remoción
2532,2012,2,Emisiones fugitivas provenientes de la fabricación de combustibles,Emisiones Fugitivas,Fugitivas producción de Petróleo,1B2aiii,2,"0,0",Sin emisión/remoción
2533,2013,2,Emisiones fugitivas provenientes de la fabricación de combustibles,Emisiones Fugitivas,Fugitivas producción de Petróleo,1B2aiii,2,"0,0",Sin emisión/remoción
2534,2014,2,Emisiones fugitivas provenientes de la fabricación de combustibles,Emisiones Fugitivas,Fugitivas producción de Petróleo,1B2aiii,2,"0,0",Sin emisión/remoción
2535,2015,2,Emisiones fugitivas provenientes de la fabricación de combustibles,Emisiones Fugitivas,Fugitivas producción de Petróleo,1B2aiii,2,"0,0",Sin emisión/remoción
2536,2016,2,Emisiones fugitivas provenientes de la fabricación de combustibles,Emisiones Fugitivas,Fugitivas producción de Petróleo,1B2aiii,2,"0,0",Sin emisión/remoción
2537,2017,2,Emisiones fugitivas provenientes de la fabricación de combustibles,Emisiones Fugitivas,Fugitivas producción de Petróleo,1B2aiii,2,"0,0",Sin emisión/remoción
2538,2018,2,Emisiones fugitivas provenientes de la fabricación de combustibles,Emisiones Fugitivas,Fugitivas producción de Petróleo,1B2aiii,2,"0,0",Sin emisión/remoción
2539,2019,2,Emisiones fugitivas provenientes de la fabricación de combustibles,Emisiones Fugitivas,Fugitivas producción de Petróleo,1B2aiii,2,"0,0",Sin emisión/remoción
2540,2020,2,Emisiones fugitivas provenientes de la fabricación de combustibles,Emisiones Fugitivas,Fugitivas producción de Petróleo,1B2aiii,2,"0,0",Sin emisión/remoción
2541,2021,2,Emisiones fugitivas provenientes de la fabricación de combustibles,Emisiones Fugitivas,Fugitivas producción de Petróleo,1B2aiii,2,"0,0",Sin emisión/remoción
2542,2022,2,Emisiones fugitivas provenientes de la fabricación de combustibles,Emisiones Fugitivas,Fugitivas producción de Petróleo,1B2aiii,2,"0,0",Sin emisión/remoción
2543,1990,2,Emisiones fugitivas provenientes de la fabricación de combustibles,Emisiones Fugitivas,Fugitivas producción de Petróleo,1B2aiii,1,"0,04",Emisión
2544,1991,2,Emisiones fugitivas provenientes de la fabricación de combustibles,Emisiones Fugitivas,Fugitivas producción de Petróleo,1B2aiii,1,"0,04",Emisión
2545,1992,2,Emisiones fugitivas provenientes de la fabricación de combustibles,Emisiones Fugitivas,Fugitivas producción de Petróleo,1B2aiii,1,"0,05",Emisión
2546,1993,2,Emisiones fugitivas provenientes de la fabricación de combustibles,Emisiones Fugitivas,Fugitivas producción de Petróleo,1B2aiii,1,"0,05",Emisión
2547,1994,2,Emisiones fugitivas provenientes de la fabricación de combustibles,Emisiones Fugitivas,Fugitivas producción de Petróleo,1B2aiii,1,"0,06",Emisión
2548,1995,2,Emisiones fugitivas provenientes de la fabricación de combustibles,Emisiones Fugitivas,Fugitivas producción de Petróleo,1B2aiii,1,"0,06",Emisión
2549,1996,2,Emisiones fugitivas provenientes de la fabricación de combustibles,Emisiones Fugitivas,Fugitivas producción de Petróleo,1B2aiii,1,"0,07",Emisión
2550,1997,2,Emisiones fugitivas provenientes de la fabricación de combustibles,Emisiones Fugitivas,Fugitivas producción de Petróleo,1B2aiii,1,"0,07",Emisión
2551,1998,2,Emisiones fugitivas provenientes de la fabricación de combustibles,Emisiones Fugitivas,Fugitivas producción de Petróleo,1B2aiii,1,"0,07",Emisión
2552,1999,2,Emisiones fugitivas provenientes de la fabricación de combustibles,Emisiones Fugitivas,Fugitivas producción de Petróleo,1B2aiii,1,"0,07",Emisión
2553,2000,2,Emisiones fugitivas provenientes de la fabricación de combustibles,Emisiones Fugitivas,Fugitivas producción de Petróleo,1B2aiii,1,"0,07",Emisión
2554,2001,2,Emisiones fugitivas provenientes de la fabricación de combustibles,Emisiones Fugitivas,Fugitivas producción de Petróleo,1B2aiii,1,"0,07",Emisión
2555,2002,2,Emisiones fugitivas provenientes de la fabricación de combustibles,Emisiones Fugitivas,Fugitivas producción de Petróleo,1B2aiii,1,"0,07",Emisión
2556,2003,2,Emisiones fugitivas provenientes de la fabricación de combustibles,Emisiones Fugitivas,Fugitivas producción de Petróleo,1B2aiii,1,"0,06",Emisión
2557,2004,2,Emisiones fugitivas provenientes de la fabricación de combustibles,Emisiones Fugitivas,Fugitivas producción de Petróleo,1B2aiii,1,"0,06",Emisión
2558,2005,2,Emisiones fugitivas provenientes de la fabricación de combustibles,Emisiones Fugitivas,Fugitivas producción de Petróleo,1B2aiii,1,"0,06",Emisión
2559,2006,2,Emisiones fugitivas provenientes de la fabricación de combustibles,Emisiones Fugitivas,Fugitivas producción de Petróleo,1B2aiii,1,"0,06",Emisión
2560,2007,2,Emisiones fugitivas provenientes de la fabricación de combustibles,Emisiones Fugitivas,Fugitivas producción de Petróleo,1B2aiii,1,"0,06",Emisión
2561,2008,2,Emisiones fugitivas provenientes de la fabricación de combustibles,Emisiones Fugitivas,Fugitivas producción de Petróleo,1B2aiii,1,"0,06",Emisión
2562,2009,2,Emisiones fugitivas provenientes de la fabricación de combustibles,Emisiones Fugitivas,Fugitivas producción de Petróleo,1B2aiii,1,"0,06",Emisión
2563,2010,2,Emisiones fugitivas provenientes de la fabricación de combustibles,Emisiones Fugitivas,Fugitivas producción de Petróleo,1B2aiii,1,"0,05",Emisión
2564,2011,2,Emisiones fugitivas provenientes de la fabricación de combustibles,Emisiones Fugitivas,Fugitivas producción de Petróleo,1B2aiii,1,"0,05",Emisión
2565,2012,2,Emisiones fugitivas provenientes de la fabricación de combustibles,Emisiones Fugitivas,Fugitivas producción de Petróleo,1B2aiii,1,"0,05",Emisión
2566,2013,2,Emisiones fugitivas provenientes de la fabricación de combustibles,Emisiones Fugitivas,Fugitivas producción de Petróleo,1B2aiii,1,"0,05",Emisión
2567,2014,2,Emisiones fugitivas provenientes de la fabricación de combustibles,Emisiones Fugitivas,Fugitivas producción de Petróleo,1B2aiii,1,"0,05",Emisión
2568,2015,2,Emisiones fugitivas provenientes de la fabricación de combustibles,Emisiones Fugitivas,Fugitivas producción de Petróleo,1B2aiii,1,"0,05",Emisión
2569,2016,2,Emisiones fugitivas provenientes de la fabricación de combustibles,Emisiones Fugitivas,Fugitivas producción de Petróleo,1B2aiii,1,"0,05",Emisión
2570,2017,2,Emisiones fugitivas provenientes de la fabricación de combustibles,Emisiones Fugitivas,Fugitivas producción de Petróleo,1B2aiii,1,"0,04",Emisión
2571,2018,2,Emisiones fugitivas provenientes de la fabricación de combustibles,Emisiones Fugitivas,Fugitivas producción de Petróleo,1B2aiii,1,"0,04",Emisión
2572,2019,2,Emisiones fugitivas provenientes de la fabricación de combustibles,Emisiones Fugitivas,Fugitivas producción de Petróleo,1B2aiii,1,"0,05",Emisión
2573,2020,2,Emisiones fugitivas provenientes de la fabricación de combustibles,Emisiones Fugitivas,Fugitivas producción de Petróleo,1B2aiii,1,"0,04",Emisión
2574,2021,2,Emisiones fugitivas provenientes de la fabricación de combustibles,Emisiones Fugitivas,Fugitivas producción de Petróleo,1B2aiii,1,"0,05",Emisión
2575,2022,2,Emisiones fugitivas provenientes de la fabricación de combustibles,Emisiones Fugitivas,Fugitivas producción de Petróleo,1B2aiii,1,"0,05",Emisión
2576,1990,2,Emisiones fugitivas provenientes de la fabricación de combustibles,Emisiones Fugitivas,Fugitivas producción de Petróleo,1B2aiv,2,"0,15",Emisión
2577,1991,2,Emisiones fugitivas provenientes de la fabricación de combustibles,Emisiones Fugitivas,Fugitivas producción de Petróleo,1B2aiv,2,"0,15",Emisión
2578,1992,2,Emisiones fugitivas provenientes de la fabricación de combustibles,Emisiones Fugitivas,Fugitivas producción de Petróleo,1B2aiv,2,"0,17",Emisión
2579,1993,2,Emisiones fugitivas provenientes de la fabricación de combustibles,Emisiones Fugitivas,Fugitivas producción de Petróleo,1B2aiv,2,"0,17",Emisión
2580,1994,2,Emisiones fugitivas provenientes de la fabricación de combustibles,Emisiones Fugitivas,Fugitivas producción de Petróleo,1B2aiv,2,"0,16",Emisión
2581,1995,2,Emisiones fugitivas provenientes de la fabricación de combustibles,Emisiones Fugitivas,Fugitivas producción de Petróleo,1B2aiv,2,"0,15",Emisión
2582,1996,2,Emisiones fugitivas provenientes de la fabricación de combustibles,Emisiones Fugitivas,Fugitivas producción de Petróleo,1B2aiv,2,"0,16",Emisión
2583,1997,2,Emisiones fugitivas provenientes de la fabricación de combustibles,Emisiones Fugitivas,Fugitivas producción de Petróleo,1B2aiv,2,"0,18",Emisión
2584,1998,2,Emisiones fugitivas provenientes de la fabricación de combustibles,Emisiones Fugitivas,Fugitivas producción de Petróleo,1B2aiv,2,"0,18",Emisión
2585,1999,2,Emisiones fugitivas provenientes de la fabricación de combustibles,Emisiones Fugitivas,Fugitivas producción de Petróleo,1B2aiv,2,"0,19",Emisión
2586,2000,2,Emisiones fugitivas provenientes de la fabricación de combustibles,Emisiones Fugitivas,Fugitivas producción de Petróleo,1B2aiv,2,"0,17",Emisión
2587,2001,2,Emisiones fugitivas provenientes de la fabricación de combustibles,Emisiones Fugitivas,Fugitivas producción de Petróleo,1B2aiv,2,"0,17",Emisión
2588,2002,2,Emisiones fugitivas provenientes de la fabricación de combustibles,Emisiones Fugitivas,Fugitivas producción de Petróleo,1B2aiv,2,"0,16",Emisión
2589,2003,2,Emisiones fugitivas provenientes de la fabricación de combustibles,Emisiones Fugitivas,Fugitivas producción de Petróleo,1B2aiv,2,"0,17",Emisión
2590,2004,2,Emisiones fugitivas provenientes de la fabricación de combustibles,Emisiones Fugitivas,Fugitivas producción de Petróleo,1B2aiv,2,"0,17",Emisión
2591,2005,2,Emisiones fugitivas provenientes de la fabricación de combustibles,Emisiones Fugitivas,Fugitivas producción de Petróleo,1B2aiv,2,"0,17",Emisión
2592,2006,2,Emisiones fugitivas provenientes de la fabricación de combustibles,Emisiones Fugitivas,Fugitivas producción de Petróleo,1B2aiv,2,"0,18",Emisión
2593,2007,2,Emisiones fugitivas provenientes de la fabricación de combustibles,Emisiones Fugitivas,Fugitivas producción de Petróleo,1B2aiv,2,"0,19",Emisión
2594,2008,2,Emisiones fugitivas provenientes de la fabricación de combustibles,Emisiones Fugitivas,Fugitivas producción de Petróleo,1B2aiv,2,"0,19",Emisión
2595,2009,2,Emisiones fugitivas provenientes de la fabricación de combustibles,Emisiones Fugitivas,Fugitivas producción de Petróleo,1B2aiv,2,"0,17",Emisión
2596,2010,2,Emisiones fugitivas provenientes de la fabricación de combustibles,Emisiones Fugitivas,Fugitivas producción de Petróleo,1B2aiv,2,"0,17",Emisión
2597,2011,2,Emisiones fugitivas provenientes de la fabricación de combustibles,Emisiones Fugitivas,Fugitivas producción de Petróleo,1B2aiv,2,"0,17",Emisión
2598,2012,2,Emisiones fugitivas provenientes de la fabricación de combustibles,Emisiones Fugitivas,Fugitivas producción de Petróleo,1B2aiv,2,"0,17",Emisión
2599,2013,2,Emisiones fugitivas provenientes de la fabricación de combustibles,Emisiones Fugitivas,Fugitivas producción de Petróleo,1B2aiv,2,"0,17",Emisión
2600,2014,2,Emisiones fugitivas provenientes de la fabricación de combustibles,Emisiones Fugitivas,Fugitivas producción de Petróleo,1B2aiv,2,"0,17",Emisión
2601,2015,2,Emisiones fugitivas provenientes de la fabricación de combustibles,Emisiones Fugitivas,Fugitivas producción de Petróleo,1B2aiv,2,"0,18",Emisión
2602,2016,2,Emisiones fugitivas provenientes de la fabricación de combustibles,Emisiones Fugitivas,Fugitivas producción de Petróleo,1B2aiv,2,"0,17",Emisión
2603,2017,2,Emisiones fugitivas provenientes de la fabricación de combustibles,Emisiones Fugitivas,Fugitivas producción de Petróleo,1B2aiv,2,"0,16",Emisión
2604,2018,2,Emisiones fugitivas provenientes de la fabricación de combustibles,Emisiones Fugitivas,Fugitivas producción de Petróleo,1B2aiv,2,"0,15",Emisión
2605,2019,2,Emisiones fugitivas provenientes de la fabricación de combustibles,Emisiones Fugitivas,Fugitivas producción de Petróleo,1B2aiv,2,"0,16",Emisión
2606,2020,2,Emisiones fugitivas provenientes de la fabricación de combustibles,Emisiones Fugitivas,Fugitivas producción de Petróleo,1B2aiv,2,"0,14",Emisión
2607,2021,2,Emisiones fugitivas provenientes de la fabricación de combustibles,Emisiones Fugitivas,Fugitivas producción de Petróleo,1B2aiv,2,"0,15",Emisión
2608,2022,2,Emisiones fugitivas provenientes de la fabricación de combustibles,Emisiones Fugitivas,Fugitivas producción de Petróleo,1B2aiv,2,"0,16",Emisión
2609,1990,2,Emisiones fugitivas provenientes de la fabricación de combustibles,Emisiones Fugitivas,Fugitivas producción de Petróleo,1B2aiv,1,"0,02",Emisión
2610,1991,2,Emisiones fugitivas provenientes de la fabricación de combustibles,Emisiones Fugitivas,Fugitivas producción de Petróleo,1B2aiv,1,"0,02",Emisión
2611,1992,2,Emisiones fugitivas provenientes de la fabricación de combustibles,Emisiones Fugitivas,Fugitivas producción de Petróleo,1B2aiv,1,"0,02",Emisión
2612,1993,2,Emisiones fugitivas provenientes de la fabricación de combustibles,Emisiones Fugitivas,Fugitivas producción de Petróleo,1B2aiv,1,"0,02",Emisión
2613,1994,2,Emisiones fugitivas provenientes de la fabricación de combustibles,Emisiones Fugitivas,Fugitivas producción de Petróleo,1B2aiv,1,"0,02",Emisión
2614,1995,2,Emisiones fugitivas provenientes de la fabricación de combustibles,Emisiones Fugitivas,Fugitivas producción de Petróleo,1B2aiv,1,"0,02",Emisión
2615,1996,2,Emisiones fugitivas provenientes de la fabricación de combustibles,Emisiones Fugitivas,Fugitivas producción de Petróleo,1B2aiv,1,"0,02",Emisión
2616,1997,2,Emisiones fugitivas provenientes de la fabricación de combustibles,Emisiones Fugitivas,Fugitivas producción de Petróleo,1B2aiv,1,"0,03",Emisión
2617,1998,2,Emisiones fugitivas provenientes de la fabricación de combustibles,Emisiones Fugitivas,Fugitivas producción de Petróleo,1B2aiv,1,"0,03",Emisión
2618,1999,2,Emisiones fugitivas provenientes de la fabricación de combustibles,Emisiones Fugitivas,Fugitivas producción de Petróleo,1B2aiv,1,"0,03",Emisión
2619,2000,2,Emisiones fugitivas provenientes de la fabricación de combustibles,Emisiones Fugitivas,Fugitivas producción de Petróleo,1B2aiv,1,"0,02",Emisión
2620,2001,2,Emisiones fugitivas provenientes de la fabricación de combustibles,Emisiones Fugitivas,Fugitivas producción de Petróleo,1B2aiv,1,"0,02",Emisión
2621,2002,2,Emisiones fugitivas provenientes de la fabricación de combustibles,Emisiones Fugitivas,Fugitivas producción de Petróleo,1B2aiv,1,"0,02",Emisión
2622,2003,2,Emisiones fugitivas provenientes de la fabricación de combustibles,Emisiones Fugitivas,Fugitivas producción de Petróleo,1B2aiv,1,"0,02",Emisión
2623,2004,2,Emisiones fugitivas provenientes de la fabricación de combustibles,Emisiones Fugitivas,Fugitivas producción de Petróleo,1B2aiv,1,"0,02",Emisión
2624,2005,2,Emisiones fugitivas provenientes de la fabricación de combustibles,Emisiones Fugitivas,Fugitivas producción de Petróleo,1B2aiv,1,"0,02",Emisión
2625,2006,2,Emisiones fugitivas provenientes de la fabricación de combustibles,Emisiones Fugitivas,Fugitivas producción de Petróleo,1B2aiv,1,"0,03",Emisión
2626,2007,2,Emisiones fugitivas provenientes de la fabricación de combustibles,Emisiones Fugitivas,Fugitivas producción de Petróleo,1B2aiv,1,"0,03",Emisión
2627,2008,2,Emisiones fugitivas provenientes de la fabricación de combustibles,Emisiones Fugitivas,Fugitivas producción de Petróleo,1B2aiv,1,"0,03",Emisión
2628,2009,2,Emisiones fugitivas provenientes de la fabricación de combustibles,Emisiones Fugitivas,Fugitivas producción de Petróleo,1B2aiv,1,"0,02",Emisión
2629,2010,2,Emisiones fugitivas provenientes de la fabricación de combustibles,Emisiones Fugitivas,Fugitivas producción de Petróleo,1B2aiv,1,"0,02",Emisión
2630,2011,2,Emisiones fugitivas provenientes de la fabricación de combustibles,Emisiones Fugitivas,Fugitivas producción de Petróleo,1B2aiv,1,"0,02",Emisión
2631,2012,2,Emisiones fugitivas provenientes de la fabricación de combustibles,Emisiones Fugitivas,Fugitivas producción de Petróleo,1B2aiv,1,"0,02",Emisión
2632,2013,2,Emisiones fugitivas provenientes de la fabricación de combustibles,Emisiones Fugitivas,Fugitivas producción de Petróleo,1B2aiv,1,"0,02",Emisión
2633,2014,2,Emisiones fugitivas provenientes de la fabricación de combustibles,Emisiones Fugitivas,Fugitivas producción de Petróleo,1B2aiv,1,"0,02",Emisión
2634,2015,2,Emisiones fugitivas provenientes de la fabricación de combustibles,Emisiones Fugitivas,Fugitivas producción de Petróleo,1B2aiv,1,"0,03",Emisión
2635,2016,2,Emisiones fugitivas provenientes de la fabricación de combustibles,Emisiones Fugitivas,Fugitivas producción de Petróleo,1B2aiv,1,"0,02",Emisión
2636,2017,2,Emisiones fugitivas provenientes de la fabricación de combustibles,Emisiones Fugitivas,Fugitivas producción de Petróleo,1B2aiv,1,"0,02",Emisión
2637,2018,2,Emisiones fugitivas provenientes de la fabricación de combustibles,Emisiones Fugitivas,Fugitivas producción de Petróleo,1B2aiv,1,"0,02",Emisión
2638,2019,2,Emisiones fugitivas provenientes de la fabricación de combustibles,Emisiones Fugitivas,Fugitivas producción de Petróleo,1B2aiv,1,"0,02",Emisión
2639,2020,2,Emisiones fugitivas provenientes de la fabricación de combustibles,Emisiones Fugitivas,Fugitivas producción de Petróleo,1B2aiv,1,"0,02",Emisión
2640,2021,2,Emisiones fugitivas provenientes de la fabricación de combustibles,Emisiones Fugitivas,Fugitivas producción de Petróleo,1B2aiv,1,"0,02",Emisión
2641,2022,2,Emisiones fugitivas provenientes de la fabricación de combustibles,Emisiones Fugitivas,Fugitivas producción de Petróleo,1B2aiv,1,"0,02",Emisión
2642,1990,2,Emisiones fugitivas provenientes de la fabricación de combustibles,Emisiones Fugitivas,Fugitivas producción de Petróleo,1B2aiv,4,"0,0",Sin emisión/remoción
2643,1991,2,Emisiones fugitivas provenientes de la fabricación de combustibles,Emisiones Fugitivas,Fugitivas producción de Petróleo,1B2aiv,4,"0,0",Sin emisión/remoción
2644,1992,2,Emisiones fugitivas provenientes de la fabricación de combustibles,Emisiones Fugitivas,Fugitivas producción de Petróleo,1B2aiv,4,"0,0",Sin emisión/remoción
2645,1993,2,Emisiones fugitivas provenientes de la fabricación de combustibles,Emisiones Fugitivas,Fugitivas producción de Petróleo,1B2aiv,4,"0,0",Sin emisión/remoción
2646,1994,2,Emisiones fugitivas provenientes de la fabricación de combustibles,Emisiones Fugitivas,Fugitivas producción de Petróleo,1B2aiv,4,"0,0",Sin emisión/remoción
2647,1995,2,Emisiones fugitivas provenientes de la fabricación de combustibles,Emisiones Fugitivas,Fugitivas producción de Petróleo,1B2aiv,4,"0,0",Sin emisión/remoción
2648,1996,2,Emisiones fugitivas provenientes de la fabricación de combustibles,Emisiones Fugitivas,Fugitivas producción de Petróleo,1B2aiv,4,"0,0",Sin emisión/remoción
2649,1997,2,Emisiones fugitivas provenientes de la fabricación de combustibles,Emisiones Fugitivas,Fugitivas producción de Petróleo,1B2aiv,4,"0,0",Sin emisión/remoción
2650,1998,2,Emisiones fugitivas provenientes de la fabricación de combustibles,Emisiones Fugitivas,Fugitivas producción de Petróleo,1B2aiv,4,"0,0",Sin emisión/remoción
2651,1999,2,Emisiones fugitivas provenientes de la fabricación de combustibles,Emisiones Fugitivas,Fugitivas producción de Petróleo,1B2aiv,4,"0,0",Sin emisión/remoción
2652,2000,2,Emisiones fugitivas provenientes de la fabricación de combustibles,Emisiones Fugitivas,Fugitivas producción de Petróleo,1B2aiv,4,"0,0",Sin emisión/remoción
2653,2001,2,Emisiones fugitivas provenientes de la fabricación de combustibles,Emisiones Fugitivas,Fugitivas producción de Petróleo,1B2aiv,4,"0,0",Sin emisión/remoción
2654,2002,2,Emisiones fugitivas provenientes de la fabricación de combustibles,Emisiones Fugitivas,Fugitivas producción de Petróleo,1B2aiv,4,"0,0",Sin emisión/remoción
2655,2003,2,Emisiones fugitivas provenientes de la fabricación de combustibles,Emisiones Fugitivas,Fugitivas producción de Petróleo,1B2aiv,4,"0,0",Sin emisión/remoción
2656,2004,2,Emisiones fugitivas provenientes de la fabricación de combustibles,Emisiones Fugitivas,Fugitivas producción de Petróleo,1B2aiv,4,"0,0",Sin emisión/remoción
2657,2005,2,Emisiones fugitivas provenientes de la fabricación de combustibles,Emisiones Fugitivas,Fugitivas producción de Petróleo,1B2aiv,4,"0,0",Sin emisión/remoción
2658,2006,2,Emisiones fugitivas provenientes de la fabricación de combustibles,Emisiones Fugitivas,Fugitivas producción de Petróleo,1B2aiv,4,"0,0",Sin emisión/remoción
2659,2007,2,Emisiones fugitivas provenientes de la fabricación de combustibles,Emisiones Fugitivas,Fugitivas producción de Petróleo,1B2aiv,4,"0,0",Sin emisión/remoción
2660,2008,2,Emisiones fugitivas provenientes de la fabricación de combustibles,Emisiones Fugitivas,Fugitivas producción de Petróleo,1B2aiv,4,"0,0",Sin emisión/remoción
2661,2009,2,Emisiones fugitivas provenientes de la fabricación de combustibles,Emisiones Fugitivas,Fugitivas producción de Petróleo,1B2aiv,4,"0,0",Sin emisión/remoción
2662,2010,2,Emisiones fugitivas provenientes de la fabricación de combustibles,Emisiones Fugitivas,Fugitivas producción de Petróleo,1B2aiv,4,"0,0",Sin emisión/remoción
2663,2011,2,Emisiones fugitivas provenientes de la fabricación de combustibles,Emisiones Fugitivas,Fugitivas producción de Petróleo,1B2aiv,4,"0,0",Sin emisión/remoción
2664,2012,2,Emisiones fugitivas provenientes de la fabricación de combustibles,Emisiones Fugitivas,Fugitivas producción de Petróleo,1B2aiv,4,"0,0",Sin emisión/remoción
2665,2013,2,Emisiones fugitivas provenientes de la fabricación de combustibles,Emisiones Fugitivas,Fugitivas producción de Petróleo,1B2aiv,4,"0,0",Sin emisión/remoción
2666,2014,2,Emisiones fugitivas provenientes de la fabricación de combustibles,Emisiones Fugitivas,Fugitivas producción de Petróleo,1B2aiv,4,"0,0",Sin emisión/remoción
2667,2015,2,Emisiones fugitivas provenientes de la fabricación de combustibles,Emisiones Fugitivas,Fugitivas producción de Petróleo,1B2aiv,4,"0,0",Sin emisión/remoción
2668,2016,2,Emisiones fugitivas provenientes de la fabricación de combustibles,Emisiones Fugitivas,Fugitivas producción de Petróleo,1B2aiv,4,"0,0",Sin emisión/remoción
2669,2017,2,Emisiones fugitivas provenientes de la fabricación de combustibles,Emisiones Fugitivas,Fugitivas producción de Petróleo,1B2aiv,4,"0,0",Sin emisión/remoción
2670,2018,2,Emisiones fugitivas provenientes de la fabricación de combustibles,Emisiones Fugitivas,Fugitivas producción de Petróleo,1B2aiv,4,"0,0",Sin emisión/remoción
2671,2019,2,Emisiones fugitivas provenientes de la fabricación de combustibles,Emisiones Fugitivas,Fugitivas producción de Petróleo,1B2aiv,4,"0,0",Sin emisión/remoción
2672,2020,2,Emisiones fugitivas provenientes de la fabricación de combustibles,Emisiones Fugitivas,Fugitivas producción de Petróleo,1B2aiv,4,"0,0",Sin emisión/remoción
2673,2021,2,Emisiones fugitivas provenientes de la fabricación de combustibles,Emisiones Fugitivas,Fugitivas producción de Petróleo,1B2aiv,4,"0,0",Sin emisión/remoción
2674,2022,2,Emisiones fugitivas provenientes de la fabricación de combustibles,Emisiones Fugitivas,Fugitivas producción de Petróleo,1B2aiv,4,"0,0",Sin emisión/remoción
2675,1990,2,Emisiones fugitivas provenientes de la fabricación de combustibles,Emisiones Fugitivas,Fugitivas producción de Gas Natural,1B2bi,2,"0,0",Sin emisión/remoción
2676,1991,2,Emisiones fugitivas provenientes de la fabricación de combustibles,Emisiones Fugitivas,Fugitivas producción de Gas Natural,1B2bi,2,"0,0",Sin emisión/remoción
2677,1992,2,Emisiones fugitivas provenientes de la fabricación de combustibles,Emisiones Fugitivas,Fugitivas producción de Gas Natural,1B2bi,2,"0,0",Sin emisión/remoción
2678,1993,2,Emisiones fugitivas provenientes de la fabricación de combustibles,Emisiones Fugitivas,Fugitivas producción de Gas Natural,1B2bi,2,"0,0",Sin emisión/remoción
2679,1994,2,Emisiones fugitivas provenientes de la fabricación de combustibles,Emisiones Fugitivas,Fugitivas producción de Gas Natural,1B2bi,2,"0,0",Sin emisión/remoción
2680,1995,2,Emisiones fugitivas provenientes de la fabricación de combustibles,Emisiones Fugitivas,Fugitivas producción de Gas Natural,1B2bi,2,"0,0",Sin emisión/remoción
2681,1996,2,Emisiones fugitivas provenientes de la fabricación de combustibles,Emisiones Fugitivas,Fugitivas producción de Gas Natural,1B2bi,2,"0,0",Sin emisión/remoción
2682,1997,2,Emisiones fugitivas provenientes de la fabricación de combustibles,Emisiones Fugitivas,Fugitivas producción de Gas Natural,1B2bi,2,"0,0",Sin emisión/remoción
2683,1998,2,Emisiones fugitivas provenientes de la fabricación de combustibles,Emisiones Fugitivas,Fugitivas producción de Gas Natural,1B2bi,2,"0,0",Sin emisión/remoción
2684,1999,2,Emisiones fugitivas provenientes de la fabricación de combustibles,Emisiones Fugitivas,Fugitivas producción de Gas Natural,1B2bi,2,"0,0",Sin emisión/remoción
2685,2000,2,Emisiones fugitivas provenientes de la fabricación de combustibles,Emisiones Fugitivas,Fugitivas producción de Gas Natural,1B2bi,2,"0,0",Sin emisión/remoción
2686,2001,2,Emisiones fugitivas provenientes de la fabricación de combustibles,Emisiones Fugitivas,Fugitivas producción de Gas Natural,1B2bi,2,"0,0",Sin emisión/remoción
2687,2002,2,Emisiones fugitivas provenientes de la fabricación de combustibles,Emisiones Fugitivas,Fugitivas producción de Gas Natural,1B2bi,2,"0,0",Sin emisión/remoción
2688,2003,2,Emisiones fugitivas provenientes de la fabricación de combustibles,Emisiones Fugitivas,Fugitivas producción de Gas Natural,1B2bi,2,"0,0",Sin emisión/remoción
2689,2004,2,Emisiones fugitivas provenientes de la fabricación de combustibles,Emisiones Fugitivas,Fugitivas producción de Gas Natural,1B2bi,2,"0,0",Sin emisión/remoción
2690,2005,2,Emisiones fugitivas provenientes de la fabricación de combustibles,Emisiones Fugitivas,Fugitivas producción de Gas Natural,1B2bi,2,"0,0",Sin emisión/remoción
2691,2006,2,Emisiones fugitivas provenientes de la fabricación de combustibles,Emisiones Fugitivas,Fugitivas producción de Gas Natural,1B2bi,2,"0,0",Sin emisión/remoción
2692,2007,2,Emisiones fugitivas provenientes de la fabricación de combustibles,Emisiones Fugitivas,Fugitivas producción de Gas Natural,1B2bi,2,"0,0",Sin emisión/remoción
2693,2008,2,Emisiones fugitivas provenientes de la fabricación de combustibles,Emisiones Fugitivas,Fugitivas producción de Gas Natural,1B2bi,2,"0,0",Sin emisión/remoción
2694,2009,2,Emisiones fugitivas provenientes de la fabricación de combustibles,Emisiones Fugitivas,Fugitivas producción de Gas Natural,1B2bi,2,"0,0",Sin emisión/remoción
2695,2010,2,Emisiones fugitivas provenientes de la fabricación de combustibles,Emisiones Fugitivas,Fugitivas producción de Gas Natural,1B2bi,2,"0,0",Sin emisión/remoción
2696,2011,2,Emisiones fugitivas provenientes de la fabricación de combustibles,Emisiones Fugitivas,Fugitivas producción de Gas Natural,1B2bi,2,"0,0",Sin emisión/remoción
2697,2012,2,Emisiones fugitivas provenientes de la fabricación de combustibles,Emisiones Fugitivas,Fugitivas producción de Gas Natural,1B2bi,2,"0,0",Sin emisión/remoción
2698,2013,2,Emisiones fugitivas provenientes de la fabricación de combustibles,Emisiones Fugitivas,Fugitivas producción de Gas Natural,1B2bi,2,"0,0",Sin emisión/remoción
2699,2014,2,Emisiones fugitivas provenientes de la fabricación de combustibles,Emisiones Fugitivas,Fugitivas producción de Gas Natural,1B2bi,2,"0,0",Sin emisión/remoción
2700,2015,2,Emisiones fugitivas provenientes de la fabricación de combustibles,Emisiones Fugitivas,Fugitivas producción de Gas Natural,1B2bi,2,"0,0",Sin emisión/remoción
2701,2016,2,Emisiones fugitivas provenientes de la fabricación de combustibles,Emisiones Fugitivas,Fugitivas producción de Gas Natural,1B2bi,2,"0,0",Sin emisión/remoción
2702,2017,2,Emisiones fugitivas provenientes de la fabricación de combustibles,Emisiones Fugitivas,Fugitivas producción de Gas Natural,1B2bi,2,"0,0",Sin emisión/remoción
2703,2018,2,Emisiones fugitivas provenientes de la fabricación de combustibles,Emisiones Fugitivas,Fugitivas producción de Gas Natural,1B2bi,2,"0,0",Sin emisión/remoción
2704,2019,2,Emisiones fugitivas provenientes de la fabricación de combustibles,Emisiones Fugitivas,Fugitivas producción de Gas Natural,1B2bi,2,"0,07",Emisión
2705,2020,2,Emisiones fugitivas provenientes de la fabricación de combustibles,Emisiones Fugitivas,Fugitivas producción de Gas Natural,1B2bi,2,"0,06",Emisión
2706,2021,2,Emisiones fugitivas provenientes de la fabricación de combustibles,Emisiones Fugitivas,Fugitivas producción de Gas Natural,1B2bi,2,"0,07",Emisión
2707,2022,2,Emisiones fugitivas provenientes de la fabricación de combustibles,Emisiones Fugitivas,Fugitivas producción de Gas Natural,1B2bi,2,"0,08",Emisión
2708,1990,2,Emisiones fugitivas provenientes de la fabricación de combustibles,Emisiones Fugitivas,Fugitivas producción de Gas Natural,1B2bi,1,"0,04",Emisión
2709,1991,2,Emisiones fugitivas provenientes de la fabricación de combustibles,Emisiones Fugitivas,Fugitivas producción de Gas Natural,1B2bi,1,"0,04",Emisión
2710,1992,2,Emisiones fugitivas provenientes de la fabricación de combustibles,Emisiones Fugitivas,Fugitivas producción de Gas Natural,1B2bi,1,"0,04",Emisión
2711,1993,2,Emisiones fugitivas provenientes de la fabricación de combustibles,Emisiones Fugitivas,Fugitivas producción de Gas Natural,1B2bi,1,"0,04",Emisión
2712,1994,2,Emisiones fugitivas provenientes de la fabricación de combustibles,Emisiones Fugitivas,Fugitivas producción de Gas Natural,1B2bi,1,"0,05",Emisión
2713,1995,2,Emisiones fugitivas provenientes de la fabricación de combustibles,Emisiones Fugitivas,Fugitivas producción de Gas Natural,1B2bi,1,"0,05",Emisión
2714,1996,2,Emisiones fugitivas provenientes de la fabricación de combustibles,Emisiones Fugitivas,Fugitivas producción de Gas Natural,1B2bi,1,"0,06",Emisión
2715,1997,2,Emisiones fugitivas provenientes de la fabricación de combustibles,Emisiones Fugitivas,Fugitivas producción de Gas Natural,1B2bi,1,"0,06",Emisión
2716,1998,2,Emisiones fugitivas provenientes de la fabricación de combustibles,Emisiones Fugitivas,Fugitivas producción de Gas Natural,1B2bi,1,"0,06",Emisión
2717,1999,2,Emisiones fugitivas provenientes de la fabricación de combustibles,Emisiones Fugitivas,Fugitivas producción de Gas Natural,1B2bi,1,"0,07",Emisión
2718,2000,2,Emisiones fugitivas provenientes de la fabricación de combustibles,Emisiones Fugitivas,Fugitivas producción de Gas Natural,1B2bi,1,"0,08",Emisión
2719,2001,2,Emisiones fugitivas provenientes de la fabricación de combustibles,Emisiones Fugitivas,Fugitivas producción de Gas Natural,1B2bi,1,"0,08",Emisión
2720,2002,2,Emisiones fugitivas provenientes de la fabricación de combustibles,Emisiones Fugitivas,Fugitivas producción de Gas Natural,1B2bi,1,"0,08",Emisión
2721,2003,2,Emisiones fugitivas provenientes de la fabricación de combustibles,Emisiones Fugitivas,Fugitivas producción de Gas Natural,1B2bi,1,"0,09",Emisión
2722,2004,2,Emisiones fugitivas provenientes de la fabricación de combustibles,Emisiones Fugitivas,Fugitivas producción de Gas Natural,1B2bi,1,"0,09",Emisión
2723,2005,2,Emisiones fugitivas provenientes de la fabricación de combustibles,Emisiones Fugitivas,Fugitivas producción de Gas Natural,1B2bi,1,"0,09",Emisión
2724,2006,2,Emisiones fugitivas provenientes de la fabricación de combustibles,Emisiones Fugitivas,Fugitivas producción de Gas Natural,1B2bi,1,"0,09",Emisión
2725,2007,2,Emisiones fugitivas provenientes de la fabricación de combustibles,Emisiones Fugitivas,Fugitivas producción de Gas Natural,1B2bi,1,"0,09",Emisión
2726,2008,2,Emisiones fugitivas provenientes de la fabricación de combustibles,Emisiones Fugitivas,Fugitivas producción de Gas Natural,1B2bi,1,"0,08",Emisión
2727,2009,2,Emisiones fugitivas provenientes de la fabricación de combustibles,Emisiones Fugitivas,Fugitivas producción de Gas Natural,1B2bi,1,"0,07",Emisión
2728,2010,2,Emisiones fugitivas provenientes de la fabricación de combustibles,Emisiones Fugitivas,Fugitivas producción de Gas Natural,1B2bi,1,"0,07",Emisión
2729,2011,2,Emisiones fugitivas provenientes de la fabricación de combustibles,Emisiones Fugitivas,Fugitivas producción de Gas Natural,1B2bi,1,"0,07",Emisión
2730,2012,2,Emisiones fugitivas provenientes de la fabricación de combustibles,Emisiones Fugitivas,Fugitivas producción de Gas Natural,1B2bi,1,"0,06",Emisión
2731,2013,2,Emisiones fugitivas provenientes de la fabricación de combustibles,Emisiones Fugitivas,Fugitivas producción de Gas Natural,1B2bi,1,"0,06",Emisión
2732,2014,2,Emisiones fugitivas provenientes de la fabricación de combustibles,Emisiones Fugitivas,Fugitivas producción de Gas Natural,1B2bi,1,"0,06",Emisión
2733,2015,2,Emisiones fugitivas provenientes de la fabricación de combustibles,Emisiones Fugitivas,Fugitivas producción de Gas Natural,1B2bi,1,"0,06",Emisión
2734,2016,2,Emisiones fugitivas provenientes de la fabricación de combustibles,Emisiones Fugitivas,Fugitivas producción de Gas Natural,1B2bi,1,"0,06",Emisión
2735,2017,2,Emisiones fugitivas provenientes de la fabricación de combustibles,Emisiones Fugitivas,Fugitivas producción de Gas Natural,1B2bi,1,"0,06",Emisión
2736,2018,2,Emisiones fugitivas provenientes de la fabricación de combustibles,Emisiones Fugitivas,Fugitivas producción de Gas Natural,1B2bi,1,"0,06",Emisión
2737,2019,2,Emisiones fugitivas provenientes de la fabricación de combustibles,Emisiones Fugitivas,Fugitivas producción de Gas Natural,1B2bi,1,"0,08",Emisión
2738,2020,2,Emisiones fugitivas provenientes de la fabricación de combustibles,Emisiones Fugitivas,Fugitivas producción de Gas Natural,1B2bi,1,"0,07",Emisión
2739,2021,2,Emisiones fugitivas provenientes de la fabricación de combustibles,Emisiones Fugitivas,Fugitivas producción de Gas Natural,1B2bi,1,"0,07",Emisión
2740,2022,2,Emisiones fugitivas provenientes de la fabricación de combustibles,Emisiones Fugitivas,Fugitivas producción de Gas Natural,1B2bi,1,"0,08",Emisión
2741,1990,2,Emisiones fugitivas provenientes de la fabricación de combustibles,Emisiones Fugitivas,Fugitivas producción de Gas Natural,1B2bii,2,"0,04",Emisión
2742,1991,2,Emisiones fugitivas provenientes de la fabricación de combustibles,Emisiones Fugitivas,Fugitivas producción de Gas Natural,1B2bii,2,"0,04",Emisión
2743,1992,2,Emisiones fugitivas provenientes de la fabricación de combustibles,Emisiones Fugitivas,Fugitivas producción de Gas Natural,1B2bii,2,"0,05",Emisión
2744,1993,2,Emisiones fugitivas provenientes de la fabricación de combustibles,Emisiones Fugitivas,Fugitivas producción de Gas Natural,1B2bii,2,"0,05",Emisión
2745,1994,2,Emisiones fugitivas provenientes de la fabricación de combustibles,Emisiones Fugitivas,Fugitivas producción de Gas Natural,1B2bii,2,"0,05",Emisión
2746,1995,2,Emisiones fugitivas provenientes de la fabricación de combustibles,Emisiones Fugitivas,Fugitivas producción de Gas Natural,1B2bii,2,"0,05",Emisión
2747,1996,2,Emisiones fugitivas provenientes de la fabricación de combustibles,Emisiones Fugitivas,Fugitivas producción de Gas Natural,1B2bii,2,"0,06",Emisión
2748,1997,2,Emisiones fugitivas provenientes de la fabricación de combustibles,Emisiones Fugitivas,Fugitivas producción de Gas Natural,1B2bii,2,"0,07",Emisión
2749,1998,2,Emisiones fugitivas provenientes de la fabricación de combustibles,Emisiones Fugitivas,Fugitivas producción de Gas Natural,1B2bii,2,"0,07",Emisión
2750,1999,2,Emisiones fugitivas provenientes de la fabricación de combustibles,Emisiones Fugitivas,Fugitivas producción de Gas Natural,1B2bii,2,"0,07",Emisión
2751,2000,2,Emisiones fugitivas provenientes de la fabricación de combustibles,Emisiones Fugitivas,Fugitivas producción de Gas Natural,1B2bii,2,"0,08",Emisión
2752,2001,2,Emisiones fugitivas provenientes de la fabricación de combustibles,Emisiones Fugitivas,Fugitivas producción de Gas Natural,1B2bii,2,"0,09",Emisión
2753,2002,2,Emisiones fugitivas provenientes de la fabricación de combustibles,Emisiones Fugitivas,Fugitivas producción de Gas Natural,1B2bii,2,"0,08",Emisión
2754,2003,2,Emisiones fugitivas provenientes de la fabricación de combustibles,Emisiones Fugitivas,Fugitivas producción de Gas Natural,1B2bii,2,"0,09",Emisión
2755,2004,2,Emisiones fugitivas provenientes de la fabricación de combustibles,Emisiones Fugitivas,Fugitivas producción de Gas Natural,1B2bii,2,"0,09",Emisión
2756,2005,2,Emisiones fugitivas provenientes de la fabricación de combustibles,Emisiones Fugitivas,Fugitivas producción de Gas Natural,1B2bii,2,"0,09",Emisión
2757,2006,2,Emisiones fugitivas provenientes de la fabricación de combustibles,Emisiones Fugitivas,Fugitivas producción de Gas Natural,1B2bii,2,"0,09",Emisión
2758,2007,2,Emisiones fugitivas provenientes de la fabricación de combustibles,Emisiones Fugitivas,Fugitivas producción de Gas Natural,1B2bii,2,"0,09",Emisión
2759,2008,2,Emisiones fugitivas provenientes de la fabricación de combustibles,Emisiones Fugitivas,Fugitivas producción de Gas Natural,1B2bii,2,"0,09",Emisión
2760,2009,2,Emisiones fugitivas provenientes de la fabricación de combustibles,Emisiones Fugitivas,Fugitivas producción de Gas Natural,1B2bii,2,"0,1",Emisión
2761,2010,2,Emisiones fugitivas provenientes de la fabricación de combustibles,Emisiones Fugitivas,Fugitivas producción de Gas Natural,1B2bii,2,"0,1",Emisión
2762,2011,2,Emisiones fugitivas provenientes de la fabricación de combustibles,Emisiones Fugitivas,Fugitivas producción de Gas Natural,1B2bii,2,"0,1",Emisión
2763,2012,2,Emisiones fugitivas provenientes de la fabricación de combustibles,Emisiones Fugitivas,Fugitivas producción de Gas Natural,1B2bii,2,"0,1",Emisión
2764,2013,2,Emisiones fugitivas provenientes de la fabricación de combustibles,Emisiones Fugitivas,Fugitivas producción de Gas Natural,1B2bii,2,"0,09",Emisión
2765,2014,2,Emisiones fugitivas provenientes de la fabricación de combustibles,Emisiones Fugitivas,Fugitivas producción de Gas Natural,1B2bii,2,"0,09",Emisión
2766,2015,2,Emisiones fugitivas provenientes de la fabricación de combustibles,Emisiones Fugitivas,Fugitivas producción de Gas Natural,1B2bii,2,"0,1",Emisión
2767,2016,2,Emisiones fugitivas provenientes de la fabricación de combustibles,Emisiones Fugitivas,Fugitivas producción de Gas Natural,1B2bii,2,"0,1",Emisión
2768,2017,2,Emisiones fugitivas provenientes de la fabricación de combustibles,Emisiones Fugitivas,Fugitivas producción de Gas Natural,1B2bii,2,"0,1",Emisión
2769,2018,2,Emisiones fugitivas provenientes de la fabricación de combustibles,Emisiones Fugitivas,Fugitivas producción de Gas Natural,1B2bii,2,"0,11",Emisión
2770,2019,2,Emisiones fugitivas provenientes de la fabricación de combustibles,Emisiones Fugitivas,Fugitivas producción de Gas Natural,1B2bii,2,"0,11",Emisión
2771,2020,2,Emisiones fugitivas provenientes de la fabricación de combustibles,Emisiones Fugitivas,Fugitivas producción de Gas Natural,1B2bii,2,"0,11",Emisión
2772,2021,2,Emisiones fugitivas provenientes de la fabricación de combustibles,Emisiones Fugitivas,Fugitivas producción de Gas Natural,1B2bii,2,"0,11",Emisión
2773,2022,2,Emisiones fugitivas provenientes de la fabricación de combustibles,Emisiones Fugitivas,Fugitivas producción de Gas Natural,1B2bii,2,"0,11",Emisión
2774,1990,2,Emisiones fugitivas provenientes de la fabricación de combustibles,Emisiones Fugitivas,Fugitivas producción de Gas Natural,1B2bii,1,"4,7",Emisión
2775,1991,2,Emisiones fugitivas provenientes de la fabricación de combustibles,Emisiones Fugitivas,Fugitivas producción de Gas Natural,1B2bii,1,"5,03",Emisión
2776,1992,2,Emisiones fugitivas provenientes de la fabricación de combustibles,Emisiones Fugitivas,Fugitivas producción de Gas Natural,1B2bii,1,"5,11",Emisión
2777,1993,2,Emisiones fugitivas provenientes de la fabricación de combustibles,Emisiones Fugitivas,Fugitivas producción de Gas Natural,1B2bii,1,"5,44",Emisión
2778,1994,2,Emisiones fugitivas provenientes de la fabricación de combustibles,Emisiones Fugitivas,Fugitivas producción de Gas Natural,1B2bii,1,"5,65",Emisión
2779,1995,2,Emisiones fugitivas provenientes de la fabricación de combustibles,Emisiones Fugitivas,Fugitivas producción de Gas Natural,1B2bii,1,"6,21",Emisión
2780,1996,2,Emisiones fugitivas provenientes de la fabricación de combustibles,Emisiones Fugitivas,Fugitivas producción de Gas Natural,1B2bii,1,"7,08",Emisión
2781,1997,2,Emisiones fugitivas provenientes de la fabricación de combustibles,Emisiones Fugitivas,Fugitivas producción de Gas Natural,1B2bii,1,"7,57",Emisión
2782,1998,2,Emisiones fugitivas provenientes de la fabricación de combustibles,Emisiones Fugitivas,Fugitivas producción de Gas Natural,1B2bii,1,"7,89",Emisión
2783,1999,2,Emisiones fugitivas provenientes de la fabricación de combustibles,Emisiones Fugitivas,Fugitivas producción de Gas Natural,1B2bii,1,"8,32",Emisión
2784,2000,2,Emisiones fugitivas provenientes de la fabricación de combustibles,Emisiones Fugitivas,Fugitivas producción de Gas Natural,1B2bii,1,"9,23",Emisión
2785,2001,2,Emisiones fugitivas provenientes de la fabricación de combustibles,Emisiones Fugitivas,Fugitivas producción de Gas Natural,1B2bii,1,"9,81",Emisión
2786,2002,2,Emisiones fugitivas provenientes de la fabricación de combustibles,Emisiones Fugitivas,Fugitivas producción de Gas Natural,1B2bii,1,"9,48",Emisión
2787,2003,2,Emisiones fugitivas provenientes de la fabricación de combustibles,Emisiones Fugitivas,Fugitivas producción de Gas Natural,1B2bii,1,"10,4",Emisión
2788,2004,2,Emisiones fugitivas provenientes de la fabricación de combustibles,Emisiones Fugitivas,Fugitivas producción de Gas Natural,1B2bii,1,"10,65",Emisión
2789,2005,2,Emisiones fugitivas provenientes de la fabricación de combustibles,Emisiones Fugitivas,Fugitivas producción de Gas Natural,1B2bii,1,"10,47",Emisión
2790,2006,2,Emisiones fugitivas provenientes de la fabricación de combustibles,Emisiones Fugitivas,Fugitivas producción de Gas Natural,1B2bii,1,"10,54",Emisión
2791,2007,2,Emisiones fugitivas provenientes de la fabricación de combustibles,Emisiones Fugitivas,Fugitivas producción de Gas Natural,1B2bii,1,"10,4",Emisión
2792,2008,2,Emisiones fugitivas provenientes de la fabricación de combustibles,Emisiones Fugitivas,Fugitivas producción de Gas Natural,1B2bii,1,"10,31",Emisión
2793,2009,2,Emisiones fugitivas provenientes de la fabricación de combustibles,Emisiones Fugitivas,Fugitivas producción de Gas Natural,1B2bii,1,"9,35",Emisión
2794,2010,2,Emisiones fugitivas provenientes de la fabricación de combustibles,Emisiones Fugitivas,Fugitivas producción de Gas Natural,1B2bii,1,"8,97",Emisión
2795,2011,2,Emisiones fugitivas provenientes de la fabricación de combustibles,Emisiones Fugitivas,Fugitivas producción de Gas Natural,1B2bii,1,"8,58",Emisión
2796,2012,2,Emisiones fugitivas provenientes de la fabricación de combustibles,Emisiones Fugitivas,Fugitivas producción de Gas Natural,1B2bii,1,"8,2",Emisión
2797,2013,2,Emisiones fugitivas provenientes de la fabricación de combustibles,Emisiones Fugitivas,Fugitivas producción de Gas Natural,1B2bii,1,"7,72",Emisión
2798,2014,2,Emisiones fugitivas provenientes de la fabricación de combustibles,Emisiones Fugitivas,Fugitivas producción de Gas Natural,1B2bii,1,"7,69",Emisión
2799,2015,2,Emisiones fugitivas provenientes de la fabricación de combustibles,Emisiones Fugitivas,Fugitivas producción de Gas Natural,1B2bii,1,"7,97",Emisión
2800,2016,2,Emisiones fugitivas provenientes de la fabricación de combustibles,Emisiones Fugitivas,Fugitivas producción de Gas Natural,1B2bii,1,"8,24",Emisión
2801,2017,2,Emisiones fugitivas provenientes de la fabricación de combustibles,Emisiones Fugitivas,Fugitivas producción de Gas Natural,1B2bii,1,"8,13",Emisión
2802,2018,2,Emisiones fugitivas provenientes de la fabricación de combustibles,Emisiones Fugitivas,Fugitivas producción de Gas Natural,1B2bii,1,"8,57",Emisión
2803,2019,2,Emisiones fugitivas provenientes de la fabricación de combustibles,Emisiones Fugitivas,Fugitivas producción de Gas Natural,1B2bii,1,"9,01",Emisión
2804,2020,2,Emisiones fugitivas provenientes de la fabricación de combustibles,Emisiones Fugitivas,Fugitivas producción de Gas Natural,1B2bii,1,"8,17",Emisión
2805,2021,2,Emisiones fugitivas provenientes de la fabricación de combustibles,Emisiones Fugitivas,Fugitivas producción de Gas Natural,1B2bii,1,"8,27",Emisión
2806,2022,2,Emisiones fugitivas provenientes de la fabricación de combustibles,Emisiones Fugitivas,Fugitivas producción de Gas Natural,1B2bii,1,"9,0",Emisión
2807,1990,2,Emisiones fugitivas provenientes de la fabricación de combustibles,Emisiones Fugitivas,Fugitivas producción de Gas Natural,1B2biii,2,"0,0",Sin emisión/remoción
2808,1991,2,Emisiones fugitivas provenientes de la fabricación de combustibles,Emisiones Fugitivas,Fugitivas producción de Gas Natural,1B2biii,2,"0,0",Sin emisión/remoción
2809,1992,2,Emisiones fugitivas provenientes de la fabricación de combustibles,Emisiones Fugitivas,Fugitivas producción de Gas Natural,1B2biii,2,"0,0",Sin emisión/remoción
2810,1993,2,Emisiones fugitivas provenientes de la fabricación de combustibles,Emisiones Fugitivas,Fugitivas producción de Gas Natural,1B2biii,2,"0,0",Sin emisión/remoción
2811,1994,2,Emisiones fugitivas provenientes de la fabricación de combustibles,Emisiones Fugitivas,Fugitivas producción de Gas Natural,1B2biii,2,"0,0",Sin emisión/remoción
2812,1995,2,Emisiones fugitivas provenientes de la fabricación de combustibles,Emisiones Fugitivas,Fugitivas producción de Gas Natural,1B2biii,2,"0,0",Sin emisión/remoción
2813,1996,2,Emisiones fugitivas provenientes de la fabricación de combustibles,Emisiones Fugitivas,Fugitivas producción de Gas Natural,1B2biii,2,"0,0",Sin emisión/remoción
2814,1997,2,Emisiones fugitivas provenientes de la fabricación de combustibles,Emisiones Fugitivas,Fugitivas producción de Gas Natural,1B2biii,2,"0,0",Sin emisión/remoción
2815,1998,2,Emisiones fugitivas provenientes de la fabricación de combustibles,Emisiones Fugitivas,Fugitivas producción de Gas Natural,1B2biii,2,"0,0",Sin emisión/remoción
2816,1999,2,Emisiones fugitivas provenientes de la fabricación de combustibles,Emisiones Fugitivas,Fugitivas producción de Gas Natural,1B2biii,2,"0,0",Sin emisión/remoción
2817,2000,2,Emisiones fugitivas provenientes de la fabricación de combustibles,Emisiones Fugitivas,Fugitivas producción de Gas Natural,1B2biii,2,"0,0",Sin emisión/remoción
2818,2001,2,Emisiones fugitivas provenientes de la fabricación de combustibles,Emisiones Fugitivas,Fugitivas producción de Gas Natural,1B2biii,2,"0,01",Emisión
2819,2002,2,Emisiones fugitivas provenientes de la fabricación de combustibles,Emisiones Fugitivas,Fugitivas producción de Gas Natural,1B2biii,2,"0,01",Emisión
2820,2003,2,Emisiones fugitivas provenientes de la fabricación de combustibles,Emisiones Fugitivas,Fugitivas producción de Gas Natural,1B2biii,2,"0,01",Emisión
2821,2004,2,Emisiones fugitivas provenientes de la fabricación de combustibles,Emisiones Fugitivas,Fugitivas producción de Gas Natural,1B2biii,2,"0,01",Emisión
2822,2005,2,Emisiones fugitivas provenientes de la fabricación de combustibles,Emisiones Fugitivas,Fugitivas producción de Gas Natural,1B2biii,2,"0,01",Emisión
2823,2006,2,Emisiones fugitivas provenientes de la fabricación de combustibles,Emisiones Fugitivas,Fugitivas producción de Gas Natural,1B2biii,2,"0,01",Emisión
2824,2007,2,Emisiones fugitivas provenientes de la fabricación de combustibles,Emisiones Fugitivas,Fugitivas producción de Gas Natural,1B2biii,2,"0,01",Emisión
2825,2008,2,Emisiones fugitivas provenientes de la fabricación de combustibles,Emisiones Fugitivas,Fugitivas producción de Gas Natural,1B2biii,2,"0,01",Emisión
2826,2009,2,Emisiones fugitivas provenientes de la fabricación de combustibles,Emisiones Fugitivas,Fugitivas producción de Gas Natural,1B2biii,2,"0,01",Emisión
2827,2010,2,Emisiones fugitivas provenientes de la fabricación de combustibles,Emisiones Fugitivas,Fugitivas producción de Gas Natural,1B2biii,2,"0,01",Emisión
2828,2011,2,Emisiones fugitivas provenientes de la fabricación de combustibles,Emisiones Fugitivas,Fugitivas producción de Gas Natural,1B2biii,2,"0,01",Emisión
2829,2012,2,Emisiones fugitivas provenientes de la fabricación de combustibles,Emisiones Fugitivas,Fugitivas producción de Gas Natural,1B2biii,2,"0,0",Sin emisión/remoción
2830,2013,2,Emisiones fugitivas provenientes de la fabricación de combustibles,Emisiones Fugitivas,Fugitivas producción de Gas Natural,1B2biii,2,"0,0",Sin emisión/remoción
2831,2014,2,Emisiones fugitivas provenientes de la fabricación de combustibles,Emisiones Fugitivas,Fugitivas producción de Gas Natural,1B2biii,2,"0,0",Sin emisión/remoción
2832,2015,2,Emisiones fugitivas provenientes de la fabricación de combustibles,Emisiones Fugitivas,Fugitivas producción de Gas Natural,1B2biii,2,"0,0",Sin emisión/remoción
2833,2016,2,Emisiones fugitivas provenientes de la fabricación de combustibles,Emisiones Fugitivas,Fugitivas producción de Gas Natural,1B2biii,2,"0,0",Sin emisión/remoción
2834,2017,2,Emisiones fugitivas provenientes de la fabricación de combustibles,Emisiones Fugitivas,Fugitivas producción de Gas Natural,1B2biii,2,"0,0",Sin emisión/remoción
2835,2018,2,Emisiones fugitivas provenientes de la fabricación de combustibles,Emisiones Fugitivas,Fugitivas producción de Gas Natural,1B2biii,2,"0,01",Emisión
2836,2019,2,Emisiones fugitivas provenientes de la fabricación de combustibles,Emisiones Fugitivas,Fugitivas producción de Gas Natural,1B2biii,2,"0,01",Emisión
2837,2020,2,Emisiones fugitivas provenientes de la fabricación de combustibles,Emisiones Fugitivas,Fugitivas producción de Gas Natural,1B2biii,2,"0,0",Sin emisión/remoción
2838,2021,2,Emisiones fugitivas provenientes de la fabricación de combustibles,Emisiones Fugitivas,Fugitivas producción de Gas Natural,1B2biii,2,"0,0",Sin emisión/remoción
2839,2022,2,Emisiones fugitivas provenientes de la fabricación de combustibles,Emisiones Fugitivas,Fugitivas producción de Gas Natural,1B2biii,2,"0,01",Emisión
2840,1990,2,Emisiones fugitivas provenientes de la fabricación de combustibles,Emisiones Fugitivas,Fugitivas producción de Gas Natural,1B2biii,1,"1,06",Emisión
2841,1991,2,Emisiones fugitivas provenientes de la fabricación de combustibles,Emisiones Fugitivas,Fugitivas producción de Gas Natural,1B2biii,1,"1,14",Emisión
2842,1992,2,Emisiones fugitivas provenientes de la fabricación de combustibles,Emisiones Fugitivas,Fugitivas producción de Gas Natural,1B2biii,1,"1,16",Emisión
2843,1993,2,Emisiones fugitivas provenientes de la fabricación de combustibles,Emisiones Fugitivas,Fugitivas producción de Gas Natural,1B2biii,1,"1,23",Emisión
2844,1994,2,Emisiones fugitivas provenientes de la fabricación de combustibles,Emisiones Fugitivas,Fugitivas producción de Gas Natural,1B2biii,1,"1,28",Emisión
2845,1995,2,Emisiones fugitivas provenientes de la fabricación de combustibles,Emisiones Fugitivas,Fugitivas producción de Gas Natural,1B2biii,1,"1,41",Emisión
2846,1996,2,Emisiones fugitivas provenientes de la fabricación de combustibles,Emisiones Fugitivas,Fugitivas producción de Gas Natural,1B2biii,1,"1,6",Emisión
2847,1997,2,Emisiones fugitivas provenientes de la fabricación de combustibles,Emisiones Fugitivas,Fugitivas producción de Gas Natural,1B2biii,1,"1,71",Emisión
2848,1998,2,Emisiones fugitivas provenientes de la fabricación de combustibles,Emisiones Fugitivas,Fugitivas producción de Gas Natural,1B2biii,1,"1,78",Emisión
2849,1999,2,Emisiones fugitivas provenientes de la fabricación de combustibles,Emisiones Fugitivas,Fugitivas producción de Gas Natural,1B2biii,1,"1,88",Emisión
2850,2000,2,Emisiones fugitivas provenientes de la fabricación de combustibles,Emisiones Fugitivas,Fugitivas producción de Gas Natural,1B2biii,1,"2,09",Emisión
2851,2001,2,Emisiones fugitivas provenientes de la fabricación de combustibles,Emisiones Fugitivas,Fugitivas producción de Gas Natural,1B2biii,1,"2,22",Emisión
2852,2002,2,Emisiones fugitivas provenientes de la fabricación de combustibles,Emisiones Fugitivas,Fugitivas producción de Gas Natural,1B2biii,1,"2,15",Emisión
2853,2003,2,Emisiones fugitivas provenientes de la fabricación de combustibles,Emisiones Fugitivas,Fugitivas producción de Gas Natural,1B2biii,1,"2,35",Emisión
2854,2004,2,Emisiones fugitivas provenientes de la fabricación de combustibles,Emisiones Fugitivas,Fugitivas producción de Gas Natural,1B2biii,1,"2,41",Emisión
2855,2005,2,Emisiones fugitivas provenientes de la fabricación de combustibles,Emisiones Fugitivas,Fugitivas producción de Gas Natural,1B2biii,1,"2,37",Emisión
2856,2006,2,Emisiones fugitivas provenientes de la fabricación de combustibles,Emisiones Fugitivas,Fugitivas producción de Gas Natural,1B2biii,1,"2,39",Emisión
2857,2007,2,Emisiones fugitivas provenientes de la fabricación de combustibles,Emisiones Fugitivas,Fugitivas producción de Gas Natural,1B2biii,1,"2,35",Emisión
2858,2008,2,Emisiones fugitivas provenientes de la fabricación de combustibles,Emisiones Fugitivas,Fugitivas producción de Gas Natural,1B2biii,1,"2,33",Emisión
2859,2009,2,Emisiones fugitivas provenientes de la fabricación de combustibles,Emisiones Fugitivas,Fugitivas producción de Gas Natural,1B2biii,1,"2,24",Emisión
2860,2010,2,Emisiones fugitivas provenientes de la fabricación de combustibles,Emisiones Fugitivas,Fugitivas producción de Gas Natural,1B2biii,1,"2,18",Emisión
2861,2011,2,Emisiones fugitivas provenientes de la fabricación de combustibles,Emisiones Fugitivas,Fugitivas producción de Gas Natural,1B2biii,1,"2,1",Emisión
2862,2012,2,Emisiones fugitivas provenientes de la fabricación de combustibles,Emisiones Fugitivas,Fugitivas producción de Gas Natural,1B2biii,1,"2,04",Emisión
2863,2013,2,Emisiones fugitivas provenientes de la fabricación de combustibles,Emisiones Fugitivas,Fugitivas producción de Gas Natural,1B2biii,1,"1,93",Emisión
2864,2014,2,Emisiones fugitivas provenientes de la fabricación de combustibles,Emisiones Fugitivas,Fugitivas producción de Gas Natural,1B2biii,1,"1,92",Emisión
2865,2015,2,Emisiones fugitivas provenientes de la fabricación de combustibles,Emisiones Fugitivas,Fugitivas producción de Gas Natural,1B2biii,1,"1,98",Emisión
2866,2016,2,Emisiones fugitivas provenientes de la fabricación de combustibles,Emisiones Fugitivas,Fugitivas producción de Gas Natural,1B2biii,1,"2,08",Emisión
2867,2017,2,Emisiones fugitivas provenientes de la fabricación de combustibles,Emisiones Fugitivas,Fugitivas producción de Gas Natural,1B2biii,1,"2,06",Emisión
2868,2018,2,Emisiones fugitivas provenientes de la fabricación de combustibles,Emisiones Fugitivas,Fugitivas producción de Gas Natural,1B2biii,1,"2,17",Emisión
2869,2019,2,Emisiones fugitivas provenientes de la fabricación de combustibles,Emisiones Fugitivas,Fugitivas producción de Gas Natural,1B2biii,1,"2,28",Emisión
2870,2020,2,Emisiones fugitivas provenientes de la fabricación de combustibles,Emisiones Fugitivas,Fugitivas producción de Gas Natural,1B2biii,1,"2,08",Emisión
2871,2021,2,Emisiones fugitivas provenientes de la fabricación de combustibles,Emisiones Fugitivas,Fugitivas producción de Gas Natural,1B2biii,1,"2,09",Emisión
2872,2022,2,Emisiones fugitivas provenientes de la fabricación de combustibles,Emisiones Fugitivas,Fugitivas producción de Gas Natural,1B2biii,1,"2,24",Emisión
2873,1990,2,Emisiones fugitivas provenientes de la fabricación de combustibles,Emisiones Fugitivas,Fugitivas producción de Gas Natural,1B2biv,2,"0,01",Emisión
2874,1991,2,Emisiones fugitivas provenientes de la fabricación de combustibles,Emisiones Fugitivas,Fugitivas producción de Gas Natural,1B2biv,2,"0,01",Emisión
2875,1992,2,Emisiones fugitivas provenientes de la fabricación de combustibles,Emisiones Fugitivas,Fugitivas producción de Gas Natural,1B2biv,2,"0,01",Emisión
2876,1993,2,Emisiones fugitivas provenientes de la fabricación de combustibles,Emisiones Fugitivas,Fugitivas producción de Gas Natural,1B2biv,2,"0,01",Emisión
2877,1994,2,Emisiones fugitivas provenientes de la fabricación de combustibles,Emisiones Fugitivas,Fugitivas producción de Gas Natural,1B2biv,2,"0,01",Emisión
2878,1995,2,Emisiones fugitivas provenientes de la fabricación de combustibles,Emisiones Fugitivas,Fugitivas producción de Gas Natural,1B2biv,2,"0,01",Emisión
2879,1996,2,Emisiones fugitivas provenientes de la fabricación de combustibles,Emisiones Fugitivas,Fugitivas producción de Gas Natural,1B2biv,2,"0,01",Emisión
2880,1997,2,Emisiones fugitivas provenientes de la fabricación de combustibles,Emisiones Fugitivas,Fugitivas producción de Gas Natural,1B2biv,2,"0,01",Emisión
2881,1998,2,Emisiones fugitivas provenientes de la fabricación de combustibles,Emisiones Fugitivas,Fugitivas producción de Gas Natural,1B2biv,2,"0,01",Emisión
2882,1999,2,Emisiones fugitivas provenientes de la fabricación de combustibles,Emisiones Fugitivas,Fugitivas producción de Gas Natural,1B2biv,2,"0,01",Emisión
2883,2000,2,Emisiones fugitivas provenientes de la fabricación de combustibles,Emisiones Fugitivas,Fugitivas producción de Gas Natural,1B2biv,2,"0,01",Emisión
2884,2001,2,Emisiones fugitivas provenientes de la fabricación de combustibles,Emisiones Fugitivas,Fugitivas producción de Gas Natural,1B2biv,2,"0,01",Emisión
2885,2002,2,Emisiones fugitivas provenientes de la fabricación de combustibles,Emisiones Fugitivas,Fugitivas producción de Gas Natural,1B2biv,2,"0,01",Emisión
2886,2003,2,Emisiones fugitivas provenientes de la fabricación de combustibles,Emisiones Fugitivas,Fugitivas producción de Gas Natural,1B2biv,2,"0,01",Emisión
2887,2004,2,Emisiones fugitivas provenientes de la fabricación de combustibles,Emisiones Fugitivas,Fugitivas producción de Gas Natural,1B2biv,2,"0,02",Emisión
2888,2005,2,Emisiones fugitivas provenientes de la fabricación de combustibles,Emisiones Fugitivas,Fugitivas producción de Gas Natural,1B2biv,2,"0,01",Emisión
2889,2006,2,Emisiones fugitivas provenientes de la fabricación de combustibles,Emisiones Fugitivas,Fugitivas producción de Gas Natural,1B2biv,2,"0,01",Emisión
2890,2007,2,Emisiones fugitivas provenientes de la fabricación de combustibles,Emisiones Fugitivas,Fugitivas producción de Gas Natural,1B2biv,2,"0,01",Emisión
2891,2008,2,Emisiones fugitivas provenientes de la fabricación de combustibles,Emisiones Fugitivas,Fugitivas producción de Gas Natural,1B2biv,2,"0,01",Emisión
2892,2009,2,Emisiones fugitivas provenientes de la fabricación de combustibles,Emisiones Fugitivas,Fugitivas producción de Gas Natural,1B2biv,2,"0,01",Emisión
2893,2010,2,Emisiones fugitivas provenientes de la fabricación de combustibles,Emisiones Fugitivas,Fugitivas producción de Gas Natural,1B2biv,2,"0,01",Emisión
2894,2011,2,Emisiones fugitivas provenientes de la fabricación de combustibles,Emisiones Fugitivas,Fugitivas producción de Gas Natural,1B2biv,2,"0,01",Emisión
2895,2012,2,Emisiones fugitivas provenientes de la fabricación de combustibles,Emisiones Fugitivas,Fugitivas producción de Gas Natural,1B2biv,2,"0,01",Emisión
2896,2013,2,Emisiones fugitivas provenientes de la fabricación de combustibles,Emisiones Fugitivas,Fugitivas producción de Gas Natural,1B2biv,2,"0,01",Emisión
2897,2014,2,Emisiones fugitivas provenientes de la fabricación de combustibles,Emisiones Fugitivas,Fugitivas producción de Gas Natural,1B2biv,2,"0,01",Emisión
2898,2015,2,Emisiones fugitivas provenientes de la fabricación de combustibles,Emisiones Fugitivas,Fugitivas producción de Gas Natural,1B2biv,2,"0,01",Emisión
2899,2016,2,Emisiones fugitivas provenientes de la fabricación de combustibles,Emisiones Fugitivas,Fugitivas producción de Gas Natural,1B2biv,2,"0,01",Emisión
2900,2017,2,Emisiones fugitivas provenientes de la fabricación de combustibles,Emisiones Fugitivas,Fugitivas producción de Gas Natural,1B2biv,2,"0,01",Emisión
2901,2018,2,Emisiones fugitivas provenientes de la fabricación de combustibles,Emisiones Fugitivas,Fugitivas producción de Gas Natural,1B2biv,2,"0,01",Emisión
2902,2019,2,Emisiones fugitivas provenientes de la fabricación de combustibles,Emisiones Fugitivas,Fugitivas producción de Gas Natural,1B2biv,2,"0,01",Emisión
2903,2020,2,Emisiones fugitivas provenientes de la fabricación de combustibles,Emisiones Fugitivas,Fugitivas producción de Gas Natural,1B2biv,2,"0,01",Emisión
2904,2021,2,Emisiones fugitivas provenientes de la fabricación de combustibles,Emisiones Fugitivas,Fugitivas producción de Gas Natural,1B2biv,2,"0,01",Emisión
2905,2022,2,Emisiones fugitivas provenientes de la fabricación de combustibles,Emisiones Fugitivas,Fugitivas producción de Gas Natural,1B2biv,2,"0,01",Emisión
2906,1990,2,Emisiones fugitivas provenientes de la fabricación de combustibles,Emisiones Fugitivas,Fugitivas producción de Gas Natural,1B2biv,1,"2,6",Emisión
2907,1991,2,Emisiones fugitivas provenientes de la fabricación de combustibles,Emisiones Fugitivas,Fugitivas producción de Gas Natural,1B2biv,1,"2,78",Emisión
2908,1992,2,Emisiones fugitivas provenientes de la fabricación de combustibles,Emisiones Fugitivas,Fugitivas producción de Gas Natural,1B2biv,1,"2,83",Emisión
2909,1993,2,Emisiones fugitivas provenientes de la fabricación de combustibles,Emisiones Fugitivas,Fugitivas producción de Gas Natural,1B2biv,1,"3,01",Emisión
2910,1994,2,Emisiones fugitivas provenientes de la fabricación de combustibles,Emisiones Fugitivas,Fugitivas producción de Gas Natural,1B2biv,1,"3,13",Emisión
2911,1995,2,Emisiones fugitivas provenientes de la fabricación de combustibles,Emisiones Fugitivas,Fugitivas producción de Gas Natural,1B2biv,1,"3,43",Emisión
2912,1996,2,Emisiones fugitivas provenientes de la fabricación de combustibles,Emisiones Fugitivas,Fugitivas producción de Gas Natural,1B2biv,1,"3,91",Emisión
2913,1997,2,Emisiones fugitivas provenientes de la fabricación de combustibles,Emisiones Fugitivas,Fugitivas producción de Gas Natural,1B2biv,1,"4,18",Emisión
2914,1998,2,Emisiones fugitivas provenientes de la fabricación de combustibles,Emisiones Fugitivas,Fugitivas producción de Gas Natural,1B2biv,1,"4,36",Emisión
2915,1999,2,Emisiones fugitivas provenientes de la fabricación de combustibles,Emisiones Fugitivas,Fugitivas producción de Gas Natural,1B2biv,1,"4,6",Emisión
2916,2000,2,Emisiones fugitivas provenientes de la fabricación de combustibles,Emisiones Fugitivas,Fugitivas producción de Gas Natural,1B2biv,1,"5,1",Emisión
2917,2001,2,Emisiones fugitivas provenientes de la fabricación de combustibles,Emisiones Fugitivas,Fugitivas producción de Gas Natural,1B2biv,1,"5,42",Emisión
2918,2002,2,Emisiones fugitivas provenientes de la fabricación de combustibles,Emisiones Fugitivas,Fugitivas producción de Gas Natural,1B2biv,1,"5,24",Emisión
2919,2003,2,Emisiones fugitivas provenientes de la fabricación de combustibles,Emisiones Fugitivas,Fugitivas producción de Gas Natural,1B2biv,1,"5,75",Emisión
2920,2004,2,Emisiones fugitivas provenientes de la fabricación de combustibles,Emisiones Fugitivas,Fugitivas producción de Gas Natural,1B2biv,1,"5,89",Emisión
2921,2005,2,Emisiones fugitivas provenientes de la fabricación de combustibles,Emisiones Fugitivas,Fugitivas producción de Gas Natural,1B2biv,1,"5,79",Emisión
2922,2006,2,Emisiones fugitivas provenientes de la fabricación de combustibles,Emisiones Fugitivas,Fugitivas producción de Gas Natural,1B2biv,1,"5,83",Emisión
2923,2007,2,Emisiones fugitivas provenientes de la fabricación de combustibles,Emisiones Fugitivas,Fugitivas producción de Gas Natural,1B2biv,1,"5,75",Emisión
2924,2008,2,Emisiones fugitivas provenientes de la fabricación de combustibles,Emisiones Fugitivas,Fugitivas producción de Gas Natural,1B2biv,1,"5,7",Emisión
2925,2009,2,Emisiones fugitivas provenientes de la fabricación de combustibles,Emisiones Fugitivas,Fugitivas producción de Gas Natural,1B2biv,1,"5,46",Emisión
2926,2010,2,Emisiones fugitivas provenientes de la fabricación de combustibles,Emisiones Fugitivas,Fugitivas producción de Gas Natural,1B2biv,1,"5,32",Emisión
2927,2011,2,Emisiones fugitivas provenientes de la fabricación de combustibles,Emisiones Fugitivas,Fugitivas producción de Gas Natural,1B2biv,1,"5,14",Emisión
2928,2012,2,Emisiones fugitivas provenientes de la fabricación de combustibles,Emisiones Fugitivas,Fugitivas producción de Gas Natural,1B2biv,1,"4,98",Emisión
2929,2013,2,Emisiones fugitivas provenientes de la fabricación de combustibles,Emisiones Fugitivas,Fugitivas producción de Gas Natural,1B2biv,1,"4,71",Emisión
2930,2014,2,Emisiones fugitivas provenientes de la fabricación de combustibles,Emisiones Fugitivas,Fugitivas producción de Gas Natural,1B2biv,1,"4,68",Emisión
2931,2015,2,Emisiones fugitivas provenientes de la fabricación de combustibles,Emisiones Fugitivas,Fugitivas producción de Gas Natural,1B2biv,1,"4,84",Emisión
2932,2016,2,Emisiones fugitivas provenientes de la fabricación de combustibles,Emisiones Fugitivas,Fugitivas producción de Gas Natural,1B2biv,1,"5,08",Emisión
2933,2017,2,Emisiones fugitivas provenientes de la fabricación de combustibles,Emisiones Fugitivas,Fugitivas producción de Gas Natural,1B2biv,1,"5,04",Emisión
2934,2018,2,Emisiones fugitivas provenientes de la fabricación de combustibles,Emisiones Fugitivas,Fugitivas producción de Gas Natural,1B2biv,1,"5,31",Emisión
2935,2019,2,Emisiones fugitivas provenientes de la fabricación de combustibles,Emisiones Fugitivas,Fugitivas producción de Gas Natural,1B2biv,1,"5,57",Emisión
2936,2020,2,Emisiones fugitivas provenientes de la fabricación de combustibles,Emisiones Fugitivas,Fugitivas producción de Gas Natural,1B2biv,1,"5,09",Emisión
2937,2021,2,Emisiones fugitivas provenientes de la fabricación de combustibles,Emisiones Fugitivas,Fugitivas producción de Gas Natural,1B2biv,1,"5,11",Emisión
2938,2022,2,Emisiones fugitivas provenientes de la fabricación de combustibles,Emisiones Fugitivas,Fugitivas producción de Gas Natural,1B2biv,1,"5,47",Emisión
2939,1990,2,Emisiones fugitivas provenientes de la fabricación de combustibles,Emisiones Fugitivas,Fugitivas producción de Gas Natural,1B2bv,2,"0,0",Sin emisión/remoción
2940,1991,2,Emisiones fugitivas provenientes de la fabricación de combustibles,Emisiones Fugitivas,Fugitivas producción de Gas Natural,1B2bv,2,"0,0",Sin emisión/remoción
2941,1992,2,Emisiones fugitivas provenientes de la fabricación de combustibles,Emisiones Fugitivas,Fugitivas producción de Gas Natural,1B2bv,2,"0,0",Sin emisión/remoción
2942,1993,2,Emisiones fugitivas provenientes de la fabricación de combustibles,Emisiones Fugitivas,Fugitivas producción de Gas Natural,1B2bv,2,"0,0",Sin emisión/remoción
2943,1994,2,Emisiones fugitivas provenientes de la fabricación de combustibles,Emisiones Fugitivas,Fugitivas producción de Gas Natural,1B2bv,2,"0,0",Sin emisión/remoción
2944,1995,2,Emisiones fugitivas provenientes de la fabricación de combustibles,Emisiones Fugitivas,Fugitivas producción de Gas Natural,1B2bv,2,"0,0",Sin emisión/remoción
2945,1996,2,Emisiones fugitivas provenientes de la fabricación de combustibles,Emisiones Fugitivas,Fugitivas producción de Gas Natural,1B2bv,2,"0,0",Sin emisión/remoción
2946,1997,2,Emisiones fugitivas provenientes de la fabricación de combustibles,Emisiones Fugitivas,Fugitivas producción de Gas Natural,1B2bv,2,"0,0",Sin emisión/remoción
2947,1998,2,Emisiones fugitivas provenientes de la fabricación de combustibles,Emisiones Fugitivas,Fugitivas producción de Gas Natural,1B2bv,2,"0,0",Sin emisión/remoción
2948,1999,2,Emisiones fugitivas provenientes de la fabricación de combustibles,Emisiones Fugitivas,Fugitivas producción de Gas Natural,1B2bv,2,"0,0",Sin emisión/remoción
2949,2000,2,Emisiones fugitivas provenientes de la fabricación de combustibles,Emisiones Fugitivas,Fugitivas producción de Gas Natural,1B2bv,2,"0,0",Sin emisión/remoción
2950,2001,2,Emisiones fugitivas provenientes de la fabricación de combustibles,Emisiones Fugitivas,Fugitivas producción de Gas Natural,1B2bv,2,"0,0",Sin emisión/remoción
2951,2002,2,Emisiones fugitivas provenientes de la fabricación de combustibles,Emisiones Fugitivas,Fugitivas producción de Gas Natural,1B2bv,2,"0,0",Sin emisión/remoción
2952,2003,2,Emisiones fugitivas provenientes de la fabricación de combustibles,Emisiones Fugitivas,Fugitivas producción de Gas Natural,1B2bv,2,"0,0",Sin emisión/remoción
2953,2004,2,Emisiones fugitivas provenientes de la fabricación de combustibles,Emisiones Fugitivas,Fugitivas producción de Gas Natural,1B2bv,2,"0,0",Sin emisión/remoción
2954,2005,2,Emisiones fugitivas provenientes de la fabricación de combustibles,Emisiones Fugitivas,Fugitivas producción de Gas Natural,1B2bv,2,"0,0",Sin emisión/remoción
2955,2006,2,Emisiones fugitivas provenientes de la fabricación de combustibles,Emisiones Fugitivas,Fugitivas producción de Gas Natural,1B2bv,2,"0,0",Sin emisión/remoción
2956,2007,2,Emisiones fugitivas provenientes de la fabricación de combustibles,Emisiones Fugitivas,Fugitivas producción de Gas Natural,1B2bv,2,"0,0",Sin emisión/remoción
2957,2008,2,Emisiones fugitivas provenientes de la fabricación de combustibles,Emisiones Fugitivas,Fugitivas producción de Gas Natural,1B2bv,2,"0,0",Sin emisión/remoción
2958,2009,2,Emisiones fugitivas provenientes de la fabricación de combustibles,Emisiones Fugitivas,Fugitivas producción de Gas Natural,1B2bv,2,"0,0",Sin emisión/remoción
2959,2010,2,Emisiones fugitivas provenientes de la fabricación de combustibles,Emisiones Fugitivas,Fugitivas producción de Gas Natural,1B2bv,2,"0,0",Sin emisión/remoción
2960,2011,2,Emisiones fugitivas provenientes de la fabricación de combustibles,Emisiones Fugitivas,Fugitivas producción de Gas Natural,1B2bv,2,"0,0",Sin emisión/remoción
2961,2012,2,Emisiones fugitivas provenientes de la fabricación de combustibles,Emisiones Fugitivas,Fugitivas producción de Gas Natural,1B2bv,2,"0,0",Sin emisión/remoción
2962,2013,2,Emisiones fugitivas provenientes de la fabricación de combustibles,Emisiones Fugitivas,Fugitivas producción de Gas Natural,1B2bv,2,"0,0",Sin emisión/remoción
2963,2014,2,Emisiones fugitivas provenientes de la fabricación de combustibles,Emisiones Fugitivas,Fugitivas producción de Gas Natural,1B2bv,2,"0,0",Sin emisión/remoción
2964,2015,2,Emisiones fugitivas provenientes de la fabricación de combustibles,Emisiones Fugitivas,Fugitivas producción de Gas Natural,1B2bv,2,"0,0",Sin emisión/remoción
2965,2016,2,Emisiones fugitivas provenientes de la fabricación de combustibles,Emisiones Fugitivas,Fugitivas producción de Gas Natural,1B2bv,2,"0,0",Sin emisión/remoción
2966,2017,2,Emisiones fugitivas provenientes de la fabricación de combustibles,Emisiones Fugitivas,Fugitivas producción de Gas Natural,1B2bv,2,"0,0",Sin emisión/remoción
2967,2018,2,Emisiones fugitivas provenientes de la fabricación de combustibles,Emisiones Fugitivas,Fugitivas producción de Gas Natural,1B2bv,2,"0,0",Sin emisión/remoción
2968,2019,2,Emisiones fugitivas provenientes de la fabricación de combustibles,Emisiones Fugitivas,Fugitivas producción de Gas Natural,1B2bv,2,"0,0",Sin emisión/remoción
2969,2020,2,Emisiones fugitivas provenientes de la fabricación de combustibles,Emisiones Fugitivas,Fugitivas producción de Gas Natural,1B2bv,2,"0,0",Sin emisión/remoción
2970,2021,2,Emisiones fugitivas provenientes de la fabricación de combustibles,Emisiones Fugitivas,Fugitivas producción de Gas Natural,1B2bv,2,"0,0",Sin emisión/remoción
2971,2022,2,Emisiones fugitivas provenientes de la fabricación de combustibles,Emisiones Fugitivas,Fugitivas producción de Gas Natural,1B2bv,2,"0,0",Sin emisión/remoción
2972,1990,2,Emisiones fugitivas provenientes de la fabricación de combustibles,Emisiones Fugitivas,Fugitivas producción de Gas Natural,1B2bv,1,"1,03",Emisión
2973,1991,2,Emisiones fugitivas provenientes de la fabricación de combustibles,Emisiones Fugitivas,Fugitivas producción de Gas Natural,1B2bv,1,"1,04",Emisión
2974,1992,2,Emisiones fugitivas provenientes de la fabricación de combustibles,Emisiones Fugitivas,Fugitivas producción de Gas Natural,1B2bv,1,"1,16",Emisión
2975,1993,2,Emisiones fugitivas provenientes de la fabricación de combustibles,Emisiones Fugitivas,Fugitivas producción de Gas Natural,1B2bv,1,"1,77",Emisión
2976,1994,2,Emisiones fugitivas provenientes de la fabricación de combustibles,Emisiones Fugitivas,Fugitivas producción de Gas Natural,1B2bv,1,"1,79",Emisión
2977,1995,2,Emisiones fugitivas provenientes de la fabricación de combustibles,Emisiones Fugitivas,Fugitivas producción de Gas Natural,1B2bv,1,"1,9",Emisión
2978,1996,2,Emisiones fugitivas provenientes de la fabricación de combustibles,Emisiones Fugitivas,Fugitivas producción de Gas Natural,1B2bv,1,"1,99",Emisión
2979,1997,2,Emisiones fugitivas provenientes de la fabricación de combustibles,Emisiones Fugitivas,Fugitivas producción de Gas Natural,1B2bv,1,"2,08",Emisión
2980,1998,2,Emisiones fugitivas provenientes de la fabricación de combustibles,Emisiones Fugitivas,Fugitivas producción de Gas Natural,1B2bv,1,"2,09",Emisión
2981,1999,2,Emisiones fugitivas provenientes de la fabricación de combustibles,Emisiones Fugitivas,Fugitivas producción de Gas Natural,1B2bv,1,"2,33",Emisión
2982,2000,2,Emisiones fugitivas provenientes de la fabricación de combustibles,Emisiones Fugitivas,Fugitivas producción de Gas Natural,1B2bv,1,"2,41",Emisión
2983,2001,2,Emisiones fugitivas provenientes de la fabricación de combustibles,Emisiones Fugitivas,Fugitivas producción de Gas Natural,1B2bv,1,"2,28",Emisión
2984,2002,2,Emisiones fugitivas provenientes de la fabricación de combustibles,Emisiones Fugitivas,Fugitivas producción de Gas Natural,1B2bv,1,"2,22",Emisión
2985,2003,2,Emisiones fugitivas provenientes de la fabricación de combustibles,Emisiones Fugitivas,Fugitivas producción de Gas Natural,1B2bv,1,"2,46",Emisión
2986,2004,2,Emisiones fugitivas provenientes de la fabricación de combustibles,Emisiones Fugitivas,Fugitivas producción de Gas Natural,1B2bv,1,"2,69",Emisión
2987,2005,2,Emisiones fugitivas provenientes de la fabricación de combustibles,Emisiones Fugitivas,Fugitivas producción de Gas Natural,1B2bv,1,"2,79",Emisión
2988,2006,2,Emisiones fugitivas provenientes de la fabricación de combustibles,Emisiones Fugitivas,Fugitivas producción de Gas Natural,1B2bv,1,"2,95",Emisión
2989,2007,2,Emisiones fugitivas provenientes de la fabricación de combustibles,Emisiones Fugitivas,Fugitivas producción de Gas Natural,1B2bv,1,"3,09",Emisión
2990,2008,2,Emisiones fugitivas provenientes de la fabricación de combustibles,Emisiones Fugitivas,Fugitivas producción de Gas Natural,1B2bv,1,"3,2",Emisión
2991,2009,2,Emisiones fugitivas provenientes de la fabricación de combustibles,Emisiones Fugitivas,Fugitivas producción de Gas Natural,1B2bv,1,"3,1",Emisión
2992,2010,2,Emisiones fugitivas provenientes de la fabricación de combustibles,Emisiones Fugitivas,Fugitivas producción de Gas Natural,1B2bv,1,"3,1",Emisión
2993,2011,2,Emisiones fugitivas provenientes de la fabricación de combustibles,Emisiones Fugitivas,Fugitivas producción de Gas Natural,1B2bv,1,"3,3",Emisión
2994,2012,2,Emisiones fugitivas provenientes de la fabricación de combustibles,Emisiones Fugitivas,Fugitivas producción de Gas Natural,1B2bv,1,"3,4",Emisión
2995,2013,2,Emisiones fugitivas provenientes de la fabricación de combustibles,Emisiones Fugitivas,Fugitivas producción de Gas Natural,1B2bv,1,"3,5",Emisión
2996,2014,2,Emisiones fugitivas provenientes de la fabricación de combustibles,Emisiones Fugitivas,Fugitivas producción de Gas Natural,1B2bv,1,"3,49",Emisión
2997,2015,2,Emisiones fugitivas provenientes de la fabricación de combustibles,Emisiones Fugitivas,Fugitivas producción de Gas Natural,1B2bv,1,"3,54",Emisión
2998,2016,2,Emisiones fugitivas provenientes de la fabricación de combustibles,Emisiones Fugitivas,Fugitivas producción de Gas Natural,1B2bv,1,"3,65",Emisión
2999,2017,2,Emisiones fugitivas provenientes de la fabricación de combustibles,Emisiones Fugitivas,Fugitivas producción de Gas Natural,1B2bv,1,"3,65",Emisión
3000,2018,2,Emisiones fugitivas provenientes de la fabricación de combustibles,Emisiones Fugitivas,Fugitivas producción de Gas Natural,1B2bv,1,"3,73",Emisión
3001,2019,2,Emisiones fugitivas provenientes de la fabricación de combustibles,Emisiones Fugitivas,Fugitivas producción de Gas Natural,1B2bv,1,"3,56",Emisión
3002,2020,2,Emisiones fugitivas provenientes de la fabricación de combustibles,Emisiones Fugitivas,Fugitivas producción de Gas Natural,1B2bv,1,"3,38",Emisión
3003,2021,2,Emisiones fugitivas provenientes de la fabricación de combustibles,Emisiones Fugitivas,Fugitivas producción de Gas Natural,1B2bv,1,"3,49",Emisión
3004,2022,2,Emisiones fugitivas provenientes de la fabricación de combustibles,Emisiones Fugitivas,Fugitivas producción de Gas Natural,1B2bv,1,"3,36",Emisión
3005,1990,2,Emisiones fugitivas provenientes de la fabricación de combustibles,Emisiones Fugitivas,Fugitivas producción de Gas Natural,1B2bvi1,2,"0,0",Sin emisión/remoción
3006,1991,2,Emisiones fugitivas provenientes de la fabricación de combustibles,Emisiones Fugitivas,Fugitivas producción de Gas Natural,1B2bvi1,2,"0,0",Sin emisión/remoción
3007,1992,2,Emisiones fugitivas provenientes de la fabricación de combustibles,Emisiones Fugitivas,Fugitivas producción de Gas Natural,1B2bvi1,2,"0,0",Sin emisión/remoción
3008,1993,2,Emisiones fugitivas provenientes de la fabricación de combustibles,Emisiones Fugitivas,Fugitivas producción de Gas Natural,1B2bvi1,2,"0,0",Sin emisión/remoción
3009,1994,2,Emisiones fugitivas provenientes de la fabricación de combustibles,Emisiones Fugitivas,Fugitivas producción de Gas Natural,1B2bvi1,2,"0,0",Sin emisión/remoción
3010,1995,2,Emisiones fugitivas provenientes de la fabricación de combustibles,Emisiones Fugitivas,Fugitivas producción de Gas Natural,1B2bvi1,2,"0,0",Sin emisión/remoción
3011,1996,2,Emisiones fugitivas provenientes de la fabricación de combustibles,Emisiones Fugitivas,Fugitivas producción de Gas Natural,1B2bvi1,2,"0,0",Sin emisión/remoción
3012,1997,2,Emisiones fugitivas provenientes de la fabricación de combustibles,Emisiones Fugitivas,Fugitivas producción de Gas Natural,1B2bvi1,2,"0,0",Sin emisión/remoción
3013,1998,2,Emisiones fugitivas provenientes de la fabricación de combustibles,Emisiones Fugitivas,Fugitivas producción de Gas Natural,1B2bvi1,2,"0,0",Sin emisión/remoción
3014,1999,2,Emisiones fugitivas provenientes de la fabricación de combustibles,Emisiones Fugitivas,Fugitivas producción de Gas Natural,1B2bvi1,2,"0,0",Sin emisión/remoción
3015,2000,2,Emisiones fugitivas provenientes de la fabricación de combustibles,Emisiones Fugitivas,Fugitivas producción de Gas Natural,1B2bvi1,2,"0,0",Sin emisión/remoción
3016,2001,2,Emisiones fugitivas provenientes de la fabricación de combustibles,Emisiones Fugitivas,Fugitivas producción de Gas Natural,1B2bvi1,2,"0,0",Sin emisión/remoción
3017,2002,2,Emisiones fugitivas provenientes de la fabricación de combustibles,Emisiones Fugitivas,Fugitivas producción de Gas Natural,1B2bvi1,2,"0,0",Sin emisión/remoción
3018,2003,2,Emisiones fugitivas provenientes de la fabricación de combustibles,Emisiones Fugitivas,Fugitivas producción de Gas Natural,1B2bvi1,2,"0,0",Sin emisión/remoción
3019,2004,2,Emisiones fugitivas provenientes de la fabricación de combustibles,Emisiones Fugitivas,Fugitivas producción de Gas Natural,1B2bvi1,2,"0,0",Sin emisión/remoción
3020,2005,2,Emisiones fugitivas provenientes de la fabricación de combustibles,Emisiones Fugitivas,Fugitivas producción de Gas Natural,1B2bvi1,2,"0,0",Sin emisión/remoción
3021,2006,2,Emisiones fugitivas provenientes de la fabricación de combustibles,Emisiones Fugitivas,Fugitivas producción de Gas Natural,1B2bvi1,2,"0,0",Sin emisión/remoción
3022,2007,2,Emisiones fugitivas provenientes de la fabricación de combustibles,Emisiones Fugitivas,Fugitivas producción de Gas Natural,1B2bvi1,2,"0,0",Sin emisión/remoción
3023,2008,2,Emisiones fugitivas provenientes de la fabricación de combustibles,Emisiones Fugitivas,Fugitivas producción de Gas Natural,1B2bvi1,2,"0,0",Sin emisión/remoción
3024,2009,2,Emisiones fugitivas provenientes de la fabricación de combustibles,Emisiones Fugitivas,Fugitivas producción de Gas Natural,1B2bvi1,2,"0,0",Sin emisión/remoción
3025,2010,2,Emisiones fugitivas provenientes de la fabricación de combustibles,Emisiones Fugitivas,Fugitivas producción de Gas Natural,1B2bvi1,2,"0,0",Sin emisión/remoción
3026,2011,2,Emisiones fugitivas provenientes de la fabricación de combustibles,Emisiones Fugitivas,Fugitivas producción de Gas Natural,1B2bvi1,2,"0,0",Sin emisión/remoción
3027,2012,2,Emisiones fugitivas provenientes de la fabricación de combustibles,Emisiones Fugitivas,Fugitivas producción de Gas Natural,1B2bvi1,2,"0,0",Sin emisión/remoción
3028,2013,2,Emisiones fugitivas provenientes de la fabricación de combustibles,Emisiones Fugitivas,Fugitivas producción de Gas Natural,1B2bvi1,2,"0,0",Sin emisión/remoción
3029,2014,2,Emisiones fugitivas provenientes de la fabricación de combustibles,Emisiones Fugitivas,Fugitivas producción de Gas Natural,1B2bvi1,2,"0,0",Sin emisión/remoción
3030,2015,2,Emisiones fugitivas provenientes de la fabricación de combustibles,Emisiones Fugitivas,Fugitivas producción de Gas Natural,1B2bvi1,2,"0,0",Sin emisión/remoción
3031,2016,2,Emisiones fugitivas provenientes de la fabricación de combustibles,Emisiones Fugitivas,Fugitivas producción de Gas Natural,1B2bvi1,2,"0,0",Sin emisión/remoción
3032,2017,2,Emisiones fugitivas provenientes de la fabricación de combustibles,Emisiones Fugitivas,Fugitivas producción de Gas Natural,1B2bvi1,2,"0,0",Sin emisión/remoción
3033,2018,2,Emisiones fugitivas provenientes de la fabricación de combustibles,Emisiones Fugitivas,Fugitivas producción de Gas Natural,1B2bvi1,2,"0,0",Sin emisión/remoción
3034,2019,2,Emisiones fugitivas provenientes de la fabricación de combustibles,Emisiones Fugitivas,Fugitivas producción de Gas Natural,1B2bvi1,2,"0,0",Sin emisión/remoción
3035,2020,2,Emisiones fugitivas provenientes de la fabricación de combustibles,Emisiones Fugitivas,Fugitivas producción de Gas Natural,1B2bvi1,2,"0,0",Sin emisión/remoción
3036,2021,2,Emisiones fugitivas provenientes de la fabricación de combustibles,Emisiones Fugitivas,Fugitivas producción de Gas Natural,1B2bvi1,2,"0,0",Sin emisión/remoción
3037,2022,2,Emisiones fugitivas provenientes de la fabricación de combustibles,Emisiones Fugitivas,Fugitivas producción de Gas Natural,1B2bvi1,2,"0,0",Sin emisión/remoción
3038,1990,2,Emisiones fugitivas provenientes de la fabricación de combustibles,Emisiones Fugitivas,Fugitivas producción de Gas Natural,1B2bvi1,1,"0,07",Emisión
3039,1991,2,Emisiones fugitivas provenientes de la fabricación de combustibles,Emisiones Fugitivas,Fugitivas producción de Gas Natural,1B2bvi1,1,"0,07",Emisión
3040,1992,2,Emisiones fugitivas provenientes de la fabricación de combustibles,Emisiones Fugitivas,Fugitivas producción de Gas Natural,1B2bvi1,1,"0,08",Emisión
3041,1993,2,Emisiones fugitivas provenientes de la fabricación de combustibles,Emisiones Fugitivas,Fugitivas producción de Gas Natural,1B2bvi1,1,"0,14",Emisión
3042,1994,2,Emisiones fugitivas provenientes de la fabricación de combustibles,Emisiones Fugitivas,Fugitivas producción de Gas Natural,1B2bvi1,1,"0,14",Emisión
3043,1995,2,Emisiones fugitivas provenientes de la fabricación de combustibles,Emisiones Fugitivas,Fugitivas producción de Gas Natural,1B2bvi1,1,"0,15",Emisión
3044,1996,2,Emisiones fugitivas provenientes de la fabricación de combustibles,Emisiones Fugitivas,Fugitivas producción de Gas Natural,1B2bvi1,1,"0,16",Emisión
3045,1997,2,Emisiones fugitivas provenientes de la fabricación de combustibles,Emisiones Fugitivas,Fugitivas producción de Gas Natural,1B2bvi1,1,"0,17",Emisión
3046,1998,2,Emisiones fugitivas provenientes de la fabricación de combustibles,Emisiones Fugitivas,Fugitivas producción de Gas Natural,1B2bvi1,1,"0,17",Emisión
3047,1999,2,Emisiones fugitivas provenientes de la fabricación de combustibles,Emisiones Fugitivas,Fugitivas producción de Gas Natural,1B2bvi1,1,"0,19",Emisión
3048,2000,2,Emisiones fugitivas provenientes de la fabricación de combustibles,Emisiones Fugitivas,Fugitivas producción de Gas Natural,1B2bvi1,1,"0,2",Emisión
3049,2001,2,Emisiones fugitivas provenientes de la fabricación de combustibles,Emisiones Fugitivas,Fugitivas producción de Gas Natural,1B2bvi1,1,"0,18",Emisión
3050,2002,2,Emisiones fugitivas provenientes de la fabricación de combustibles,Emisiones Fugitivas,Fugitivas producción de Gas Natural,1B2bvi1,1,"0,17",Emisión
3051,2003,2,Emisiones fugitivas provenientes de la fabricación de combustibles,Emisiones Fugitivas,Fugitivas producción de Gas Natural,1B2bvi1,1,"0,2",Emisión
3052,2004,2,Emisiones fugitivas provenientes de la fabricación de combustibles,Emisiones Fugitivas,Fugitivas producción de Gas Natural,1B2bvi1,1,"0,22",Emisión
3053,2005,2,Emisiones fugitivas provenientes de la fabricación de combustibles,Emisiones Fugitivas,Fugitivas producción de Gas Natural,1B2bvi1,1,"0,22",Emisión
3054,2006,2,Emisiones fugitivas provenientes de la fabricación de combustibles,Emisiones Fugitivas,Fugitivas producción de Gas Natural,1B2bvi1,1,"0,25",Emisión
3055,2007,2,Emisiones fugitivas provenientes de la fabricación de combustibles,Emisiones Fugitivas,Fugitivas producción de Gas Natural,1B2bvi1,1,"0,25",Emisión
3056,2008,2,Emisiones fugitivas provenientes de la fabricación de combustibles,Emisiones Fugitivas,Fugitivas producción de Gas Natural,1B2bvi1,1,"0,27",Emisión
3057,2009,2,Emisiones fugitivas provenientes de la fabricación de combustibles,Emisiones Fugitivas,Fugitivas producción de Gas Natural,1B2bvi1,1,"0,26",Emisión
3058,2010,2,Emisiones fugitivas provenientes de la fabricación de combustibles,Emisiones Fugitivas,Fugitivas producción de Gas Natural,1B2bvi1,1,"0,25",Emisión
3059,2011,2,Emisiones fugitivas provenientes de la fabricación de combustibles,Emisiones Fugitivas,Fugitivas producción de Gas Natural,1B2bvi1,1,"0,27",Emisión
3060,2012,2,Emisiones fugitivas provenientes de la fabricación de combustibles,Emisiones Fugitivas,Fugitivas producción de Gas Natural,1B2bvi1,1,"0,28",Emisión
3061,2013,2,Emisiones fugitivas provenientes de la fabricación de combustibles,Emisiones Fugitivas,Fugitivas producción de Gas Natural,1B2bvi1,1,"0,28",Emisión
3062,2014,2,Emisiones fugitivas provenientes de la fabricación de combustibles,Emisiones Fugitivas,Fugitivas producción de Gas Natural,1B2bvi1,1,"0,29",Emisión
3063,2015,2,Emisiones fugitivas provenientes de la fabricación de combustibles,Emisiones Fugitivas,Fugitivas producción de Gas Natural,1B2bvi1,1,"0,29",Emisión
3064,2016,2,Emisiones fugitivas provenientes de la fabricación de combustibles,Emisiones Fugitivas,Fugitivas producción de Gas Natural,1B2bvi1,1,"0,3",Emisión
3065,2017,2,Emisiones fugitivas provenientes de la fabricación de combustibles,Emisiones Fugitivas,Fugitivas producción de Gas Natural,1B2bvi1,1,"0,32",Emisión
3066,2018,2,Emisiones fugitivas provenientes de la fabricación de combustibles,Emisiones Fugitivas,Fugitivas producción de Gas Natural,1B2bvi1,1,"0,33",Emisión
3067,2019,2,Emisiones fugitivas provenientes de la fabricación de combustibles,Emisiones Fugitivas,Fugitivas producción de Gas Natural,1B2bvi1,1,"0,31",Emisión
3068,2020,2,Emisiones fugitivas provenientes de la fabricación de combustibles,Emisiones Fugitivas,Fugitivas producción de Gas Natural,1B2bvi1,1,"0,29",Emisión
3069,2021,2,Emisiones fugitivas provenientes de la fabricación de combustibles,Emisiones Fugitivas,Fugitivas producción de Gas Natural,1B2bvi1,1,"0,3",Emisión
3070,2022,2,Emisiones fugitivas provenientes de la fabricación de combustibles,Emisiones Fugitivas,Fugitivas producción de Gas Natural,1B2bvi1,1,"0,27",Emisión
3071,1990,3,Industria de los minerales,Producción de cemento,Producción de cemento,2A1,2,"1,86",Emisión
3072,1991,3,Industria de los minerales,Producción de cemento,Producción de cemento,2A1,2,"2,17",Emisión
3073,1992,3,Industria de los minerales,Producción de cemento,Producción de cemento,2A1,2,"2,47",Emisión
3074,1993,3,Industria de los minerales,Producción de cemento,Producción de cemento,2A1,2,"2,78",Emisión
3075,1994,3,Industria de los minerales,Producción de cemento,Producción de cemento,2A1,2,"3,09",Emisión
3076,1995,3,Industria de los minerales,Producción de cemento,Producción de cemento,2A1,2,"2,76",Emisión
3077,1996,3,Industria de los minerales,Producción de cemento,Producción de cemento,2A1,2,"2,72",Emisión
3078,1997,3,Industria de los minerales,Producción de cemento,Producción de cemento,2A1,2,"3,23",Emisión
3079,1998,3,Industria de los minerales,Producción de cemento,Producción de cemento,2A1,2,"3,47",Emisión
3080,1999,3,Industria de los minerales,Producción de cemento,Producción de cemento,2A1,2,"3,33",Emisión
3081,2000,3,Industria de los minerales,Producción de cemento,Producción de cemento,2A1,2,"2,66",Emisión
3082,2001,3,Industria de los minerales,Producción de cemento,Producción de cemento,2A1,2,"2,35",Emisión
3083,2002,3,Industria de los minerales,Producción de cemento,Producción de cemento,2A1,2,"1,73",Emisión
3084,2003,3,Industria de los minerales,Producción de cemento,Producción de cemento,2A1,2,"2,22",Emisión
3085,2004,3,Industria de los minerales,Producción de cemento,Producción de cemento,2A1,2,"2,89",Emisión
3086,2005,3,Industria de los minerales,Producción de cemento,Producción de cemento,2A1,2,"3,38",Emisión
3087,2006,3,Industria de los minerales,Producción de cemento,Producción de cemento,2A1,2,"3,8",Emisión
3088,2007,3,Industria de los minerales,Producción de cemento,Producción de cemento,2A1,2,"4,18",Emisión
3089,2008,3,Industria de los minerales,Producción de cemento,Producción de cemento,2A1,2,"4,24",Emisión
3090,2009,3,Industria de los minerales,Producción de cemento,Producción de cemento,2A1,2,"4,01",Emisión
3091,2010,3,Industria de los minerales,Producción de cemento,Producción de cemento,2A1,2,"4,35",Emisión
3092,2011,3,Industria de los minerales,Producción de cemento,Producción de cemento,2A1,2,"4,69",Emisión
3093,2012,3,Industria de los minerales,Producción de cemento,Producción de cemento,2A1,2,"4,53",Emisión
3094,2013,3,Industria de los minerales,Producción de cemento,Producción de cemento,2A1,2,"4,57",Emisión
3095,2014,3,Industria de los minerales,Producción de cemento,Producción de cemento,2A1,2,"4,48",Emisión
3096,2015,3,Industria de los minerales,Producción de cemento,Producción de cemento,2A1,2,"4,64",Emisión
3097,2016,3,Industria de los minerales,Producción de cemento,Producción de cemento,2A1,2,"4,13",Emisión
3098,2017,3,Industria de los minerales,Producción de cemento,Producción de cemento,2A1,2,"4,53",Emisión
3099,2018,3,Industria de los minerales,Producción de cemento,Producción de cemento,2A1,2,"4,53",Emisión
3100,2019,3,Industria de los minerales,Producción de cemento,Producción de cemento,2A1,2,"4,3",Emisión
3101,2020,3,Industria de los minerales,Producción de cemento,Producción de cemento,2A1,2,"3,64",Emisión
3102,2021,3,Industria de los minerales,Producción de cemento,Producción de cemento,2A1,2,"4,85",Emisión
3103,2022,3,Industria de los minerales,Producción de cemento,Producción de cemento,2A1,2,"5,25",Emisión
3104,1990,3,Industria de los minerales,Producción de cal,Producción de cal,2A2,2,"0,72",Emisión
3105,1991,3,Industria de los minerales,Producción de cal,Producción de cal,2A2,2,"0,87",Emisión
3106,1992,3,Industria de los minerales,Producción de cal,Producción de cal,2A2,2,"1,0",Emisión
3107,1993,3,Industria de los minerales,Producción de cal,Producción de cal,2A2,2,"1,12",Emisión
3108,1994,3,Industria de los minerales,Producción de cal,Producción de cal,2A2,2,"1,25",Emisión
3109,1995,3,Industria de los minerales,Producción de cal,Producción de cal,2A2,2,"1,09",Emisión
3110,1996,3,Industria de los minerales,Producción de cal,Producción de cal,2A2,2,"1,01",Emisión
3111,1997,3,Industria de los minerales,Producción de cal,Producción de cal,2A2,2,"1,34",Emisión
3112,1998,3,Industria de los minerales,Producción de cal,Producción de cal,2A2,2,"1,41",Emisión
3113,1999,3,Industria de los minerales,Producción de cal,Producción de cal,2A2,2,"1,42",Emisión
3114,2000,3,Industria de los minerales,Producción de cal,Producción de cal,2A2,2,"0,64",Emisión
3115,2001,3,Industria de los minerales,Producción de cal,Producción de cal,2A2,2,"1,15",Emisión
3116,2002,3,Industria de los minerales,Producción de cal,Producción de cal,2A2,2,"0,97",Emisión
3117,2003,3,Industria de los minerales,Producción de cal,Producción de cal,2A2,2,"1,01",Emisión
3118,2004,3,Industria de los minerales,Producción de cal,Producción de cal,2A2,2,"1,48",Emisión
3119,2005,3,Industria de los minerales,Producción de cal,Producción de cal,2A2,2,"1,56",Emisión
3120,2006,3,Industria de los minerales,Producción de cal,Producción de cal,2A2,2,"1,85",Emisión
3121,2007,3,Industria de los minerales,Producción de cal,Producción de cal,2A2,2,"2,06",Emisión
3122,2008,3,Industria de los minerales,Producción de cal,Producción de cal,2A2,2,"1,88",Emisión
3123,2009,3,Industria de los minerales,Producción de cal,Producción de cal,2A2,2,"1,76",Emisión
3124,2010,3,Industria de los minerales,Producción de cal,Producción de cal,2A2,2,"2,0",Emisión
3125,2011,3,Industria de los minerales,Producción de cal,Producción de cal,2A2,2,"2,05",Emisión
3126,2012,3,Industria de los minerales,Producción de cal,Producción de cal,2A2,2,"2,21",Emisión
3127,2013,3,Industria de los minerales,Producción de cal,Producción de cal,2A2,2,"2,4",Emisión
3128,2014,3,Industria de los minerales,Producción de cal,Producción de cal,2A2,2,"2,26",Emisión
3129,2015,3,Industria de los minerales,Producción de cal,Producción de cal,2A2,2,"2,42",Emisión
3130,2016,3,Industria de los minerales,Producción de cal,Producción de cal,2A2,2,"2,16",Emisión
3131,2017,3,Industria de los minerales,Producción de cal,Producción de cal,2A2,2,"2,37",Emisión
3132,2018,3,Industria de los minerales,Producción de cal,Producción de cal,2A2,2,"2,35",Emisión
3133,2019,3,Industria de los minerales,Producción de cal,Producción de cal,2A2,2,"2,2",Emisión
3134,2020,3,Industria de los minerales,Producción de cal,Producción de cal,2A2,2,"1,96",Emisión
3135,2021,3,Industria de los minerales,Producción de cal,Producción de cal,2A2,2,"2,4",Emisión
3136,2022,3,Industria de los minerales,Producción de cal,Producción de cal,2A2,2,"2,58",Emisión
3137,1990,3,Industria de los minerales,Otros Industria de los minerales,Otros Industria de los minerales,2A4a,2,"0,01",Emisión
3138,1991,3,Industria de los minerales,Otros Industria de los minerales,Otros Industria de los minerales,2A4a,2,"0,01",Emisión
3139,1992,3,Industria de los minerales,Otros Industria de los minerales,Otros Industria de los minerales,2A4a,2,"0,01",Emisión
3140,1993,3,Industria de los minerales,Otros Industria de los minerales,Otros Industria de los minerales,2A4a,2,"0,01",Emisión
3141,1994,3,Industria de los minerales,Otros Industria de los minerales,Otros Industria de los minerales,2A4a,2,"0,02",Emisión
3142,1995,3,Industria de los minerales,Otros Industria de los minerales,Otros Industria de los minerales,2A4a,2,"0,01",Emisión
3143,1996,3,Industria de los minerales,Otros Industria de los minerales,Otros Industria de los minerales,2A4a,2,"0,22",Emisión
3144,1997,3,Industria de los minerales,Otros Industria de los minerales,Otros Industria de los minerales,2A4a,2,"0,19",Emisión
3145,1998,3,Industria de los minerales,Otros Industria de los minerales,Otros Industria de los minerales,2A4a,2,"0,11",Emisión
3146,1999,3,Industria de los minerales,Otros Industria de los minerales,Otros Industria de los minerales,2A4a,2,"0,11",Emisión
3147,2000,3,Industria de los minerales,Otros Industria de los minerales,Otros Industria de los minerales,2A4a,2,"0,12",Emisión
3148,2001,3,Industria de los minerales,Otros Industria de los minerales,Otros Industria de los minerales,2A4a,2,"0,08",Emisión
3149,2002,3,Industria de los minerales,Otros Industria de los minerales,Otros Industria de los minerales,2A4a,2,"0,07",Emisión
3150,2003,3,Industria de los minerales,Otros Industria de los minerales,Otros Industria de los minerales,2A4a,2,"0,08",Emisión
3151,2004,3,Industria de los minerales,Otros Industria de los minerales,Otros Industria de los minerales,2A4a,2,"0,11",Emisión
3152,2005,3,Industria de los minerales,Otros Industria de los minerales,Otros Industria de los minerales,2A4a,2,"0,3",Emisión
3153,2006,3,Industria de los minerales,Otros Industria de los minerales,Otros Industria de los minerales,2A4a,2,"0,29",Emisión
3154,2007,3,Industria de los minerales,Otros Industria de los minerales,Otros Industria de los minerales,2A4a,2,"0,36",Emisión
3155,2008,3,Industria de los minerales,Otros Industria de los minerales,Otros Industria de los minerales,2A4a,2,"0,32",Emisión
3156,2009,3,Industria de los minerales,Otros Industria de los minerales,Otros Industria de los minerales,2A4a,2,"0,32",Emisión
3157,2010,3,Industria de los minerales,Otros Industria de los minerales,Otros Industria de los minerales,2A4a,2,"0,35",Emisión
3158,2011,3,Industria de los minerales,Otros Industria de los minerales,Otros Industria de los minerales,2A4a,2,"0,4",Emisión
3159,2012,3,Industria de los minerales,Otros Industria de los minerales,Otros Industria de los minerales,2A4a,2,"0,41",Emisión
3160,2013,3,Industria de los minerales,Otros Industria de los minerales,Otros Industria de los minerales,2A4a,2,"0,43",Emisión
3161,2014,3,Industria de los minerales,Otros Industria de los minerales,Otros Industria de los minerales,2A4a,2,"0,41",Emisión
3162,2015,3,Industria de los minerales,Otros Industria de los minerales,Otros Industria de los minerales,2A4a,2,"0,44",Emisión
3163,2016,3,Industria de los minerales,Otros Industria de los minerales,Otros Industria de los minerales,2A4a,2,"0,42",Emisión
3164,2017,3,Industria de los minerales,Otros Industria de los minerales,Otros Industria de los minerales,2A4a,2,"0,31",Emisión
3165,2018,3,Industria de los minerales,Otros Industria de los minerales,Otros Industria de los minerales,2A4a,2,"0,25",Emisión
3166,2019,3,Industria de los minerales,Otros Industria de los minerales,Otros Industria de los minerales,2A4a,2,"0,25",Emisión
3167,2020,3,Industria de los minerales,Otros Industria de los minerales,Otros Industria de los minerales,2A4a,2,"0,25",Emisión
3168,2021,3,Industria de los minerales,Otros Industria de los minerales,Otros Industria de los minerales,2A4a,2,"0,25",Emisión
3169,2022,3,Industria de los minerales,Otros Industria de los minerales,Otros Industria de los minerales,2A4a,2,"0,25",Emisión
3170,1990,3,Industria de los minerales,Otros Industria de los minerales,Otros Industria de los minerales,2A4b,2,"0,09",Emisión
3171,1991,3,Industria de los minerales,Otros Industria de los minerales,Otros Industria de los minerales,2A4b,2,"0,09",Emisión
3172,1992,3,Industria de los minerales,Otros Industria de los minerales,Otros Industria de los minerales,2A4b,2,"0,09",Emisión
3173,1993,3,Industria de los minerales,Otros Industria de los minerales,Otros Industria de los minerales,2A4b,2,"0,08",Emisión
3174,1994,3,Industria de los minerales,Otros Industria de los minerales,Otros Industria de los minerales,2A4b,2,"0,09",Emisión
3175,1995,3,Industria de los minerales,Otros Industria de los minerales,Otros Industria de los minerales,2A4b,2,"0,09",Emisión
3176,1996,3,Industria de los minerales,Otros Industria de los minerales,Otros Industria de los minerales,2A4b,2,"0,1",Emisión
3177,1997,3,Industria de los minerales,Otros Industria de los minerales,Otros Industria de los minerales,2A4b,2,"0,09",Emisión
3178,1998,3,Industria de los minerales,Otros Industria de los minerales,Otros Industria de los minerales,2A4b,2,"0,09",Emisión
3179,1999,3,Industria de los minerales,Otros Industria de los minerales,Otros Industria de los minerales,2A4b,2,"0,08",Emisión
3180,2000,3,Industria de los minerales,Otros Industria de los minerales,Otros Industria de los minerales,2A4b,2,"0,08",Emisión
3181,2001,3,Industria de los minerales,Otros Industria de los minerales,Otros Industria de los minerales,2A4b,2,"0,07",Emisión
3182,2002,3,Industria de los minerales,Otros Industria de los minerales,Otros Industria de los minerales,2A4b,2,"0,08",Emisión
3183,2003,3,Industria de los minerales,Otros Industria de los minerales,Otros Industria de los minerales,2A4b,2,"0,09",Emisión
3184,2004,3,Industria de los minerales,Otros Industria de los minerales,Otros Industria de los minerales,2A4b,2,"0,12",Emisión
3185,2005,3,Industria de los minerales,Otros Industria de los minerales,Otros Industria de los minerales,2A4b,2,"0,14",Emisión
3186,2006,3,Industria de los minerales,Otros Industria de los minerales,Otros Industria de los minerales,2A4b,2,"0,12",Emisión
3187,2007,3,Industria de los minerales,Otros Industria de los minerales,Otros Industria de los minerales,2A4b,2,"0,13",Emisión
3188,2008,3,Industria de los minerales,Otros Industria de los minerales,Otros Industria de los minerales,2A4b,2,"0,13",Emisión
3189,2009,3,Industria de los minerales,Otros Industria de los minerales,Otros Industria de los minerales,2A4b,2,"0,13",Emisión
3190,2010,3,Industria de los minerales,Otros Industria de los minerales,Otros Industria de los minerales,2A4b,2,"0,13",Emisión
3191,2011,3,Industria de los minerales,Otros Industria de los minerales,Otros Industria de los minerales,2A4b,2,"0,14",Emisión
3192,2012,3,Industria de los minerales,Otros Industria de los minerales,Otros Industria de los minerales,2A4b,2,"0,16",Emisión
3193,2013,3,Industria de los minerales,Otros Industria de los minerales,Otros Industria de los minerales,2A4b,2,"0,14",Emisión
3194,2014,3,Industria de los minerales,Otros Industria de los minerales,Otros Industria de los minerales,2A4b,2,"0,16",Emisión
3195,2015,3,Industria de los minerales,Otros Industria de los minerales,Otros Industria de los minerales,2A4b,2,"0,16",Emisión
3196,2016,3,Industria de los minerales,Otros Industria de los minerales,Otros Industria de los minerales,2A4b,2,"0,16",Emisión
3197,2017,3,Industria de los minerales,Otros Industria de los minerales,Otros Industria de los minerales,2A4b,2,"0,16",Emisión
3198,2018,3,Industria de los minerales,Otros Industria de los minerales,Otros Industria de los minerales,2A4b,2,"0,16",Emisión
3199,2019,3,Industria de los minerales,Otros Industria de los minerales,Otros Industria de los minerales,2A4b,2,"0,16",Emisión
3200,2020,3,Industria de los minerales,Otros Industria de los minerales,Otros Industria de los minerales,2A4b,2,"0,16",Emisión
3201,2021,3,Industria de los minerales,Otros Industria de los minerales,Otros Industria de los minerales,2A4b,2,"0,16",Emisión
3202,2022,3,Industria de los minerales,Otros Industria de los minerales,Otros Industria de los minerales,2A4b,2,"0,16",Emisión
3203,1990,3,Industria de los minerales,Otros Industria de los minerales,Otros Industria de los minerales,2A4d,2,"0,0",Sin emisión/remoción
3204,1991,3,Industria de los minerales,Otros Industria de los minerales,Otros Industria de los minerales,2A4d,2,"0,0",Sin emisión/remoción
3205,1992,3,Industria de los minerales,Otros Industria de los minerales,Otros Industria de los minerales,2A4d,2,"0,01",Emisión
3206,1993,3,Industria de los minerales,Otros Industria de los minerales,Otros Industria de los minerales,2A4d,2,"0,01",Emisión
3207,1994,3,Industria de los minerales,Otros Industria de los minerales,Otros Industria de los minerales,2A4d,2,"0,02",Emisión
3208,1995,3,Industria de los minerales,Otros Industria de los minerales,Otros Industria de los minerales,2A4d,2,"0,02",Emisión
3209,1996,3,Industria de los minerales,Otros Industria de los minerales,Otros Industria de los minerales,2A4d,2,"0,02",Emisión
3210,1997,3,Industria de los minerales,Otros Industria de los minerales,Otros Industria de los minerales,2A4d,2,"0,02",Emisión
3211,1998,3,Industria de los minerales,Otros Industria de los minerales,Otros Industria de los minerales,2A4d,2,"0,01",Emisión
3212,1999,3,Industria de los minerales,Otros Industria de los minerales,Otros Industria de los minerales,2A4d,2,"0,02",Emisión
3213,2000,3,Industria de los minerales,Otros Industria de los minerales,Otros Industria de los minerales,2A4d,2,"0,01",Emisión
3214,2001,3,Industria de los minerales,Otros Industria de los minerales,Otros Industria de los minerales,2A4d,2,"0,01",Emisión
3215,2002,3,Industria de los minerales,Otros Industria de los minerales,Otros Industria de los minerales,2A4d,2,"0,01",Emisión
3216,2003,3,Industria de los minerales,Otros Industria de los minerales,Otros Industria de los minerales,2A4d,2,"0,04",Emisión
3217,2004,3,Industria de los minerales,Otros Industria de los minerales,Otros Industria de los minerales,2A4d,2,"0,04",Emisión
3218,2005,3,Industria de los minerales,Otros Industria de los minerales,Otros Industria de los minerales,2A4d,2,"0,02",Emisión
3219,2006,3,Industria de los minerales,Otros Industria de los minerales,Otros Industria de los minerales,2A4d,2,"0,02",Emisión
3220,2007,3,Industria de los minerales,Otros Industria de los minerales,Otros Industria de los minerales,2A4d,2,"0,05",Emisión
3221,2008,3,Industria de los minerales,Otros Industria de los minerales,Otros Industria de los minerales,2A4d,2,"0,06",Emisión
3222,2009,3,Industria de los minerales,Otros Industria de los minerales,Otros Industria de los minerales,2A4d,2,"0,06",Emisión
3223,2010,3,Industria de los minerales,Otros Industria de los minerales,Otros Industria de los minerales,2A4d,2,"0,07",Emisión
3224,2011,3,Industria de los minerales,Otros Industria de los minerales,Otros Industria de los minerales,2A4d,2,"0,09",Emisión
3225,2012,3,Industria de los minerales,Otros Industria de los minerales,Otros Industria de los minerales,2A4d,2,"0,09",Emisión
3226,2013,3,Industria de los minerales,Otros Industria de los minerales,Otros Industria de los minerales,2A4d,2,"0,08",Emisión
3227,2014,3,Industria de los minerales,Otros Industria de los minerales,Otros Industria de los minerales,2A4d,2,"0,08",Emisión
3228,2015,3,Industria de los minerales,Otros Industria de los minerales,Otros Industria de los minerales,2A4d,2,"0,15",Emisión
3229,2016,3,Industria de los minerales,Otros Industria de los minerales,Otros Industria de los minerales,2A4d,2,"0,17",Emisión
3230,2017,3,Industria de los minerales,Otros Industria de los minerales,Otros Industria de los minerales,2A4d,2,"0,18",Emisión
3231,2018,3,Industria de los minerales,Otros Industria de los minerales,Otros Industria de los minerales,2A4d,2,"0,12",Emisión
3232,2019,3,Industria de los minerales,Otros Industria de los minerales,Otros Industria de los minerales,2A4d,2,"0,12",Emisión
3233,2020,3,Industria de los minerales,Otros Industria de los minerales,Otros Industria de los minerales,2A4d,2,"0,12",Emisión
3234,2021,3,Industria de los minerales,Otros Industria de los minerales,Otros Industria de los minerales,2A4d,2,"0,12",Emisión
3235,2022,3,Industria de los minerales,Otros Industria de los minerales,Otros Industria de los minerales,2A4d,2,"0,12",Emisión
3236,1990,3,Industria química,Producción de amoníaco,Producción de amoníaco,2B1,2,"0,1",Emisión
3237,1991,3,Industria química,Producción de amoníaco,Producción de amoníaco,2B1,2,"0,1",Emisión
3238,1992,3,Industria química,Producción de amoníaco,Producción de amoníaco,2B1,2,"0,09",Emisión
3239,1993,3,Industria química,Producción de amoníaco,Producción de amoníaco,2B1,2,"0,11",Emisión
3240,1994,3,Industria química,Producción de amoníaco,Producción de amoníaco,2B1,2,"0,12",Emisión
3241,1995,3,Industria química,Producción de amoníaco,Producción de amoníaco,2B1,2,"0,12",Emisión
3242,1996,3,Industria química,Producción de amoníaco,Producción de amoníaco,2B1,2,"0,12",Emisión
3243,1997,3,Industria química,Producción de amoníaco,Producción de amoníaco,2B1,2,"0,14",Emisión
3244,1998,3,Industria química,Producción de amoníaco,Producción de amoníaco,2B1,2,"0,12",Emisión
3245,1999,3,Industria química,Producción de amoníaco,Producción de amoníaco,2B1,2,"0,13",Emisión
3246,2000,3,Industria química,Producción de amoníaco,Producción de amoníaco,2B1,2,"0,43",Emisión
3247,2001,3,Industria química,Producción de amoníaco,Producción de amoníaco,2B1,2,"0,86",Emisión
3248,2002,3,Industria química,Producción de amoníaco,Producción de amoníaco,2B1,2,"0,71",Emisión
3249,2003,3,Industria química,Producción de amoníaco,Producción de amoníaco,2B1,2,"0,92",Emisión
3250,2004,3,Industria química,Producción de amoníaco,Producción de amoníaco,2B1,2,"0,9",Emisión
3251,2005,3,Industria química,Producción de amoníaco,Producción de amoníaco,2B1,2,"0,78",Emisión
3252,2006,3,Industria química,Producción de amoníaco,Producción de amoníaco,2B1,2,"0,83",Emisión
3253,2007,3,Industria química,Producción de amoníaco,Producción de amoníaco,2B1,2,"0,67",Emisión
3254,2008,3,Industria química,Producción de amoníaco,Producción de amoníaco,2B1,2,"0,56",Emisión
3255,2009,3,Industria química,Producción de amoníaco,Producción de amoníaco,2B1,2,"0,63",Emisión
3256,2010,3,Industria química,Producción de amoníaco,Producción de amoníaco,2B1,2,"0,56",Emisión
3257,2011,3,Industria química,Producción de amoníaco,Producción de amoníaco,2B1,2,"0,75",Emisión
3258,2012,3,Industria química,Producción de amoníaco,Producción de amoníaco,2B1,2,"0,73",Emisión
3259,2013,3,Industria química,Producción de amoníaco,Producción de amoníaco,2B1,2,"0,72",Emisión
3260,2014,3,Industria química,Producción de amoníaco,Producción de amoníaco,2B1,2,"0,62",Emisión
3261,2015,3,Industria química,Producción de amoníaco,Producción de amoníaco,2B1,2,"0,6",Emisión
3262,2016,3,Industria química,Producción de amoníaco,Producción de amoníaco,2B1,2,"0,68",Emisión
3263,2017,3,Industria química,Producción de amoníaco,Producción de amoníaco,2B1,2,"0,71",Emisión
3264,2018,3,Industria química,Producción de amoníaco,Producción de amoníaco,2B1,2,"0,57",Emisión
3265,2019,3,Industria química,Producción de amoníaco,Producción de amoníaco,2B1,2,"0,67",Emisión
3266,2020,3,Industria química,Producción de amoníaco,Producción de amoníaco,2B1,2,"0,7",Emisión
3267,2021,3,Industria química,Producción de amoníaco,Producción de amoníaco,2B1,2,"0,58",Emisión
3268,2022,3,Industria química,Producción de amoníaco,Producción de amoníaco,2B1,2,"0,85",Emisión
3269,1990,3,Industria química,Producción de ácido nítrico,Producción de ácido nítrico,2B2,4,"0,06",Emisión
3270,1991,3,Industria química,Producción de ácido nítrico,Producción de ácido nítrico,2B2,4,"0,06",Emisión
3271,1992,3,Industria química,Producción de ácido nítrico,Producción de ácido nítrico,2B2,4,"0,06",Emisión
3272,1993,3,Industria química,Producción de ácido nítrico,Producción de ácido nítrico,2B2,4,"0,06",Emisión
3273,1994,3,Industria química,Producción de ácido nítrico,Producción de ácido nítrico,2B2,4,"0,07",Emisión
3274,1995,3,Industria química,Producción de ácido nítrico,Producción de ácido nítrico,2B2,4,"0,07",Emisión
3275,1996,3,Industria química,Producción de ácido nítrico,Producción de ácido nítrico,2B2,4,"0,06",Emisión
3276,1997,3,Industria química,Producción de ácido nítrico,Producción de ácido nítrico,2B2,4,"0,08",Emisión
3277,1998,3,Industria química,Producción de ácido nítrico,Producción de ácido nítrico,2B2,4,"0,08",Emisión
3278,1999,3,Industria química,Producción de ácido nítrico,Producción de ácido nítrico,2B2,4,"0,08",Emisión
3279,2000,3,Industria química,Producción de ácido nítrico,Producción de ácido nítrico,2B2,4,"0,08",Emisión
3280,2001,3,Industria química,Producción de ácido nítrico,Producción de ácido nítrico,2B2,4,"0,06",Emisión
3281,2002,3,Industria química,Producción de ácido nítrico,Producción de ácido nítrico,2B2,4,"0,07",Emisión
3282,2003,3,Industria química,Producción de ácido nítrico,Producción de ácido nítrico,2B2,4,"0,08",Emisión
3283,2004,3,Industria química,Producción de ácido nítrico,Producción de ácido nítrico,2B2,4,"0,08",Emisión
3284,2005,3,Industria química,Producción de ácido nítrico,Producción de ácido nítrico,2B2,4,"0,08",Emisión
3285,2006,3,Industria química,Producción de ácido nítrico,Producción de ácido nítrico,2B2,4,"0,09",Emisión
3286,2007,3,Industria química,Producción de ácido nítrico,Producción de ácido nítrico,2B2,4,"0,07",Emisión
3287,2008,3,Industria química,Producción de ácido nítrico,Producción de ácido nítrico,2B2,4,"0,06",Emisión
3288,2009,3,Industria química,Producción de ácido nítrico,Producción de ácido nítrico,2B2,4,"0,07",Emisión
3289,2010,3,Industria química,Producción de ácido nítrico,Producción de ácido nítrico,2B2,4,"0,07",Emisión
3290,2011,3,Industria química,Producción de ácido nítrico,Producción de ácido nítrico,2B2,4,"0,07",Emisión
3291,2012,3,Industria química,Producción de ácido nítrico,Producción de ácido nítrico,2B2,4,"0,08",Emisión
3292,2013,3,Industria química,Producción de ácido nítrico,Producción de ácido nítrico,2B2,4,"0,07",Emisión
3293,2014,3,Industria química,Producción de ácido nítrico,Producción de ácido nítrico,2B2,4,"0,07",Emisión
3294,2015,3,Industria química,Producción de ácido nítrico,Producción de ácido nítrico,2B2,4,"0,06",Emisión
3295,2016,3,Industria química,Producción de ácido nítrico,Producción de ácido nítrico,2B2,4,"0,04",Emisión
3296,2017,3,Industria química,Producción de ácido nítrico,Producción de ácido nítrico,2B2,4,"0,06",Emisión
3297,2018,3,Industria química,Producción de ácido nítrico,Producción de ácido nítrico,2B2,4,"0,06",Emisión
3298,2019,3,Industria química,Producción de ácido nítrico,Producción de ácido nítrico,2B2,4,"0,05",Emisión
3299,2020,3,Industria química,Producción de ácido nítrico,Producción de ácido nítrico,2B2,4,"0,05",Emisión
3300,2021,3,Industria química,Producción de ácido nítrico,Producción de ácido nítrico,2B2,4,"0,1",Emisión
3301,2022,3,Industria química,Producción de ácido nítrico,Producción de ácido nítrico,2B2,4,"0,17",Emisión
3302,1990,3,Industria química,Producción de carburo,Producción de carburo,2B5,2,"0,13",Emisión
3303,1991,3,Industria química,Producción de carburo,Producción de carburo,2B5,2,"0,13",Emisión
3304,1992,3,Industria química,Producción de carburo,Producción de carburo,2B5,2,"0,1",Emisión
3305,1993,3,Industria química,Producción de carburo,Producción de carburo,2B5,2,"0,13",Emisión
3306,1994,3,Industria química,Producción de carburo,Producción de carburo,2B5,2,"0,11",Emisión
3307,1995,3,Industria química,Producción de carburo,Producción de carburo,2B5,2,"0,08",Emisión
3308,1996,3,Industria química,Producción de carburo,Producción de carburo,2B5,2,"0,05",Emisión
3309,1997,3,Industria química,Producción de carburo,Producción de carburo,2B5,2,"0,09",Emisión
3310,1998,3,Industria química,Producción de carburo,Producción de carburo,2B5,2,"0,05",Emisión
3311,1999,3,Industria química,Producción de carburo,Producción de carburo,2B5,2,"0,07",Emisión
3312,2000,3,Industria química,Producción de carburo,Producción de carburo,2B5,2,"0,06",Emisión
3313,2001,3,Industria química,Producción de carburo,Producción de carburo,2B5,2,"0,06",Emisión
3314,2002,3,Industria química,Producción de carburo,Producción de carburo,2B5,2,"0,06",Emisión
3315,2003,3,Industria química,Producción de carburo,Producción de carburo,2B5,2,"0,06",Emisión
3316,2004,3,Industria química,Producción de carburo,Producción de carburo,2B5,2,"0,15",Emisión
3317,2005,3,Industria química,Producción de carburo,Producción de carburo,2B5,2,"0,05",Emisión
3318,2006,3,Industria química,Producción de carburo,Producción de carburo,2B5,2,"0,05",Emisión
3319,2007,3,Industria química,Producción de carburo,Producción de carburo,2B5,2,"0,05",Emisión
3320,2008,3,Industria química,Producción de carburo,Producción de carburo,2B5,2,"0,05",Emisión
3321,2009,3,Industria química,Producción de carburo,Producción de carburo,2B5,2,"0,06",Emisión
3322,2010,3,Industria química,Producción de carburo,Producción de carburo,2B5,2,"0,07",Emisión
3323,2011,3,Industria química,Producción de carburo,Producción de carburo,2B5,2,"0,07",Emisión
3324,2012,3,Industria química,Producción de carburo,Producción de carburo,2B5,2,"0,07",Emisión
3325,2013,3,Industria química,Producción de carburo,Producción de carburo,2B5,2,"0,07",Emisión
3326,2014,3,Industria química,Producción de carburo,Producción de carburo,2B5,2,"0,07",Emisión
3327,2015,3,Industria química,Producción de carburo,Producción de carburo,2B5,2,"0,07",Emisión
3328,2016,3,Industria química,Producción de carburo,Producción de carburo,2B5,2,"0,07",Emisión
3329,2017,3,Industria química,Producción de carburo,Producción de carburo,2B5,2,"0,07",Emisión
3330,2018,3,Industria química,Producción de carburo,Producción de carburo,2B5,2,"0,07",Emisión
3331,2019,3,Industria química,Producción de carburo,Producción de carburo,2B5,2,"0,07",Emisión
3332,2020,3,Industria química,Producción de carburo,Producción de carburo,2B5,2,"0,07",Emisión
3333,2021,3,Industria química,Producción de carburo,Producción de carburo,2B5,2,"0,07",Emisión
3334,2022,3,Industria química,Producción de carburo,Producción de carburo,2B5,2,"0,07",Emisión
3335,2005,3,Industria química,Producción de ceniza de sosa,Producción de ceniza de sosa,2B7,2,"0,02",Emisión
3336,2006,3,Industria química,Producción de ceniza de sosa,Producción de ceniza de sosa,2B7,2,"0,04",Emisión
3337,2007,3,Industria química,Producción de ceniza de sosa,Producción de ceniza de sosa,2B7,2,"0,05",Emisión
3338,2008,3,Industria química,Producción de ceniza de sosa,Producción de ceniza de sosa,2B7,2,"0,05",Emisión
3339,2009,3,Industria química,Producción de ceniza de sosa,Producción de ceniza de sosa,2B7,2,"0,05",Emisión
3340,2010,3,Industria química,Producción de ceniza de sosa,Producción de ceniza de sosa,2B7,2,"0,06",Emisión
3341,2011,3,Industria química,Producción de ceniza de sosa,Producción de ceniza de sosa,2B7,2,"0,05",Emisión
3342,2012,3,Industria química,Producción de ceniza de sosa,Producción de ceniza de sosa,2B7,2,"0,06",Emisión
3343,2013,3,Industria química,Producción de ceniza de sosa,Producción de ceniza de sosa,2B7,2,"0,06",Emisión
3344,2014,3,Industria química,Producción de ceniza de sosa,Producción de ceniza de sosa,2B7,2,"0,06",Emisión
3345,2015,3,Industria química,Producción de ceniza de sosa,Producción de ceniza de sosa,2B7,2,"0,06",Emisión
3346,2016,3,Industria química,Producción de ceniza de sosa,Producción de ceniza de sosa,2B7,2,"0,06",Emisión
3347,2017,3,Industria química,Producción de ceniza de sosa,Producción de ceniza de sosa,2B7,2,"0,06",Emisión
3348,2018,3,Industria química,Producción de ceniza de sosa,Producción de ceniza de sosa,2B7,2,"0,06",Emisión
3349,2019,3,Industria química,Producción de ceniza de sosa,Producción de ceniza de sosa,2B7,2,"0,06",Emisión
3350,2020,3,Industria química,Producción de ceniza de sosa,Producción de ceniza de sosa,2B7,2,"0,06",Emisión
3351,2021,3,Industria química,Producción de ceniza de sosa,Producción de ceniza de sosa,2B7,2,"0,06",Emisión
3352,2022,3,Industria química,Producción de ceniza de sosa,Producción de ceniza de sosa,2B7,2,"0,06",Emisión
3353,1990,3,Industria química,Producción petroquímica y de negro de humo,Producción petroquímica y de negro de humo,2B8a,2,"0,04",Emisión
3354,1991,3,Industria química,Producción petroquímica y de negro de humo,Producción petroquímica y de negro de humo,2B8a,2,"0,04",Emisión
3355,1992,3,Industria química,Producción petroquímica y de negro de humo,Producción petroquímica y de negro de humo,2B8a,2,"0,04",Emisión
3356,1993,3,Industria química,Producción petroquímica y de negro de humo,Producción petroquímica y de negro de humo,2B8a,2,"0,04",Emisión
3357,1994,3,Industria química,Producción petroquímica y de negro de humo,Producción petroquímica y de negro de humo,2B8a,2,"0,05",Emisión
3358,1995,3,Industria química,Producción petroquímica y de negro de humo,Producción petroquímica y de negro de humo,2B8a,2,"0,06",Emisión
3359,1996,3,Industria química,Producción petroquímica y de negro de humo,Producción petroquímica y de negro de humo,2B8a,2,"0,04",Emisión
3360,1997,3,Industria química,Producción petroquímica y de negro de humo,Producción petroquímica y de negro de humo,2B8a,2,"0,04",Emisión
3361,1998,3,Industria química,Producción petroquímica y de negro de humo,Producción petroquímica y de negro de humo,2B8a,2,"0,03",Emisión
3362,1999,3,Industria química,Producción petroquímica y de negro de humo,Producción petroquímica y de negro de humo,2B8a,2,"0,03",Emisión
3363,2000,3,Industria química,Producción petroquímica y de negro de humo,Producción petroquímica y de negro de humo,2B8a,2,"0,03",Emisión
3364,2001,3,Industria química,Producción petroquímica y de negro de humo,Producción petroquímica y de negro de humo,2B8a,2,"0,02",Emisión
3365,2002,3,Industria química,Producción petroquímica y de negro de humo,Producción petroquímica y de negro de humo,2B8a,2,"0,11",Emisión
3366,2003,3,Industria química,Producción petroquímica y de negro de humo,Producción petroquímica y de negro de humo,2B8a,2,"0,3",Emisión
3367,2004,3,Industria química,Producción petroquímica y de negro de humo,Producción petroquímica y de negro de humo,2B8a,2,"0,3",Emisión
3368,2005,3,Industria química,Producción petroquímica y de negro de humo,Producción petroquímica y de negro de humo,2B8a,2,"0,28",Emisión
3369,2006,3,Industria química,Producción petroquímica y de negro de humo,Producción petroquímica y de negro de humo,2B8a,2,"0,25",Emisión
3370,2007,3,Industria química,Producción petroquímica y de negro de humo,Producción petroquímica y de negro de humo,2B8a,2,"0,25",Emisión
3371,2008,3,Industria química,Producción petroquímica y de negro de humo,Producción petroquímica y de negro de humo,2B8a,2,"0,27",Emisión
3372,2009,3,Industria química,Producción petroquímica y de negro de humo,Producción petroquímica y de negro de humo,2B8a,2,"0,21",Emisión
3373,2010,3,Industria química,Producción petroquímica y de negro de humo,Producción petroquímica y de negro de humo,2B8a,2,"0,27",Emisión
3374,2011,3,Industria química,Producción petroquímica y de negro de humo,Producción petroquímica y de negro de humo,2B8a,2,"0,27",Emisión
3375,2012,3,Industria química,Producción petroquímica y de negro de humo,Producción petroquímica y de negro de humo,2B8a,2,"0,28",Emisión
3376,2013,3,Industria química,Producción petroquímica y de negro de humo,Producción petroquímica y de negro de humo,2B8a,2,"0,24",Emisión
3377,2014,3,Industria química,Producción petroquímica y de negro de humo,Producción petroquímica y de negro de humo,2B8a,2,"0,27",Emisión
3378,2015,3,Industria química,Producción petroquímica y de negro de humo,Producción petroquímica y de negro de humo,2B8a,2,"0,28",Emisión
3379,2016,3,Industria química,Producción petroquímica y de negro de humo,Producción petroquímica y de negro de humo,2B8a,2,"0,26",Emisión
3380,2017,3,Industria química,Producción petroquímica y de negro de humo,Producción petroquímica y de negro de humo,2B8a,2,"0,24",Emisión
3381,2018,3,Industria química,Producción petroquímica y de negro de humo,Producción petroquímica y de negro de humo,2B8a,2,"0,32",Emisión
3382,2019,3,Industria química,Producción petroquímica y de negro de humo,Producción petroquímica y de negro de humo,2B8a,2,"0,31",Emisión
3383,2020,3,Industria química,Producción petroquímica y de negro de humo,Producción petroquímica y de negro de humo,2B8a,2,"0,15",Emisión
3384,2021,3,Industria química,Producción petroquímica y de negro de humo,Producción petroquímica y de negro de humo,2B8a,2,"0,25",Emisión
3385,2022,3,Industria química,Producción petroquímica y de negro de humo,Producción petroquímica y de negro de humo,2B8a,2,"0,28",Emisión
3386,1990,3,Industria química,Producción petroquímica y de negro de humo,Producción petroquímica y de negro de humo,2B8a,1,"0,0",Sin emisión/remoción
3387,1991,3,Industria química,Producción petroquímica y de negro de humo,Producción petroquímica y de negro de humo,2B8a,1,"0,0",Sin emisión/remoción
3388,1992,3,Industria química,Producción petroquímica y de negro de humo,Producción petroquímica y de negro de humo,2B8a,1,"0,0",Sin emisión/remoción
3389,1993,3,Industria química,Producción petroquímica y de negro de humo,Producción petroquímica y de negro de humo,2B8a,1,"0,0",Sin emisión/remoción
3390,1994,3,Industria química,Producción petroquímica y de negro de humo,Producción petroquímica y de negro de humo,2B8a,1,"0,0",Sin emisión/remoción
3391,1995,3,Industria química,Producción petroquímica y de negro de humo,Producción petroquímica y de negro de humo,2B8a,1,"0,01",Emisión
3392,1996,3,Industria química,Producción petroquímica y de negro de humo,Producción petroquímica y de negro de humo,2B8a,1,"0,0",Sin emisión/remoción
3393,1997,3,Industria química,Producción petroquímica y de negro de humo,Producción petroquímica y de negro de humo,2B8a,1,"0,0",Sin emisión/remoción
3394,1998,3,Industria química,Producción petroquímica y de negro de humo,Producción petroquímica y de negro de humo,2B8a,1,"0,0",Sin emisión/remoción
3395,1999,3,Industria química,Producción petroquímica y de negro de humo,Producción petroquímica y de negro de humo,2B8a,1,"0,0",Sin emisión/remoción
3396,2000,3,Industria química,Producción petroquímica y de negro de humo,Producción petroquímica y de negro de humo,2B8a,1,"0,0",Sin emisión/remoción
3397,2001,3,Industria química,Producción petroquímica y de negro de humo,Producción petroquímica y de negro de humo,2B8a,1,"0,0",Sin emisión/remoción
3398,2002,3,Industria química,Producción petroquímica y de negro de humo,Producción petroquímica y de negro de humo,2B8a,1,"0,01",Emisión
3399,2003,3,Industria química,Producción petroquímica y de negro de humo,Producción petroquímica y de negro de humo,2B8a,1,"0,03",Emisión
3400,2004,3,Industria química,Producción petroquímica y de negro de humo,Producción petroquímica y de negro de humo,2B8a,1,"0,03",Emisión
3401,2005,3,Industria química,Producción petroquímica y de negro de humo,Producción petroquímica y de negro de humo,2B8a,1,"0,03",Emisión
3402,2006,3,Industria química,Producción petroquímica y de negro de humo,Producción petroquímica y de negro de humo,2B8a,1,"0,02",Emisión
3403,2007,3,Industria química,Producción petroquímica y de negro de humo,Producción petroquímica y de negro de humo,2B8a,1,"0,02",Emisión
3404,2008,3,Industria química,Producción petroquímica y de negro de humo,Producción petroquímica y de negro de humo,2B8a,1,"0,03",Emisión
3405,2009,3,Industria química,Producción petroquímica y de negro de humo,Producción petroquímica y de negro de humo,2B8a,1,"0,02",Emisión
3406,2010,3,Industria química,Producción petroquímica y de negro de humo,Producción petroquímica y de negro de humo,2B8a,1,"0,03",Emisión
3407,2011,3,Industria química,Producción petroquímica y de negro de humo,Producción petroquímica y de negro de humo,2B8a,1,"0,03",Emisión
3408,2012,3,Industria química,Producción petroquímica y de negro de humo,Producción petroquímica y de negro de humo,2B8a,1,"0,03",Emisión
3409,2013,3,Industria química,Producción petroquímica y de negro de humo,Producción petroquímica y de negro de humo,2B8a,1,"0,02",Emisión
3410,2014,3,Industria química,Producción petroquímica y de negro de humo,Producción petroquímica y de negro de humo,2B8a,1,"0,03",Emisión
3411,2015,3,Industria química,Producción petroquímica y de negro de humo,Producción petroquímica y de negro de humo,2B8a,1,"0,03",Emisión
3412,2016,3,Industria química,Producción petroquímica y de negro de humo,Producción petroquímica y de negro de humo,2B8a,1,"0,03",Emisión
3413,2017,3,Industria química,Producción petroquímica y de negro de humo,Producción petroquímica y de negro de humo,2B8a,1,"0,02",Emisión
3414,2018,3,Industria química,Producción petroquímica y de negro de humo,Producción petroquímica y de negro de humo,2B8a,1,"0,03",Emisión
3415,2019,3,Industria química,Producción petroquímica y de negro de humo,Producción petroquímica y de negro de humo,2B8a,1,"0,03",Emisión
3416,2020,3,Industria química,Producción petroquímica y de negro de humo,Producción petroquímica y de negro de humo,2B8a,1,"0,01",Emisión
3417,2021,3,Industria química,Producción petroquímica y de negro de humo,Producción petroquímica y de negro de humo,2B8a,1,"0,02",Emisión
3418,2022,3,Industria química,Producción petroquímica y de negro de humo,Producción petroquímica y de negro de humo,2B8a,1,"0,03",Emisión
3419,1990,3,Industria química,Producción petroquímica y de negro de humo,Producción petroquímica y de negro de humo,2B8b,2,"0,27",Emisión
3420,1991,3,Industria química,Producción petroquímica y de negro de humo,Producción petroquímica y de negro de humo,2B8b,2,"0,27",Emisión
3421,1992,3,Industria química,Producción petroquímica y de negro de humo,Producción petroquímica y de negro de humo,2B8b,2,"0,3",Emisión
3422,1993,3,Industria química,Producción petroquímica y de negro de humo,Producción petroquímica y de negro de humo,2B8b,2,"0,29",Emisión
3423,1994,3,Industria química,Producción petroquímica y de negro de humo,Producción petroquímica y de negro de humo,2B8b,2,"0,28",Emisión
3424,1995,3,Industria química,Producción petroquímica y de negro de humo,Producción petroquímica y de negro de humo,2B8b,2,"0,31",Emisión
3425,1996,3,Industria química,Producción petroquímica y de negro de humo,Producción petroquímica y de negro de humo,2B8b,2,"0,33",Emisión
3426,1997,3,Industria química,Producción petroquímica y de negro de humo,Producción petroquímica y de negro de humo,2B8b,2,"0,28",Emisión
3427,1998,3,Industria química,Producción petroquímica y de negro de humo,Producción petroquímica y de negro de humo,2B8b,2,"0,28",Emisión
3428,1999,3,Industria química,Producción petroquímica y de negro de humo,Producción petroquímica y de negro de humo,2B8b,2,"0,31",Emisión
3429,2000,3,Industria química,Producción petroquímica y de negro de humo,Producción petroquímica y de negro de humo,2B8b,2,"0,29",Emisión
3430,2001,3,Industria química,Producción petroquímica y de negro de humo,Producción petroquímica y de negro de humo,2B8b,2,"0,63",Emisión
3431,2002,3,Industria química,Producción petroquímica y de negro de humo,Producción petroquímica y de negro de humo,2B8b,2,"0,68",Emisión
3432,2003,3,Industria química,Producción petroquímica y de negro de humo,Producción petroquímica y de negro de humo,2B8b,2,"0,76",Emisión
3433,2004,3,Industria química,Producción petroquímica y de negro de humo,Producción petroquímica y de negro de humo,2B8b,2,"0,77",Emisión
3434,2005,3,Industria química,Producción petroquímica y de negro de humo,Producción petroquímica y de negro de humo,2B8b,2,"0,79",Emisión
3435,2006,3,Industria química,Producción petroquímica y de negro de humo,Producción petroquímica y de negro de humo,2B8b,2,"0,8",Emisión
3436,2007,3,Industria química,Producción petroquímica y de negro de humo,Producción petroquímica y de negro de humo,2B8b,2,"0,7",Emisión
3437,2008,3,Industria química,Producción petroquímica y de negro de humo,Producción petroquímica y de negro de humo,2B8b,2,"0,7",Emisión
3438,2009,3,Industria química,Producción petroquímica y de negro de humo,Producción petroquímica y de negro de humo,2B8b,2,"0,76",Emisión
3439,2010,3,Industria química,Producción petroquímica y de negro de humo,Producción petroquímica y de negro de humo,2B8b,2,"0,66",Emisión
3440,2011,3,Industria química,Producción petroquímica y de negro de humo,Producción petroquímica y de negro de humo,2B8b,2,"0,67",Emisión
3441,2012,3,Industria química,Producción petroquímica y de negro de humo,Producción petroquímica y de negro de humo,2B8b,2,"0,7",Emisión
3442,2013,3,Industria química,Producción petroquímica y de negro de humo,Producción petroquímica y de negro de humo,2B8b,2,"0,71",Emisión
3443,2014,3,Industria química,Producción petroquímica y de negro de humo,Producción petroquímica y de negro de humo,2B8b,2,"0,74",Emisión
3444,2015,3,Industria química,Producción petroquímica y de negro de humo,Producción petroquímica y de negro de humo,2B8b,2,"0,74",Emisión
3445,2016,3,Industria química,Producción petroquímica y de negro de humo,Producción petroquímica y de negro de humo,2B8b,2,"0,79",Emisión
3446,2017,3,Industria química,Producción petroquímica y de negro de humo,Producción petroquímica y de negro de humo,2B8b,2,"0,75",Emisión
3447,2018,3,Industria química,Producción petroquímica y de negro de humo,Producción petroquímica y de negro de humo,2B8b,2,"0,74",Emisión
3448,2019,3,Industria química,Producción petroquímica y de negro de humo,Producción petroquímica y de negro de humo,2B8b,2,"0,56",Emisión
3449,2020,3,Industria química,Producción petroquímica y de negro de humo,Producción petroquímica y de negro de humo,2B8b,2,"0,76",Emisión
3450,2021,3,Industria química,Producción petroquímica y de negro de humo,Producción petroquímica y de negro de humo,2B8b,2,"0,67",Emisión
3451,2022,3,Industria química,Producción petroquímica y de negro de humo,Producción petroquímica y de negro de humo,2B8b,2,"0,73",Emisión
3452,1990,3,Industria química,Producción petroquímica y de negro de humo,Producción petroquímica y de negro de humo,2B8b,1,"0,04",Emisión
3453,1991,3,Industria química,Producción petroquímica y de negro de humo,Producción petroquímica y de negro de humo,2B8b,1,"0,04",Emisión
3454,1992,3,Industria química,Producción petroquímica y de negro de humo,Producción petroquímica y de negro de humo,2B8b,1,"0,05",Emisión
3455,1993,3,Industria química,Producción petroquímica y de negro de humo,Producción petroquímica y de negro de humo,2B8b,1,"0,05",Emisión
3456,1994,3,Industria química,Producción petroquímica y de negro de humo,Producción petroquímica y de negro de humo,2B8b,1,"0,05",Emisión
3457,1995,3,Industria química,Producción petroquímica y de negro de humo,Producción petroquímica y de negro de humo,2B8b,1,"0,05",Emisión
3458,1996,3,Industria química,Producción petroquímica y de negro de humo,Producción petroquímica y de negro de humo,2B8b,1,"0,05",Emisión
3459,1997,3,Industria química,Producción petroquímica y de negro de humo,Producción petroquímica y de negro de humo,2B8b,1,"0,05",Emisión
3460,1998,3,Industria química,Producción petroquímica y de negro de humo,Producción petroquímica y de negro de humo,2B8b,1,"0,05",Emisión
3461,1999,3,Industria química,Producción petroquímica y de negro de humo,Producción petroquímica y de negro de humo,2B8b,1,"0,05",Emisión
3462,2000,3,Industria química,Producción petroquímica y de negro de humo,Producción petroquímica y de negro de humo,2B8b,1,"0,05",Emisión
3463,2001,3,Industria química,Producción petroquímica y de negro de humo,Producción petroquímica y de negro de humo,2B8b,1,"0,1",Emisión
3464,2002,3,Industria química,Producción petroquímica y de negro de humo,Producción petroquímica y de negro de humo,2B8b,1,"0,11",Emisión
3465,2003,3,Industria química,Producción petroquímica y de negro de humo,Producción petroquímica y de negro de humo,2B8b,1,"0,12",Emisión
3466,2004,3,Industria química,Producción petroquímica y de negro de humo,Producción petroquímica y de negro de humo,2B8b,1,"0,13",Emisión
3467,2005,3,Industria química,Producción petroquímica y de negro de humo,Producción petroquímica y de negro de humo,2B8b,1,"0,13",Emisión
3468,2006,3,Industria química,Producción petroquímica y de negro de humo,Producción petroquímica y de negro de humo,2B8b,1,"0,13",Emisión
3469,2007,3,Industria química,Producción petroquímica y de negro de humo,Producción petroquímica y de negro de humo,2B8b,1,"0,12",Emisión
3470,2008,3,Industria química,Producción petroquímica y de negro de humo,Producción petroquímica y de negro de humo,2B8b,1,"0,11",Emisión
3471,2009,3,Industria química,Producción petroquímica y de negro de humo,Producción petroquímica y de negro de humo,2B8b,1,"0,12",Emisión
3472,2010,3,Industria química,Producción petroquímica y de negro de humo,Producción petroquímica y de negro de humo,2B8b,1,"0,11",Emisión
3473,2011,3,Industria química,Producción petroquímica y de negro de humo,Producción petroquímica y de negro de humo,2B8b,1,"0,11",Emisión
3474,2012,3,Industria química,Producción petroquímica y de negro de humo,Producción petroquímica y de negro de humo,2B8b,1,"0,11",Emisión
3475,2013,3,Industria química,Producción petroquímica y de negro de humo,Producción petroquímica y de negro de humo,2B8b,1,"0,12",Emisión
3476,2014,3,Industria química,Producción petroquímica y de negro de humo,Producción petroquímica y de negro de humo,2B8b,1,"0,12",Emisión
3477,2015,3,Industria química,Producción petroquímica y de negro de humo,Producción petroquímica y de negro de humo,2B8b,1,"0,12",Emisión
3478,2016,3,Industria química,Producción petroquímica y de negro de humo,Producción petroquímica y de negro de humo,2B8b,1,"0,13",Emisión
3479,2017,3,Industria química,Producción petroquímica y de negro de humo,Producción petroquímica y de negro de humo,2B8b,1,"0,12",Emisión
3480,2018,3,Industria química,Producción petroquímica y de negro de humo,Producción petroquímica y de negro de humo,2B8b,1,"0,12",Emisión
3481,2019,3,Industria química,Producción petroquímica y de negro de humo,Producción petroquímica y de negro de humo,2B8b,1,"0,09",Emisión
3482,2020,3,Industria química,Producción petroquímica y de negro de humo,Producción petroquímica y de negro de humo,2B8b,1,"0,12",Emisión
3483,2021,3,Industria química,Producción petroquímica y de negro de humo,Producción petroquímica y de negro de humo,2B8b,1,"0,11",Emisión
3484,2022,3,Industria química,Producción petroquímica y de negro de humo,Producción petroquímica y de negro de humo,2B8b,1,"0,12",Emisión
3485,1990,3,Industria química,Producción petroquímica y de negro de humo,Producción petroquímica y de negro de humo,2B8c,2,"0,0",Sin emisión/remoción
3486,1991,3,Industria química,Producción petroquímica y de negro de humo,Producción petroquímica y de negro de humo,2B8c,2,"0,0",Sin emisión/remoción
3487,1992,3,Industria química,Producción petroquímica y de negro de humo,Producción petroquímica y de negro de humo,2B8c,2,"0,0",Sin emisión/remoción
3488,1993,3,Industria química,Producción petroquímica y de negro de humo,Producción petroquímica y de negro de humo,2B8c,2,"0,0",Sin emisión/remoción
3489,1994,3,Industria química,Producción petroquímica y de negro de humo,Producción petroquímica y de negro de humo,2B8c,2,"0,0",Sin emisión/remoción
3490,1995,3,Industria química,Producción petroquímica y de negro de humo,Producción petroquímica y de negro de humo,2B8c,2,"0,0",Sin emisión/remoción
3491,1996,3,Industria química,Producción petroquímica y de negro de humo,Producción petroquímica y de negro de humo,2B8c,2,"0,0",Sin emisión/remoción
3492,1997,3,Industria química,Producción petroquímica y de negro de humo,Producción petroquímica y de negro de humo,2B8c,2,"0,0",Sin emisión/remoción
3493,1998,3,Industria química,Producción petroquímica y de negro de humo,Producción petroquímica y de negro de humo,2B8c,2,"0,0",Sin emisión/remoción
3494,1999,3,Industria química,Producción petroquímica y de negro de humo,Producción petroquímica y de negro de humo,2B8c,2,"0,0",Sin emisión/remoción
3495,2000,3,Industria química,Producción petroquímica y de negro de humo,Producción petroquímica y de negro de humo,2B8c,2,"0,0",Sin emisión/remoción
3496,2001,3,Industria química,Producción petroquímica y de negro de humo,Producción petroquímica y de negro de humo,2B8c,2,"0,0",Sin emisión/remoción
3497,2002,3,Industria química,Producción petroquímica y de negro de humo,Producción petroquímica y de negro de humo,2B8c,2,"0,0",Sin emisión/remoción
3498,2003,3,Industria química,Producción petroquímica y de negro de humo,Producción petroquímica y de negro de humo,2B8c,2,"0,0",Sin emisión/remoción
3499,2004,3,Industria química,Producción petroquímica y de negro de humo,Producción petroquímica y de negro de humo,2B8c,2,"0,0",Sin emisión/remoción
3500,2005,3,Industria química,Producción petroquímica y de negro de humo,Producción petroquímica y de negro de humo,2B8c,2,"0,0",Sin emisión/remoción
3501,2006,3,Industria química,Producción petroquímica y de negro de humo,Producción petroquímica y de negro de humo,2B8c,2,"0,0",Sin emisión/remoción
3502,2007,3,Industria química,Producción petroquímica y de negro de humo,Producción petroquímica y de negro de humo,2B8c,2,"0,0",Sin emisión/remoción
3503,2008,3,Industria química,Producción petroquímica y de negro de humo,Producción petroquímica y de negro de humo,2B8c,2,"0,0",Sin emisión/remoción
3504,2009,3,Industria química,Producción petroquímica y de negro de humo,Producción petroquímica y de negro de humo,2B8c,2,"0,0",Sin emisión/remoción
3505,2010,3,Industria química,Producción petroquímica y de negro de humo,Producción petroquímica y de negro de humo,2B8c,2,"0,0",Sin emisión/remoción
3506,2011,3,Industria química,Producción petroquímica y de negro de humo,Producción petroquímica y de negro de humo,2B8c,2,"0,0",Sin emisión/remoción
3507,2012,3,Industria química,Producción petroquímica y de negro de humo,Producción petroquímica y de negro de humo,2B8c,2,"0,0",Sin emisión/remoción
3508,2013,3,Industria química,Producción petroquímica y de negro de humo,Producción petroquímica y de negro de humo,2B8c,2,"0,0",Sin emisión/remoción
3509,2014,3,Industria química,Producción petroquímica y de negro de humo,Producción petroquímica y de negro de humo,2B8c,2,"0,0",Sin emisión/remoción
3510,2015,3,Industria química,Producción petroquímica y de negro de humo,Producción petroquímica y de negro de humo,2B8c,2,"0,0",Sin emisión/remoción
3511,2016,3,Industria química,Producción petroquímica y de negro de humo,Producción petroquímica y de negro de humo,2B8c,2,"0,0",Sin emisión/remoción
3512,2017,3,Industria química,Producción petroquímica y de negro de humo,Producción petroquímica y de negro de humo,2B8c,2,"0,0",Sin emisión/remoción
3513,2018,3,Industria química,Producción petroquímica y de negro de humo,Producción petroquímica y de negro de humo,2B8c,2,"0,0",Sin emisión/remoción
3514,2019,3,Industria química,Producción petroquímica y de negro de humo,Producción petroquímica y de negro de humo,2B8c,2,"0,0",Sin emisión/remoción
3515,2020,3,Industria química,Producción petroquímica y de negro de humo,Producción petroquímica y de negro de humo,2B8c,2,"0,0",Sin emisión/remoción
3516,2021,3,Industria química,Producción petroquímica y de negro de humo,Producción petroquímica y de negro de humo,2B8c,2,"0,0",Sin emisión/remoción
3517,2022,3,Industria química,Producción petroquímica y de negro de humo,Producción petroquímica y de negro de humo,2B8c,2,"0,0",Sin emisión/remoción
3518,1990,3,Industria química,Producción petroquímica y de negro de humo,Producción petroquímica y de negro de humo,2B8c,1,"0,0",Sin emisión/remoción
3519,1991,3,Industria química,Producción petroquímica y de negro de humo,Producción petroquímica y de negro de humo,2B8c,1,"0,0",Sin emisión/remoción
3520,1992,3,Industria química,Producción petroquímica y de negro de humo,Producción petroquímica y de negro de humo,2B8c,1,"0,0",Sin emisión/remoción
3521,1993,3,Industria química,Producción petroquímica y de negro de humo,Producción petroquímica y de negro de humo,2B8c,1,"0,0",Sin emisión/remoción
3522,1994,3,Industria química,Producción petroquímica y de negro de humo,Producción petroquímica y de negro de humo,2B8c,1,"0,0",Sin emisión/remoción
3523,1995,3,Industria química,Producción petroquímica y de negro de humo,Producción petroquímica y de negro de humo,2B8c,1,"0,0",Sin emisión/remoción
3524,1996,3,Industria química,Producción petroquímica y de negro de humo,Producción petroquímica y de negro de humo,2B8c,1,"0,0",Sin emisión/remoción
3525,1997,3,Industria química,Producción petroquímica y de negro de humo,Producción petroquímica y de negro de humo,2B8c,1,"0,0",Sin emisión/remoción
3526,1998,3,Industria química,Producción petroquímica y de negro de humo,Producción petroquímica y de negro de humo,2B8c,1,"0,0",Sin emisión/remoción
3527,1999,3,Industria química,Producción petroquímica y de negro de humo,Producción petroquímica y de negro de humo,2B8c,1,"0,0",Sin emisión/remoción
3528,2000,3,Industria química,Producción petroquímica y de negro de humo,Producción petroquímica y de negro de humo,2B8c,1,"0,0",Sin emisión/remoción
3529,2001,3,Industria química,Producción petroquímica y de negro de humo,Producción petroquímica y de negro de humo,2B8c,1,"0,0",Sin emisión/remoción
3530,2002,3,Industria química,Producción petroquímica y de negro de humo,Producción petroquímica y de negro de humo,2B8c,1,"0,0",Sin emisión/remoción
3531,2003,3,Industria química,Producción petroquímica y de negro de humo,Producción petroquímica y de negro de humo,2B8c,1,"0,0",Sin emisión/remoción
3532,2004,3,Industria química,Producción petroquímica y de negro de humo,Producción petroquímica y de negro de humo,2B8c,1,"0,0",Sin emisión/remoción
3533,2005,3,Industria química,Producción petroquímica y de negro de humo,Producción petroquímica y de negro de humo,2B8c,1,"0,0",Sin emisión/remoción
3534,2006,3,Industria química,Producción petroquímica y de negro de humo,Producción petroquímica y de negro de humo,2B8c,1,"0,0",Sin emisión/remoción
3535,2007,3,Industria química,Producción petroquímica y de negro de humo,Producción petroquímica y de negro de humo,2B8c,1,"0,0",Sin emisión/remoción
3536,2008,3,Industria química,Producción petroquímica y de negro de humo,Producción petroquímica y de negro de humo,2B8c,1,"0,0",Sin emisión/remoción
3537,2009,3,Industria química,Producción petroquímica y de negro de humo,Producción petroquímica y de negro de humo,2B8c,1,"0,0",Sin emisión/remoción
3538,2010,3,Industria química,Producción petroquímica y de negro de humo,Producción petroquímica y de negro de humo,2B8c,1,"0,0",Sin emisión/remoción
3539,2011,3,Industria química,Producción petroquímica y de negro de humo,Producción petroquímica y de negro de humo,2B8c,1,"0,0",Sin emisión/remoción
3540,2012,3,Industria química,Producción petroquímica y de negro de humo,Producción petroquímica y de negro de humo,2B8c,1,"0,0",Sin emisión/remoción
3541,2013,3,Industria química,Producción petroquímica y de negro de humo,Producción petroquímica y de negro de humo,2B8c,1,"0,0",Sin emisión/remoción
3542,2014,3,Industria química,Producción petroquímica y de negro de humo,Producción petroquímica y de negro de humo,2B8c,1,"0,0",Sin emisión/remoción
3543,2015,3,Industria química,Producción petroquímica y de negro de humo,Producción petroquímica y de negro de humo,2B8c,1,"0,0",Sin emisión/remoción
3544,2016,3,Industria química,Producción petroquímica y de negro de humo,Producción petroquímica y de negro de humo,2B8c,1,"0,0",Sin emisión/remoción
3545,2017,3,Industria química,Producción petroquímica y de negro de humo,Producción petroquímica y de negro de humo,2B8c,1,"0,0",Sin emisión/remoción
3546,2018,3,Industria química,Producción petroquímica y de negro de humo,Producción petroquímica y de negro de humo,2B8c,1,"0,0",Sin emisión/remoción
3547,2019,3,Industria química,Producción petroquímica y de negro de humo,Producción petroquímica y de negro de humo,2B8c,1,"0,0",Sin emisión/remoción
3548,2020,3,Industria química,Producción petroquímica y de negro de humo,Producción petroquímica y de negro de humo,2B8c,1,"0,0",Sin emisión/remoción
3549,2021,3,Industria química,Producción petroquímica y de negro de humo,Producción petroquímica y de negro de humo,2B8c,1,"0,0",Sin emisión/remoción
3550,2022,3,Industria química,Producción petroquímica y de negro de humo,Producción petroquímica y de negro de humo,2B8c,1,"0,0",Sin emisión/remoción
3551,1990,3,Industria química,Producción petroquímica y de negro de humo,Producción petroquímica y de negro de humo,2B8f,2,"0,11",Emisión
3552,1991,3,Industria química,Producción petroquímica y de negro de humo,Producción petroquímica y de negro de humo,2B8f,2,"0,11",Emisión
3553,1992,3,Industria química,Producción petroquímica y de negro de humo,Producción petroquímica y de negro de humo,2B8f,2,"0,1",Emisión
3554,1993,3,Industria química,Producción petroquímica y de negro de humo,Producción petroquímica y de negro de humo,2B8f,2,"0,1",Emisión
3555,1994,3,Industria química,Producción petroquímica y de negro de humo,Producción petroquímica y de negro de humo,2B8f,2,"0,11",Emisión
3556,1995,3,Industria química,Producción petroquímica y de negro de humo,Producción petroquímica y de negro de humo,2B8f,2,"0,14",Emisión
3557,1996,3,Industria química,Producción petroquímica y de negro de humo,Producción petroquímica y de negro de humo,2B8f,2,"0,15",Emisión
3558,1997,3,Industria química,Producción petroquímica y de negro de humo,Producción petroquímica y de negro de humo,2B8f,2,"0,17",Emisión
3559,1998,3,Industria química,Producción petroquímica y de negro de humo,Producción petroquímica y de negro de humo,2B8f,2,"0,17",Emisión
3560,1999,3,Industria química,Producción petroquímica y de negro de humo,Producción petroquímica y de negro de humo,2B8f,2,"0,13",Emisión
3561,2000,3,Industria química,Producción petroquímica y de negro de humo,Producción petroquímica y de negro de humo,2B8f,2,"0,16",Emisión
3562,2001,3,Industria química,Producción petroquímica y de negro de humo,Producción petroquímica y de negro de humo,2B8f,2,"0,14",Emisión
3563,2002,3,Industria química,Producción petroquímica y de negro de humo,Producción petroquímica y de negro de humo,2B8f,2,"0,17",Emisión
3564,2003,3,Industria química,Producción petroquímica y de negro de humo,Producción petroquímica y de negro de humo,2B8f,2,"0,18",Emisión
3565,2004,3,Industria química,Producción petroquímica y de negro de humo,Producción petroquímica y de negro de humo,2B8f,2,"0,19",Emisión
3566,2005,3,Industria química,Producción petroquímica y de negro de humo,Producción petroquímica y de negro de humo,2B8f,2,"0,17",Emisión
3567,2006,3,Industria química,Producción petroquímica y de negro de humo,Producción petroquímica y de negro de humo,2B8f,2,"0,18",Emisión
3568,2007,3,Industria química,Producción petroquímica y de negro de humo,Producción petroquímica y de negro de humo,2B8f,2,"0,17",Emisión
3569,2008,3,Industria química,Producción petroquímica y de negro de humo,Producción petroquímica y de negro de humo,2B8f,2,"0,12",Emisión
3570,2009,3,Industria química,Producción petroquímica y de negro de humo,Producción petroquímica y de negro de humo,2B8f,2,"0,15",Emisión
3571,2010,3,Industria química,Producción petroquímica y de negro de humo,Producción petroquímica y de negro de humo,2B8f,2,"0,17",Emisión
3572,2011,3,Industria química,Producción petroquímica y de negro de humo,Producción petroquímica y de negro de humo,2B8f,2,"0,17",Emisión
3573,2012,3,Industria química,Producción petroquímica y de negro de humo,Producción petroquímica y de negro de humo,2B8f,2,"0,16",Emisión
3574,2013,3,Industria química,Producción petroquímica y de negro de humo,Producción petroquímica y de negro de humo,2B8f,2,"0,2",Emisión
3575,2014,3,Industria química,Producción petroquímica y de negro de humo,Producción petroquímica y de negro de humo,2B8f,2,"0,16",Emisión
3576,2015,3,Industria química,Producción petroquímica y de negro de humo,Producción petroquímica y de negro de humo,2B8f,2,"0,17",Emisión
3577,2016,3,Industria química,Producción petroquímica y de negro de humo,Producción petroquímica y de negro de humo,2B8f,2,"0,14",Emisión
3578,2017,3,Industria química,Producción petroquímica y de negro de humo,Producción petroquímica y de negro de humo,2B8f,2,"0,16",Emisión
3579,2018,3,Industria química,Producción petroquímica y de negro de humo,Producción petroquímica y de negro de humo,2B8f,2,"0,2",Emisión
3580,2019,3,Industria química,Producción petroquímica y de negro de humo,Producción petroquímica y de negro de humo,2B8f,2,"0,18",Emisión
3581,2020,3,Industria química,Producción petroquímica y de negro de humo,Producción petroquímica y de negro de humo,2B8f,2,"0,16",Emisión
3582,2021,3,Industria química,Producción petroquímica y de negro de humo,Producción petroquímica y de negro de humo,2B8f,2,"0,2",Emisión
3583,2022,3,Industria química,Producción petroquímica y de negro de humo,Producción petroquímica y de negro de humo,2B8f,2,"0,2",Emisión
3584,1990,3,Industria química,Producción petroquímica y de negro de humo,Producción petroquímica y de negro de humo,2B8f,1,"0,0",Sin emisión/remoción
3585,1991,3,Industria química,Producción petroquímica y de negro de humo,Producción petroquímica y de negro de humo,2B8f,1,"0,0",Sin emisión/remoción
3586,1992,3,Industria química,Producción petroquímica y de negro de humo,Producción petroquímica y de negro de humo,2B8f,1,"0,0",Sin emisión/remoción
3587,1993,3,Industria química,Producción petroquímica y de negro de humo,Producción petroquímica y de negro de humo,2B8f,1,"0,0",Sin emisión/remoción
3588,1994,3,Industria química,Producción petroquímica y de negro de humo,Producción petroquímica y de negro de humo,2B8f,1,"0,0",Sin emisión/remoción
3589,1995,3,Industria química,Producción petroquímica y de negro de humo,Producción petroquímica y de negro de humo,2B8f,1,"0,0",Sin emisión/remoción
3590,1996,3,Industria química,Producción petroquímica y de negro de humo,Producción petroquímica y de negro de humo,2B8f,1,"0,0",Sin emisión/remoción
3591,1997,3,Industria química,Producción petroquímica y de negro de humo,Producción petroquímica y de negro de humo,2B8f,1,"0,0",Sin emisión/remoción
3592,1998,3,Industria química,Producción petroquímica y de negro de humo,Producción petroquímica y de negro de humo,2B8f,1,"0,0",Sin emisión/remoción
3593,1999,3,Industria química,Producción petroquímica y de negro de humo,Producción petroquímica y de negro de humo,2B8f,1,"0,0",Sin emisión/remoción
3594,2000,3,Industria química,Producción petroquímica y de negro de humo,Producción petroquímica y de negro de humo,2B8f,1,"0,0",Sin emisión/remoción
3595,2001,3,Industria química,Producción petroquímica y de negro de humo,Producción petroquímica y de negro de humo,2B8f,1,"0,0",Sin emisión/remoción
3596,2002,3,Industria química,Producción petroquímica y de negro de humo,Producción petroquímica y de negro de humo,2B8f,1,"0,0",Sin emisión/remoción
3597,2003,3,Industria química,Producción petroquímica y de negro de humo,Producción petroquímica y de negro de humo,2B8f,1,"0,0",Sin emisión/remoción
3598,2004,3,Industria química,Producción petroquímica y de negro de humo,Producción petroquímica y de negro de humo,2B8f,1,"0,0",Sin emisión/remoción
3599,2005,3,Industria química,Producción petroquímica y de negro de humo,Producción petroquímica y de negro de humo,2B8f,1,"0,0",Sin emisión/remoción
3600,2006,3,Industria química,Producción petroquímica y de negro de humo,Producción petroquímica y de negro de humo,2B8f,1,"0,0",Sin emisión/remoción
3601,2007,3,Industria química,Producción petroquímica y de negro de humo,Producción petroquímica y de negro de humo,2B8f,1,"0,0",Sin emisión/remoción
3602,2008,3,Industria química,Producción petroquímica y de negro de humo,Producción petroquímica y de negro de humo,2B8f,1,"0,0",Sin emisión/remoción
3603,2009,3,Industria química,Producción petroquímica y de negro de humo,Producción petroquímica y de negro de humo,2B8f,1,"0,0",Sin emisión/remoción
3604,2010,3,Industria química,Producción petroquímica y de negro de humo,Producción petroquímica y de negro de humo,2B8f,1,"0,0",Sin emisión/remoción
3605,2011,3,Industria química,Producción petroquímica y de negro de humo,Producción petroquímica y de negro de humo,2B8f,1,"0,0",Sin emisión/remoción
3606,2012,3,Industria química,Producción petroquímica y de negro de humo,Producción petroquímica y de negro de humo,2B8f,1,"0,0",Sin emisión/remoción
3607,2013,3,Industria química,Producción petroquímica y de negro de humo,Producción petroquímica y de negro de humo,2B8f,1,"0,0",Sin emisión/remoción
3608,2014,3,Industria química,Producción petroquímica y de negro de humo,Producción petroquímica y de negro de humo,2B8f,1,"0,0",Sin emisión/remoción
3609,2015,3,Industria química,Producción petroquímica y de negro de humo,Producción petroquímica y de negro de humo,2B8f,1,"0,0",Sin emisión/remoción
3610,2016,3,Industria química,Producción petroquímica y de negro de humo,Producción petroquímica y de negro de humo,2B8f,1,"0,0",Sin emisión/remoción
3611,2017,3,Industria química,Producción petroquímica y de negro de humo,Producción petroquímica y de negro de humo,2B8f,1,"0,0",Sin emisión/remoción
3612,2018,3,Industria química,Producción petroquímica y de negro de humo,Producción petroquímica y de negro de humo,2B8f,1,"0,0",Sin emisión/remoción
3613,2019,3,Industria química,Producción petroquímica y de negro de humo,Producción petroquímica y de negro de humo,2B8f,1,"0,0",Sin emisión/remoción
3614,2020,3,Industria química,Producción petroquímica y de negro de humo,Producción petroquímica y de negro de humo,2B8f,1,"0,0",Sin emisión/remoción
3615,2021,3,Industria química,Producción petroquímica y de negro de humo,Producción petroquímica y de negro de humo,2B8f,1,"0,0",Sin emisión/remoción
3616,2022,3,Industria química,Producción petroquímica y de negro de humo,Producción petroquímica y de negro de humo,2B8f,1,"0,0",Sin emisión/remoción
3617,2005,3,Industria química,Producción fluoroquímica,Producción fluoroquímica,2B9a,3,"0,13",Emisión
3618,2006,3,Industria química,Producción fluoroquímica,Producción fluoroquímica,2B9a,3,"0,08",Emisión
3619,2007,3,Industria química,Producción fluoroquímica,Producción fluoroquímica,2B9a,3,"0,08",Emisión
3620,2010,3,Industria química,Producción fluoroquímica,Producción fluoroquímica,2B9a,3,"0,06",Emisión
3621,2011,3,Industria química,Producción fluoroquímica,Producción fluoroquímica,2B9a,3,"0,0",Sin emisión/remoción
3622,2013,3,Industria química,Producción fluoroquímica,Producción fluoroquímica,2B9a,3,"0,24",Emisión
3623,2014,3,Industria química,Producción fluoroquímica,Producción fluoroquímica,2B9a,3,"0,85",Emisión
3624,2015,3,Industria química,Producción fluoroquímica,Producción fluoroquímica,2B9a,3,"0,91",Emisión
3625,2016,3,Industria química,Producción fluoroquímica,Producción fluoroquímica,2B9a,3,"0,65",Emisión
3626,2017,3,Industria química,Producción fluoroquímica,Producción fluoroquímica,2B9a,3,"0,68",Emisión
3627,2018,3,Industria química,Producción fluoroquímica,Producción fluoroquímica,2B9a,3,"0,44",Emisión
3628,2019,3,Industria química,Producción fluoroquímica,Producción fluoroquímica,2B9a,3,"0,6",Emisión
3629,2020,3,Industria química,Producción fluoroquímica,Producción fluoroquímica,2B9a,3,"0,45",Emisión
3630,2021,3,Industria química,Producción fluoroquímica,Producción fluoroquímica,2B9a,3,"0,41",Emisión
3631,2022,3,Industria química,Producción fluoroquímica,Producción fluoroquímica,2B9a,3,"0,21",Emisión
3632,1990,3,Industria de los metales,Producción de hierro y acero,Producción de hierro y acero,2C1,2,"4,5",Emisión
3633,1991,3,Industria de los metales,Producción de hierro y acero,Producción de hierro y acero,2C1,2,"3,41",Emisión
3634,1992,3,Industria de los metales,Producción de hierro y acero,Producción de hierro y acero,2C1,2,"2,96",Emisión
3635,1993,3,Industria de los metales,Producción de hierro y acero,Producción de hierro y acero,2C1,2,"2,99",Emisión
3636,1994,3,Industria de los metales,Producción de hierro y acero,Producción de hierro y acero,2C1,2,"3,83",Emisión
3637,1995,3,Industria de los metales,Producción de hierro y acero,Producción de hierro y acero,2C1,2,"4,23",Emisión
3638,1996,3,Industria de los metales,Producción de hierro y acero,Producción de hierro y acero,2C1,2,"4,85",Emisión
3639,1997,3,Industria de los metales,Producción de hierro y acero,Producción de hierro y acero,2C1,2,"5,16",Emisión
3640,1998,3,Industria de los metales,Producción de hierro y acero,Producción de hierro y acero,2C1,2,"5,3",Emisión
3641,1999,3,Industria de los metales,Producción de hierro y acero,Producción de hierro y acero,2C1,2,"4,72",Emisión
3642,2000,3,Industria de los metales,Producción de hierro y acero,Producción de hierro y acero,2C1,2,"5,27",Emisión
3643,2001,3,Industria de los metales,Producción de hierro y acero,Producción de hierro y acero,2C1,2,"4,72",Emisión
3644,2002,3,Industria de los metales,Producción de hierro y acero,Producción de hierro y acero,2C1,2,"5,27",Emisión
3645,2003,3,Industria de los metales,Producción de hierro y acero,Producción de hierro y acero,2C1,2,"5,84",Emisión
3646,2004,3,Industria de los metales,Producción de hierro y acero,Producción de hierro y acero,2C1,2,"5,88",Emisión
3647,2005,3,Industria de los metales,Producción de hierro y acero,Producción de hierro y acero,2C1,2,"6,43",Emisión
3648,2006,3,Industria de los metales,Producción de hierro y acero,Producción de hierro y acero,2C1,2,"6,17",Emisión
3649,2007,3,Industria de los metales,Producción de hierro y acero,Producción de hierro y acero,2C1,2,"6,33",Emisión
3650,2008,3,Industria de los metales,Producción de hierro y acero,Producción de hierro y acero,2C1,2,"6,26",Emisión
3651,2009,3,Industria de los metales,Producción de hierro y acero,Producción de hierro y acero,2C1,2,"4,74",Emisión
3652,2010,3,Industria de los metales,Producción de hierro y acero,Producción de hierro y acero,2C1,2,"6,29",Emisión
3653,2011,3,Industria de los metales,Producción de hierro y acero,Producción de hierro y acero,2C1,2,"6,92",Emisión
3654,2012,3,Industria de los metales,Producción de hierro y acero,Producción de hierro y acero,2C1,2,"5,69",Emisión
3655,2013,3,Industria de los metales,Producción de hierro y acero,Producción de hierro y acero,2C1,2,"6,31",Emisión
3656,2014,3,Industria de los metales,Producción de hierro y acero,Producción de hierro y acero,2C1,2,"6,8",Emisión
3657,2015,3,Industria de los metales,Producción de hierro y acero,Producción de hierro y acero,2C1,2,"6,35",Emisión
3658,2016,3,Industria de los metales,Producción de hierro y acero,Producción de hierro y acero,2C1,2,"4,95",Emisión
3659,2017,3,Industria de los metales,Producción de hierro y acero,Producción de hierro y acero,2C1,2,"5,4",Emisión
3660,2018,3,Industria de los metales,Producción de hierro y acero,Producción de hierro y acero,2C1,2,"5,77",Emisión
3661,2019,3,Industria de los metales,Producción de hierro y acero,Producción de hierro y acero,2C1,2,"4,93",Emisión
3662,2020,3,Industria de los metales,Producción de hierro y acero,Producción de hierro y acero,2C1,2,"4,31",Emisión
3663,2021,3,Industria de los metales,Producción de hierro y acero,Producción de hierro y acero,2C1,2,"5,15",Emisión
3664,2022,3,Industria de los metales,Producción de hierro y acero,Producción de hierro y acero,2C1,2,"5,28",Emisión
3665,1990,3,Industria de los metales,Producción de hierro y acero,Producción de hierro y acero,2C1,1,"0,0",Sin emisión/remoción
3666,1991,3,Industria de los metales,Producción de hierro y acero,Producción de hierro y acero,2C1,1,"0,0",Sin emisión/remoción
3667,1992,3,Industria de los metales,Producción de hierro y acero,Producción de hierro y acero,2C1,1,"0,0",Sin emisión/remoción
3668,1993,3,Industria de los metales,Producción de hierro y acero,Producción de hierro y acero,2C1,1,"0,0",Sin emisión/remoción
3669,1994,3,Industria de los metales,Producción de hierro y acero,Producción de hierro y acero,2C1,1,"0,0",Sin emisión/remoción
3670,1995,3,Industria de los metales,Producción de hierro y acero,Producción de hierro y acero,2C1,1,"0,0",Sin emisión/remoción
3671,1996,3,Industria de los metales,Producción de hierro y acero,Producción de hierro y acero,2C1,1,"0,0",Sin emisión/remoción
3672,1997,3,Industria de los metales,Producción de hierro y acero,Producción de hierro y acero,2C1,1,"0,0",Sin emisión/remoción
3673,1998,3,Industria de los metales,Producción de hierro y acero,Producción de hierro y acero,2C1,1,"0,0",Sin emisión/remoción
3674,1999,3,Industria de los metales,Producción de hierro y acero,Producción de hierro y acero,2C1,1,"0,0",Sin emisión/remoción
3675,2000,3,Industria de los metales,Producción de hierro y acero,Producción de hierro y acero,2C1,1,"0,0",Sin emisión/remoción
3676,2001,3,Industria de los metales,Producción de hierro y acero,Producción de hierro y acero,2C1,1,"0,0",Sin emisión/remoción
3677,2002,3,Industria de los metales,Producción de hierro y acero,Producción de hierro y acero,2C1,1,"0,0",Sin emisión/remoción
3678,2003,3,Industria de los metales,Producción de hierro y acero,Producción de hierro y acero,2C1,1,"0,0",Sin emisión/remoción
3679,2004,3,Industria de los metales,Producción de hierro y acero,Producción de hierro y acero,2C1,1,"0,0",Sin emisión/remoción
3680,2005,3,Industria de los metales,Producción de hierro y acero,Producción de hierro y acero,2C1,1,"0,0",Sin emisión/remoción
3681,2006,3,Industria de los metales,Producción de hierro y acero,Producción de hierro y acero,2C1,1,"0,0",Sin emisión/remoción
3682,2007,3,Industria de los metales,Producción de hierro y acero,Producción de hierro y acero,2C1,1,"0,0",Sin emisión/remoción
3683,2008,3,Industria de los metales,Producción de hierro y acero,Producción de hierro y acero,2C1,1,"0,0",Sin emisión/remoción
3684,2009,3,Industria de los metales,Producción de hierro y acero,Producción de hierro y acero,2C1,1,"0,0",Sin emisión/remoción
3685,2010,3,Industria de los metales,Producción de hierro y acero,Producción de hierro y acero,2C1,1,"0,0",Sin emisión/remoción
3686,2011,3,Industria de los metales,Producción de hierro y acero,Producción de hierro y acero,2C1,1,"0,0",Sin emisión/remoción
3687,2012,3,Industria de los metales,Producción de hierro y acero,Producción de hierro y acero,2C1,1,"0,0",Sin emisión/remoción
3688,2013,3,Industria de los metales,Producción de hierro y acero,Producción de hierro y acero,2C1,1,"0,0",Sin emisión/remoción
3689,2014,3,Industria de los metales,Producción de hierro y acero,Producción de hierro y acero,2C1,1,"0,0",Sin emisión/remoción
3690,2015,3,Industria de los metales,Producción de hierro y acero,Producción de hierro y acero,2C1,1,"0,0",Sin emisión/remoción
3691,2016,3,Industria de los metales,Producción de hierro y acero,Producción de hierro y acero,2C1,1,"0,0",Sin emisión/remoción
3692,2017,3,Industria de los metales,Producción de hierro y acero,Producción de hierro y acero,2C1,1,"0,0",Sin emisión/remoción
3693,2018,3,Industria de los metales,Producción de hierro y acero,Producción de hierro y acero,2C1,1,"0,0",Sin emisión/remoción
3694,2019,3,Industria de los metales,Producción de hierro y acero,Producción de hierro y acero,2C1,1,"0,0",Sin emisión/remoción
3695,2020,3,Industria de los metales,Producción de hierro y acero,Producción de hierro y acero,2C1,1,"0,0",Sin emisión/remoción
3696,2021,3,Industria de los metales,Producción de hierro y acero,Producción de hierro y acero,2C1,1,"0,0",Sin emisión/remoción
3697,2022,3,Industria de los metales,Producción de hierro y acero,Producción de hierro y acero,2C1,1,"0,0",Sin emisión/remoción
3698,1990,3,Industria de los metales,Otros Industrias de los Metales,Otros Industrias de los Metales,2C2,2,"0,07",Emisión
3699,1991,3,Industria de los metales,Otros Industrias de los Metales,Otros Industrias de los Metales,2C2,2,"0,07",Emisión
3700,1992,3,Industria de los metales,Otros Industrias de los Metales,Otros Industrias de los Metales,2C2,2,"0,07",Emisión
3701,1993,3,Industria de los metales,Otros Industrias de los Metales,Otros Industrias de los Metales,2C2,2,"0,07",Emisión
3702,1994,3,Industria de los metales,Otros Industrias de los Metales,Otros Industrias de los Metales,2C2,2,"0,07",Emisión
3703,1995,3,Industria de los metales,Otros Industrias de los Metales,Otros Industrias de los Metales,2C2,2,"0,07",Emisión
3704,1996,3,Industria de los metales,Otros Industrias de los Metales,Otros Industrias de los Metales,2C2,2,"0,07",Emisión
3705,1997,3,Industria de los metales,Otros Industrias de los Metales,Otros Industrias de los Metales,2C2,2,"0,07",Emisión
3706,1998,3,Industria de los metales,Otros Industrias de los Metales,Otros Industrias de los Metales,2C2,2,"0,07",Emisión
3707,1999,3,Industria de los metales,Otros Industrias de los Metales,Otros Industrias de los Metales,2C2,2,"0,07",Emisión
3708,2000,3,Industria de los metales,Otros Industrias de los Metales,Otros Industrias de los Metales,2C2,2,"0,07",Emisión
3709,2001,3,Industria de los metales,Otros Industrias de los Metales,Otros Industrias de los Metales,2C2,2,"0,13",Emisión
3710,2002,3,Industria de los metales,Otros Industrias de los Metales,Otros Industrias de los Metales,2C2,2,"0,07",Emisión
3711,2003,3,Industria de los metales,Otros Industrias de los Metales,Otros Industrias de los Metales,2C2,2,"0,07",Emisión
3712,2004,3,Industria de los metales,Otros Industrias de los Metales,Otros Industrias de los Metales,2C2,2,"0,04",Emisión
3713,2005,3,Industria de los metales,Otros Industrias de los Metales,Otros Industrias de los Metales,2C2,2,"0,07",Emisión
3714,2006,3,Industria de los metales,Otros Industrias de los Metales,Otros Industrias de los Metales,2C2,2,"0,07",Emisión
3715,2007,3,Industria de los metales,Otros Industrias de los Metales,Otros Industrias de los Metales,2C2,2,"0,07",Emisión
3716,2008,3,Industria de los metales,Otros Industrias de los Metales,Otros Industrias de los Metales,2C2,2,"0,07",Emisión
3717,2009,3,Industria de los metales,Otros Industrias de los Metales,Otros Industrias de los Metales,2C2,2,"0,04",Emisión
3718,2010,3,Industria de los metales,Otros Industrias de los Metales,Otros Industrias de los Metales,2C2,2,"0,05",Emisión
3719,2011,3,Industria de los metales,Otros Industrias de los Metales,Otros Industrias de los Metales,2C2,2,"0,05",Emisión
3720,2012,3,Industria de los metales,Otros Industrias de los Metales,Otros Industrias de los Metales,2C2,2,"0,05",Emisión
3721,2013,3,Industria de los metales,Otros Industrias de los Metales,Otros Industrias de los Metales,2C2,2,"0,05",Emisión
3722,2014,3,Industria de los metales,Otros Industrias de los Metales,Otros Industrias de los Metales,2C2,2,"0,05",Emisión
3723,2015,3,Industria de los metales,Otros Industrias de los Metales,Otros Industrias de los Metales,2C2,2,"0,05",Emisión
3724,2016,3,Industria de los metales,Otros Industrias de los Metales,Otros Industrias de los Metales,2C2,2,"0,05",Emisión
3725,2017,3,Industria de los metales,Otros Industrias de los Metales,Otros Industrias de los Metales,2C2,2,"0,05",Emisión
3726,2018,3,Industria de los metales,Otros Industrias de los Metales,Otros Industrias de los Metales,2C2,2,"0,05",Emisión
3727,2019,3,Industria de los metales,Otros Industrias de los Metales,Otros Industrias de los Metales,2C2,2,"0,05",Emisión
3728,2020,3,Industria de los metales,Otros Industrias de los Metales,Otros Industrias de los Metales,2C2,2,"0,05",Emisión
3729,2021,3,Industria de los metales,Otros Industrias de los Metales,Otros Industrias de los Metales,2C2,2,"0,05",Emisión
3730,2022,3,Industria de los metales,Otros Industrias de los Metales,Otros Industrias de los Metales,2C2,2,"0,05",Emisión
3731,1990,3,Industria de los metales,Otros Industrias de los Metales,Otros Industrias de los Metales,2C2,1,"0,0",Sin emisión/remoción
3732,1991,3,Industria de los metales,Otros Industrias de los Metales,Otros Industrias de los Metales,2C2,1,"0,0",Sin emisión/remoción
3733,1992,3,Industria de los metales,Otros Industrias de los Metales,Otros Industrias de los Metales,2C2,1,"0,0",Sin emisión/remoción
3734,1993,3,Industria de los metales,Otros Industrias de los Metales,Otros Industrias de los Metales,2C2,1,"0,0",Sin emisión/remoción
3735,1994,3,Industria de los metales,Otros Industrias de los Metales,Otros Industrias de los Metales,2C2,1,"0,0",Sin emisión/remoción
3736,1995,3,Industria de los metales,Otros Industrias de los Metales,Otros Industrias de los Metales,2C2,1,"0,0",Sin emisión/remoción
3737,1996,3,Industria de los metales,Otros Industrias de los Metales,Otros Industrias de los Metales,2C2,1,"0,0",Sin emisión/remoción
3738,1997,3,Industria de los metales,Otros Industrias de los Metales,Otros Industrias de los Metales,2C2,1,"0,0",Sin emisión/remoción
3739,1998,3,Industria de los metales,Otros Industrias de los Metales,Otros Industrias de los Metales,2C2,1,"0,0",Sin emisión/remoción
3740,1999,3,Industria de los metales,Otros Industrias de los Metales,Otros Industrias de los Metales,2C2,1,"0,0",Sin emisión/remoción
3741,2000,3,Industria de los metales,Otros Industrias de los Metales,Otros Industrias de los Metales,2C2,1,"0,0",Sin emisión/remoción
3742,2001,3,Industria de los metales,Otros Industrias de los Metales,Otros Industrias de los Metales,2C2,1,"0,0",Sin emisión/remoción
3743,2002,3,Industria de los metales,Otros Industrias de los Metales,Otros Industrias de los Metales,2C2,1,"0,0",Sin emisión/remoción
3744,2003,3,Industria de los metales,Otros Industrias de los Metales,Otros Industrias de los Metales,2C2,1,"0,0",Sin emisión/remoción
3745,2004,3,Industria de los metales,Otros Industrias de los Metales,Otros Industrias de los Metales,2C2,1,"0,0",Sin emisión/remoción
3746,2005,3,Industria de los metales,Otros Industrias de los Metales,Otros Industrias de los Metales,2C2,1,"0,0",Sin emisión/remoción
3747,2006,3,Industria de los metales,Otros Industrias de los Metales,Otros Industrias de los Metales,2C2,1,"0,0",Sin emisión/remoción
3748,2007,3,Industria de los metales,Otros Industrias de los Metales,Otros Industrias de los Metales,2C2,1,"0,0",Sin emisión/remoción
3749,2008,3,Industria de los metales,Otros Industrias de los Metales,Otros Industrias de los Metales,2C2,1,"0,0",Sin emisión/remoción
3750,2009,3,Industria de los metales,Otros Industrias de los Metales,Otros Industrias de los Metales,2C2,1,"0,0",Sin emisión/remoción
3751,2010,3,Industria de los metales,Otros Industrias de los Metales,Otros Industrias de los Metales,2C2,1,"0,0",Sin emisión/remoción
3752,2011,3,Industria de los metales,Otros Industrias de los Metales,Otros Industrias de los Metales,2C2,1,"0,0",Sin emisión/remoción
3753,2012,3,Industria de los metales,Otros Industrias de los Metales,Otros Industrias de los Metales,2C2,1,"0,0",Sin emisión/remoción
3754,2013,3,Industria de los metales,Otros Industrias de los Metales,Otros Industrias de los Metales,2C2,1,"0,0",Sin emisión/remoción
3755,2014,3,Industria de los metales,Otros Industrias de los Metales,Otros Industrias de los Metales,2C2,1,"0,0",Sin emisión/remoción
3756,2015,3,Industria de los metales,Otros Industrias de los Metales,Otros Industrias de los Metales,2C2,1,"0,0",Sin emisión/remoción
3757,2016,3,Industria de los metales,Otros Industrias de los Metales,Otros Industrias de los Metales,2C2,1,"0,0",Sin emisión/remoción
3758,2017,3,Industria de los metales,Otros Industrias de los Metales,Otros Industrias de los Metales,2C2,1,"0,0",Sin emisión/remoción
3759,2018,3,Industria de los metales,Otros Industrias de los Metales,Otros Industrias de los Metales,2C2,1,"0,0",Sin emisión/remoción
3760,2019,3,Industria de los metales,Otros Industrias de los Metales,Otros Industrias de los Metales,2C2,1,"0,0",Sin emisión/remoción
3761,2020,3,Industria de los metales,Otros Industrias de los Metales,Otros Industrias de los Metales,2C2,1,"0,0",Sin emisión/remoción
3762,2021,3,Industria de los metales,Otros Industrias de los Metales,Otros Industrias de los Metales,2C2,1,"0,0",Sin emisión/remoción
3763,2022,3,Industria de los metales,Otros Industrias de los Metales,Otros Industrias de los Metales,2C2,1,"0,0",Sin emisión/remoción
3764,1990,3,Industria de los metales,Producción de aluminio,Producción de aluminio,2C3,2,"0,27",Emisión
3765,1991,3,Industria de los metales,Producción de aluminio,Producción de aluminio,2C3,2,"0,27",Emisión
3766,1992,3,Industria de los metales,Producción de aluminio,Producción de aluminio,2C3,2,"0,27",Emisión
3767,1993,3,Industria de los metales,Producción de aluminio,Producción de aluminio,2C3,2,"0,27",Emisión
3768,1994,3,Industria de los metales,Producción de aluminio,Producción de aluminio,2C3,2,"0,28",Emisión
3769,1995,3,Industria de los metales,Producción de aluminio,Producción de aluminio,2C3,2,"0,29",Emisión
3770,1996,3,Industria de los metales,Producción de aluminio,Producción de aluminio,2C3,2,"0,29",Emisión
3771,1997,3,Industria de los metales,Producción de aluminio,Producción de aluminio,2C3,2,"0,29",Emisión
3772,1998,3,Industria de los metales,Producción de aluminio,Producción de aluminio,2C3,2,"0,3",Emisión
3773,1999,3,Industria de los metales,Producción de aluminio,Producción de aluminio,2C3,2,"0,33",Emisión
3774,2000,3,Industria de los metales,Producción de aluminio,Producción de aluminio,2C3,2,"0,42",Emisión
3775,2001,3,Industria de los metales,Producción de aluminio,Producción de aluminio,2C3,2,"0,39",Emisión
3776,2002,3,Industria de los metales,Producción de aluminio,Producción de aluminio,2C3,2,"0,43",Emisión
3777,2003,3,Industria de los metales,Producción de aluminio,Producción de aluminio,2C3,2,"0,44",Emisión
3778,2004,3,Industria de los metales,Producción de aluminio,Producción de aluminio,2C3,2,"0,43",Emisión
3779,2005,3,Industria de los metales,Producción de aluminio,Producción de aluminio,2C3,2,"0,43",Emisión
3780,2006,3,Industria de los metales,Producción de aluminio,Producción de aluminio,2C3,2,"0,44",Emisión
3781,2007,3,Industria de los metales,Producción de aluminio,Producción de aluminio,2C3,2,"0,47",Emisión
3782,2008,3,Industria de los metales,Producción de aluminio,Producción de aluminio,2C3,2,"0,64",Emisión
3783,2009,3,Industria de los metales,Producción de aluminio,Producción de aluminio,2C3,2,"0,65",Emisión
3784,2010,3,Industria de los metales,Producción de aluminio,Producción de aluminio,2C3,2,"0,66",Emisión
3785,2011,3,Industria de los metales,Producción de aluminio,Producción de aluminio,2C3,2,"0,67",Emisión
3786,2012,3,Industria de los metales,Producción de aluminio,Producción de aluminio,2C3,2,"0,66",Emisión
3787,2013,3,Industria de los metales,Producción de aluminio,Producción de aluminio,2C3,2,"0,7",Emisión
3788,2014,3,Industria de los metales,Producción de aluminio,Producción de aluminio,2C3,2,"0,71",Emisión
3789,2015,3,Industria de los metales,Producción de aluminio,Producción de aluminio,2C3,2,"0,69",Emisión
3790,2016,3,Industria de los metales,Producción de aluminio,Producción de aluminio,2C3,2,"0,69",Emisión
3791,2017,3,Industria de los metales,Producción de aluminio,Producción de aluminio,2C3,2,"0,69",Emisión
3792,2018,3,Industria de los metales,Producción de aluminio,Producción de aluminio,2C3,2,"0,7",Emisión
3793,2019,3,Industria de los metales,Producción de aluminio,Producción de aluminio,2C3,2,"0,7",Emisión
3794,2020,3,Industria de los metales,Producción de aluminio,Producción de aluminio,2C3,2,"0,5",Emisión
3795,2021,3,Industria de los metales,Producción de aluminio,Producción de aluminio,2C3,2,"0,54",Emisión
3796,2022,3,Industria de los metales,Producción de aluminio,Producción de aluminio,2C3,2,"0,64",Emisión
3797,1990,3,Industria de los metales,Producción de aluminio,Producción de aluminio,2C3,5,"0,04",Emisión
3798,1991,3,Industria de los metales,Producción de aluminio,Producción de aluminio,2C3,5,"0,04",Emisión
3799,1992,3,Industria de los metales,Producción de aluminio,Producción de aluminio,2C3,5,"0,04",Emisión
3800,1993,3,Industria de los metales,Producción de aluminio,Producción de aluminio,2C3,5,"0,04",Emisión
3801,1994,3,Industria de los metales,Producción de aluminio,Producción de aluminio,2C3,5,"0,04",Emisión
3802,1995,3,Industria de los metales,Producción de aluminio,Producción de aluminio,2C3,5,"0,05",Emisión
3803,1996,3,Industria de los metales,Producción de aluminio,Producción de aluminio,2C3,5,"0,05",Emisión
3804,1997,3,Industria de los metales,Producción de aluminio,Producción de aluminio,2C3,5,"0,05",Emisión
3805,1998,3,Industria de los metales,Producción de aluminio,Producción de aluminio,2C3,5,"0,05",Emisión
3806,1999,3,Industria de los metales,Producción de aluminio,Producción de aluminio,2C3,5,"0,05",Emisión
3807,2000,3,Industria de los metales,Producción de aluminio,Producción de aluminio,2C3,5,"0,07",Emisión
3808,2001,3,Industria de los metales,Producción de aluminio,Producción de aluminio,2C3,5,"0,06",Emisión
3809,2002,3,Industria de los metales,Producción de aluminio,Producción de aluminio,2C3,5,"0,07",Emisión
3810,2003,3,Industria de los metales,Producción de aluminio,Producción de aluminio,2C3,5,"0,07",Emisión
3811,2004,3,Industria de los metales,Producción de aluminio,Producción de aluminio,2C3,5,"0,07",Emisión
3812,2005,3,Industria de los metales,Producción de aluminio,Producción de aluminio,2C3,5,"0,07",Emisión
3813,2006,3,Industria de los metales,Producción de aluminio,Producción de aluminio,2C3,5,"0,01",Emisión
3814,2007,3,Industria de los metales,Producción de aluminio,Producción de aluminio,2C3,5,"0,01",Emisión
3815,2008,3,Industria de los metales,Producción de aluminio,Producción de aluminio,2C3,5,"0,01",Emisión
3816,2009,3,Industria de los metales,Producción de aluminio,Producción de aluminio,2C3,5,"0,01",Emisión
3817,2010,3,Industria de los metales,Producción de aluminio,Producción de aluminio,2C3,5,"0,01",Emisión
3818,2011,3,Industria de los metales,Producción de aluminio,Producción de aluminio,2C3,5,"0,01",Emisión
3819,2012,3,Industria de los metales,Producción de aluminio,Producción de aluminio,2C3,5,"0,01",Emisión
3820,2013,3,Industria de los metales,Producción de aluminio,Producción de aluminio,2C3,5,"0,01",Emisión
3821,2014,3,Industria de los metales,Producción de aluminio,Producción de aluminio,2C3,5,"0,01",Emisión
3822,2015,3,Industria de los metales,Producción de aluminio,Producción de aluminio,2C3,5,"0,01",Emisión
3823,2016,3,Industria de los metales,Producción de aluminio,Producción de aluminio,2C3,5,"0,01",Emisión
3824,2017,3,Industria de los metales,Producción de aluminio,Producción de aluminio,2C3,5,"0,01",Emisión
3825,2018,3,Industria de los metales,Producción de aluminio,Producción de aluminio,2C3,5,"0,01",Emisión
3826,2019,3,Industria de los metales,Producción de aluminio,Producción de aluminio,2C3,5,"0,01",Emisión
3827,2020,3,Industria de los metales,Producción de aluminio,Producción de aluminio,2C3,5,"0,01",Emisión
3828,2021,3,Industria de los metales,Producción de aluminio,Producción de aluminio,2C3,5,"0,01",Emisión
3829,2022,3,Industria de los metales,Producción de aluminio,Producción de aluminio,2C3,5,"0,01",Emisión
3830,1990,3,Industria de los metales,Producción de aluminio,Producción de aluminio,2C3,5,"0,01",Emisión
3831,1991,3,Industria de los metales,Producción de aluminio,Producción de aluminio,2C3,5,"0,01",Emisión
3832,1992,3,Industria de los metales,Producción de aluminio,Producción de aluminio,2C3,5,"0,01",Emisión
3833,1993,3,Industria de los metales,Producción de aluminio,Producción de aluminio,2C3,5,"0,01",Emisión
3834,1994,3,Industria de los metales,Producción de aluminio,Producción de aluminio,2C3,5,"0,01",Emisión
3835,1995,3,Industria de los metales,Producción de aluminio,Producción de aluminio,2C3,5,"0,01",Emisión
3836,1996,3,Industria de los metales,Producción de aluminio,Producción de aluminio,2C3,5,"0,01",Emisión
3837,1997,3,Industria de los metales,Producción de aluminio,Producción de aluminio,2C3,5,"0,01",Emisión
3838,1998,3,Industria de los metales,Producción de aluminio,Producción de aluminio,2C3,5,"0,01",Emisión
3839,1999,3,Industria de los metales,Producción de aluminio,Producción de aluminio,2C3,5,"0,01",Emisión
3840,2000,3,Industria de los metales,Producción de aluminio,Producción de aluminio,2C3,5,"0,01",Emisión
3841,2001,3,Industria de los metales,Producción de aluminio,Producción de aluminio,2C3,5,"0,01",Emisión
3842,2002,3,Industria de los metales,Producción de aluminio,Producción de aluminio,2C3,5,"0,01",Emisión
3843,2003,3,Industria de los metales,Producción de aluminio,Producción de aluminio,2C3,5,"0,01",Emisión
3844,2004,3,Industria de los metales,Producción de aluminio,Producción de aluminio,2C3,5,"0,01",Emisión
3845,2005,3,Industria de los metales,Producción de aluminio,Producción de aluminio,2C3,5,"0,01",Emisión
3846,2006,3,Industria de los metales,Producción de aluminio,Producción de aluminio,2C3,5,"0,0",Sin emisión/remoción
3847,2007,3,Industria de los metales,Producción de aluminio,Producción de aluminio,2C3,5,"0,0",Sin emisión/remoción
3848,2008,3,Industria de los metales,Producción de aluminio,Producción de aluminio,2C3,5,"0,0",Sin emisión/remoción
3849,2009,3,Industria de los metales,Producción de aluminio,Producción de aluminio,2C3,5,"0,0",Sin emisión/remoción
3850,2010,3,Industria de los metales,Producción de aluminio,Producción de aluminio,2C3,5,"0,0",Sin emisión/remoción
3851,2011,3,Industria de los metales,Producción de aluminio,Producción de aluminio,2C3,5,"0,0",Sin emisión/remoción
3852,2012,3,Industria de los metales,Producción de aluminio,Producción de aluminio,2C3,5,"0,0",Sin emisión/remoción
3853,2013,3,Industria de los metales,Producción de aluminio,Producción de aluminio,2C3,5,"0,0",Sin emisión/remoción
3854,2014,3,Industria de los metales,Producción de aluminio,Producción de aluminio,2C3,5,"0,0",Sin emisión/remoción
3855,2015,3,Industria de los metales,Producción de aluminio,Producción de aluminio,2C3,5,"0,0",Sin emisión/remoción
3856,2016,3,Industria de los metales,Producción de aluminio,Producción de aluminio,2C3,5,"0,0",Sin emisión/remoción
3857,2017,3,Industria de los metales,Producción de aluminio,Producción de aluminio,2C3,5,"0,0",Sin emisión/remoción
3858,2018,3,Industria de los metales,Producción de aluminio,Producción de aluminio,2C3,5,"0,0",Sin emisión/remoción
3859,2019,3,Industria de los metales,Producción de aluminio,Producción de aluminio,2C3,5,"0,0",Sin emisión/remoción
3860,2020,3,Industria de los metales,Producción de aluminio,Producción de aluminio,2C3,5,"0,0",Sin emisión/remoción
3861,2021,3,Industria de los metales,Producción de aluminio,Producción de aluminio,2C3,5,"0,0",Sin emisión/remoción
3862,2022,3,Industria de los metales,Producción de aluminio,Producción de aluminio,2C3,5,"0,0",Sin emisión/remoción
3863,1990,3,Industria de los metales,Otros Industrias de los Metales,Otros Industrias de los Metales,2C6,2,"0,05",Emisión
3864,1991,3,Industria de los metales,Otros Industrias de los Metales,Otros Industrias de los Metales,2C6,2,"0,06",Emisión
3865,1992,3,Industria de los metales,Otros Industrias de los Metales,Otros Industrias de los Metales,2C6,2,"0,06",Emisión
3866,1993,3,Industria de los metales,Otros Industrias de los Metales,Otros Industrias de los Metales,2C6,2,"0,05",Emisión
3867,1994,3,Industria de los metales,Otros Industrias de los Metales,Otros Industrias de los Metales,2C6,2,"0,06",Emisión
3868,1995,3,Industria de los metales,Otros Industrias de los Metales,Otros Industrias de los Metales,2C6,2,"0,06",Emisión
3869,1996,3,Industria de los metales,Otros Industrias de los Metales,Otros Industrias de los Metales,2C6,2,"0,06",Emisión
3870,1997,3,Industria de los metales,Otros Industrias de los Metales,Otros Industrias de los Metales,2C6,2,"0,07",Emisión
3871,1998,3,Industria de los metales,Otros Industrias de los Metales,Otros Industrias de los Metales,2C6,2,"0,07",Emisión
3872,1999,3,Industria de los metales,Otros Industrias de los Metales,Otros Industrias de los Metales,2C6,2,"0,07",Emisión
3873,2000,3,Industria de los metales,Otros Industrias de los Metales,Otros Industrias de los Metales,2C6,2,"0,06",Emisión
3874,2001,3,Industria de los metales,Otros Industrias de los Metales,Otros Industrias de los Metales,2C6,2,"0,07",Emisión
3875,2002,3,Industria de los metales,Otros Industrias de los Metales,Otros Industrias de los Metales,2C6,2,"0,07",Emisión
3876,2003,3,Industria de los metales,Otros Industrias de los Metales,Otros Industrias de los Metales,2C6,2,"0,07",Emisión
3877,2004,3,Industria de los metales,Otros Industrias de los Metales,Otros Industrias de los Metales,2C6,2,"0,06",Emisión
3878,2005,3,Industria de los metales,Otros Industrias de los Metales,Otros Industrias de los Metales,2C6,2,"0,06",Emisión
3879,2006,3,Industria de los metales,Otros Industrias de los Metales,Otros Industrias de los Metales,2C6,2,"0,07",Emisión
3880,2007,3,Industria de los metales,Otros Industrias de los Metales,Otros Industrias de los Metales,2C6,2,"0,07",Emisión
3881,2008,3,Industria de los metales,Otros Industrias de los Metales,Otros Industrias de los Metales,2C6,2,"0,07",Emisión
3882,2009,3,Industria de los metales,Otros Industrias de los Metales,Otros Industrias de los Metales,2C6,2,"0,06",Emisión
3883,2010,3,Industria de los metales,Otros Industrias de los Metales,Otros Industrias de los Metales,2C6,2,"0,07",Emisión
3884,2011,3,Industria de los metales,Otros Industrias de los Metales,Otros Industrias de los Metales,2C6,2,"0,07",Emisión
3885,2012,3,Industria de los metales,Otros Industrias de los Metales,Otros Industrias de los Metales,2C6,2,"0,07",Emisión
3886,2013,3,Industria de los metales,Otros Industrias de los Metales,Otros Industrias de los Metales,2C6,2,"0,06",Emisión
3887,2014,3,Industria de los metales,Otros Industrias de los Metales,Otros Industrias de los Metales,2C6,2,"0,05",Emisión
3888,2015,3,Industria de los metales,Otros Industrias de los Metales,Otros Industrias de los Metales,2C6,2,"0,05",Emisión
3889,2016,3,Industria de los metales,Otros Industrias de los Metales,Otros Industrias de los Metales,2C6,2,"0,05",Emisión
3890,2017,3,Industria de los metales,Otros Industrias de los Metales,Otros Industrias de los Metales,2C6,2,"0,05",Emisión
3891,2018,3,Industria de los metales,Otros Industrias de los Metales,Otros Industrias de los Metales,2C6,2,"0,05",Emisión
3892,2019,3,Industria de los metales,Otros Industrias de los Metales,Otros Industrias de los Metales,2C6,2,"0,05",Emisión
3893,2020,3,Industria de los metales,Otros Industrias de los Metales,Otros Industrias de los Metales,2C6,2,"0,05",Emisión
3894,2021,3,Industria de los metales,Otros Industrias de los Metales,Otros Industrias de los Metales,2C6,2,"0,05",Emisión
3895,2022,3,Industria de los metales,Otros Industrias de los Metales,Otros Industrias de los Metales,2C6,2,"0,05",Emisión
3896,1990,3,Uso de productos,Uso no energético,Uso de productos no energéticos de combustibles y de solvente,2D1,2,"0,11",Emisión
3897,1991,3,Uso de productos,Uso no energético,Uso de productos no energéticos de combustibles y de solvente,2D1,2,"0,12",Emisión
3898,1992,3,Uso de productos,Uso no energético,Uso de productos no energéticos de combustibles y de solvente,2D1,2,"0,13",Emisión
3899,1993,3,Uso de productos,Uso no energético,Uso de productos no energéticos de combustibles y de solvente,2D1,2,"0,14",Emisión
3900,1994,3,Uso de productos,Uso no energético,Uso de productos no energéticos de combustibles y de solvente,2D1,2,"0,12",Emisión
3901,1995,3,Uso de productos,Uso no energético,Uso de productos no energéticos de combustibles y de solvente,2D1,2,"0,11",Emisión
3902,1996,3,Uso de productos,Uso no energético,Uso de productos no energéticos de combustibles y de solvente,2D1,2,"0,11",Emisión
3903,1997,3,Uso de productos,Uso no energético,Uso de productos no energéticos de combustibles y de solvente,2D1,2,"0,12",Emisión
3904,1998,3,Uso de productos,Uso no energético,Uso de productos no energéticos de combustibles y de solvente,2D1,2,"0,12",Emisión
3905,1999,3,Uso de productos,Uso no energético,Uso de productos no energéticos de combustibles y de solvente,2D1,2,"0,11",Emisión
3906,2000,3,Uso de productos,Uso no energético,Uso de productos no energéticos de combustibles y de solvente,2D1,2,"0,1",Emisión
3907,2001,3,Uso de productos,Uso no energético,Uso de productos no energéticos de combustibles y de solvente,2D1,2,"0,09",Emisión
3908,2002,3,Uso de productos,Uso no energético,Uso de productos no energéticos de combustibles y de solvente,2D1,2,"0,08",Emisión
3909,2003,3,Uso de productos,Uso no energético,Uso de productos no energéticos de combustibles y de solvente,2D1,2,"0,09",Emisión
3910,2004,3,Uso de productos,Uso no energético,Uso de productos no energéticos de combustibles y de solvente,2D1,2,"0,11",Emisión
3911,2005,3,Uso de productos,Uso no energético,Uso de productos no energéticos de combustibles y de solvente,2D1,2,"0,12",Emisión
3912,2006,3,Uso de productos,Uso no energético,Uso de productos no energéticos de combustibles y de solvente,2D1,2,"0,12",Emisión
3913,2007,3,Uso de productos,Uso no energético,Uso de productos no energéticos de combustibles y de solvente,2D1,2,"0,12",Emisión
3914,2008,3,Uso de productos,Uso no energético,Uso de productos no energéticos de combustibles y de solvente,2D1,2,"0,12",Emisión
3915,2009,3,Uso de productos,Uso no energético,Uso de productos no energéticos de combustibles y de solvente,2D1,2,"0,1",Emisión
3916,2010,3,Uso de productos,Uso no energético,Uso de productos no energéticos de combustibles y de solvente,2D1,2,"0,18",Emisión
3917,2011,3,Uso de productos,Uso no energético,Uso de productos no energéticos de combustibles y de solvente,2D1,2,"0,18",Emisión
3918,2012,3,Uso de productos,Uso no energético,Uso de productos no energéticos de combustibles y de solvente,2D1,2,"0,17",Emisión
3919,2013,3,Uso de productos,Uso no energético,Uso de productos no energéticos de combustibles y de solvente,2D1,2,"0,17",Emisión
3920,2014,3,Uso de productos,Uso no energético,Uso de productos no energéticos de combustibles y de solvente,2D1,2,"0,17",Emisión
3921,2015,3,Uso de productos,Uso no energético,Uso de productos no energéticos de combustibles y de solvente,2D1,2,"0,18",Emisión
3922,2016,3,Uso de productos,Uso no energético,Uso de productos no energéticos de combustibles y de solvente,2D1,2,"0,17",Emisión
3923,2017,3,Uso de productos,Uso no energético,Uso de productos no energéticos de combustibles y de solvente,2D1,2,"0,13",Emisión
3924,2018,3,Uso de productos,Uso no energético,Uso de productos no energéticos de combustibles y de solvente,2D1,2,"0,12",Emisión
3925,2019,3,Uso de productos,Uso no energético,Uso de productos no energéticos de combustibles y de solvente,2D1,2,"0,11",Emisión
3926,2020,3,Uso de productos,Uso no energético,Uso de productos no energéticos de combustibles y de solvente,2D1,2,"0,1",Emisión
3927,2021,3,Uso de productos,Uso no energético,Uso de productos no energéticos de combustibles y de solvente,2D1,2,"0,11",Emisión
3928,2022,3,Uso de productos,Uso no energético,Uso de productos no energéticos de combustibles y de solvente,2D1,2,"0,12",Emisión
3929,1990,3,Uso de productos,Uso no energético,Uso de productos no energéticos de combustibles y de solvente,2D2,2,"0,0",Sin emisión/remoción
3930,1991,3,Uso de productos,Uso no energético,Uso de productos no energéticos de combustibles y de solvente,2D2,2,"0,0",Sin emisión/remoción
3931,1992,3,Uso de productos,Uso no energético,Uso de productos no energéticos de combustibles y de solvente,2D2,2,"0,0",Sin emisión/remoción
3932,1993,3,Uso de productos,Uso no energético,Uso de productos no energéticos de combustibles y de solvente,2D2,2,"0,0",Sin emisión/remoción
3933,1994,3,Uso de productos,Uso no energético,Uso de productos no energéticos de combustibles y de solvente,2D2,2,"0,0",Sin emisión/remoción
3934,1995,3,Uso de productos,Uso no energético,Uso de productos no energéticos de combustibles y de solvente,2D2,2,"0,0",Sin emisión/remoción
3935,1996,3,Uso de productos,Uso no energético,Uso de productos no energéticos de combustibles y de solvente,2D2,2,"0,0",Sin emisión/remoción
3936,1997,3,Uso de productos,Uso no energético,Uso de productos no energéticos de combustibles y de solvente,2D2,2,"0,0",Sin emisión/remoción
3937,1998,3,Uso de productos,Uso no energético,Uso de productos no energéticos de combustibles y de solvente,2D2,2,"0,01",Emisión
3938,1999,3,Uso de productos,Uso no energético,Uso de productos no energéticos de combustibles y de solvente,2D2,2,"0,01",Emisión
3939,2000,3,Uso de productos,Uso no energético,Uso de productos no energéticos de combustibles y de solvente,2D2,2,"0,01",Emisión
3940,2001,3,Uso de productos,Uso no energético,Uso de productos no energéticos de combustibles y de solvente,2D2,2,"0,0",Sin emisión/remoción
3941,2002,3,Uso de productos,Uso no energético,Uso de productos no energéticos de combustibles y de solvente,2D2,2,"0,01",Emisión
3942,2003,3,Uso de productos,Uso no energético,Uso de productos no energéticos de combustibles y de solvente,2D2,2,"0,01",Emisión
3943,2004,3,Uso de productos,Uso no energético,Uso de productos no energéticos de combustibles y de solvente,2D2,2,"0,01",Emisión
3944,2005,3,Uso de productos,Uso no energético,Uso de productos no energéticos de combustibles y de solvente,2D2,2,"0,01",Emisión
3945,2006,3,Uso de productos,Uso no energético,Uso de productos no energéticos de combustibles y de solvente,2D2,2,"0,01",Emisión
3946,2007,3,Uso de productos,Uso no energético,Uso de productos no energéticos de combustibles y de solvente,2D2,2,"0,01",Emisión
3947,2008,3,Uso de productos,Uso no energético,Uso de productos no energéticos de combustibles y de solvente,2D2,2,"0,01",Emisión
3948,2009,3,Uso de productos,Uso no energético,Uso de productos no energéticos de combustibles y de solvente,2D2,2,"0,01",Emisión
3949,2010,3,Uso de productos,Uso no energético,Uso de productos no energéticos de combustibles y de solvente,2D2,2,"0,01",Emisión
3950,2011,3,Uso de productos,Uso no energético,Uso de productos no energéticos de combustibles y de solvente,2D2,2,"0,01",Emisión
3951,2012,3,Uso de productos,Uso no energético,Uso de productos no energéticos de combustibles y de solvente,2D2,2,"0,01",Emisión
3952,2013,3,Uso de productos,Uso no energético,Uso de productos no energéticos de combustibles y de solvente,2D2,2,"0,01",Emisión
3953,2014,3,Uso de productos,Uso no energético,Uso de productos no energéticos de combustibles y de solvente,2D2,2,"0,01",Emisión
3954,2015,3,Uso de productos,Uso no energético,Uso de productos no energéticos de combustibles y de solvente,2D2,2,"0,01",Emisión
3955,2016,3,Uso de productos,Uso no energético,Uso de productos no energéticos de combustibles y de solvente,2D2,2,"0,01",Emisión
3956,2017,3,Uso de productos,Uso no energético,Uso de productos no energéticos de combustibles y de solvente,2D2,2,"0,01",Emisión
3957,2018,3,Uso de productos,Uso no energético,Uso de productos no energéticos de combustibles y de solvente,2D2,2,"0,0",Sin emisión/remoción
3958,2019,3,Uso de productos,Uso no energético,Uso de productos no energéticos de combustibles y de solvente,2D2,2,"0,0",Sin emisión/remoción
3959,2020,3,Uso de productos,Uso no energético,Uso de productos no energéticos de combustibles y de solvente,2D2,2,"0,01",Emisión
3960,2021,3,Uso de productos,Uso no energético,Uso de productos no energéticos de combustibles y de solvente,2D2,2,"0,01",Emisión
3961,2022,3,Uso de productos,Uso no energético,Uso de productos no energéticos de combustibles y de solvente,2D2,2,"0,01",Emisión
3962,1997,3,Uso de productos,Usos de Sustitutos de SAO,Usos de productos como sustitutos de las SAO,2F1e,3,"0,0",Sin emisión/remoción
3963,1998,3,Uso de productos,Usos de Sustitutos de SAO,Usos de productos como sustitutos de las SAO,2F1e,3,"0,02",Emisión
3964,1999,3,Uso de productos,Usos de Sustitutos de SAO,Usos de productos como sustitutos de las SAO,2F1e,3,"0,05",Emisión
3965,2000,3,Uso de productos,Usos de Sustitutos de SAO,Usos de productos como sustitutos de las SAO,2F1e,3,"0,09",Emisión
3966,2001,3,Uso de productos,Usos de Sustitutos de SAO,Usos de productos como sustitutos de las SAO,2F1e,3,"0,13",Emisión
3967,2002,3,Uso de productos,Usos de Sustitutos de SAO,Usos de productos como sustitutos de las SAO,2F1e,3,"0,19",Emisión
3968,2003,3,Uso de productos,Usos de Sustitutos de SAO,Usos de productos como sustitutos de las SAO,2F1e,3,"0,25",Emisión
3969,2004,3,Uso de productos,Usos de Sustitutos de SAO,Usos de productos como sustitutos de las SAO,2F1e,3,"0,31",Emisión
3970,2005,3,Uso de productos,Usos de Sustitutos de SAO,Usos de productos como sustitutos de las SAO,2F1e,3,"0,38",Emisión
3971,2006,3,Uso de productos,Usos de Sustitutos de SAO,Usos de productos como sustitutos de las SAO,2F1e,3,"0,45",Emisión
3972,2007,3,Uso de productos,Usos de Sustitutos de SAO,Usos de productos como sustitutos de las SAO,2F1e,3,"0,52",Emisión
3973,2008,3,Uso de productos,Usos de Sustitutos de SAO,Usos de productos como sustitutos de las SAO,2F1e,3,"0,59",Emisión
3974,2009,3,Uso de productos,Usos de Sustitutos de SAO,Usos de productos como sustitutos de las SAO,2F1e,3,"0,67",Emisión
3975,2009,3,Uso de productos,Usos de Sustitutos de SAO,Usos de productos como sustitutos de las SAO,2F1e,3,"0,0",Sin emisión/remoción
3976,2010,3,Uso de productos,Usos de Sustitutos de SAO,Usos de productos como sustitutos de las SAO,2F1e,3,"0,74",Emisión
3977,2010,3,Uso de productos,Usos de Sustitutos de SAO,Usos de productos como sustitutos de las SAO,2F1e,3,"0,0",Sin emisión/remoción
3978,2011,3,Uso de productos,Usos de Sustitutos de SAO,Usos de productos como sustitutos de las SAO,2F1e,3,"0,82",Emisión
3979,2011,3,Uso de productos,Usos de Sustitutos de SAO,Usos de productos como sustitutos de las SAO,2F1e,3,"0,0",Sin emisión/remoción
3980,2012,3,Uso de productos,Usos de Sustitutos de SAO,Usos de productos como sustitutos de las SAO,2F1e,3,"0,9",Emisión
3981,2012,3,Uso de productos,Usos de Sustitutos de SAO,Usos de productos como sustitutos de las SAO,2F1e,3,"0,0",Sin emisión/remoción
3982,2013,3,Uso de productos,Usos de Sustitutos de SAO,Usos de productos como sustitutos de las SAO,2F1e,3,"1,05",Emisión
3983,2013,3,Uso de productos,Usos de Sustitutos de SAO,Usos de productos como sustitutos de las SAO,2F1e,3,"0,0",Sin emisión/remoción
3984,2014,3,Uso de productos,Usos de Sustitutos de SAO,Usos de productos como sustitutos de las SAO,2F1e,3,"1,19",Emisión
3985,2014,3,Uso de productos,Usos de Sustitutos de SAO,Usos de productos como sustitutos de las SAO,2F1e,3,"0,0",Sin emisión/remoción
3986,2015,3,Uso de productos,Usos de Sustitutos de SAO,Usos de productos como sustitutos de las SAO,2F1e,3,"1,29",Emisión
3987,2015,3,Uso de productos,Usos de Sustitutos de SAO,Usos de productos como sustitutos de las SAO,2F1e,3,"0,0",Sin emisión/remoción
3988,2016,3,Uso de productos,Usos de Sustitutos de SAO,Usos de productos como sustitutos de las SAO,2F1e,3,"1,33",Emisión
3989,2016,3,Uso de productos,Usos de Sustitutos de SAO,Usos de productos como sustitutos de las SAO,2F1e,3,"0,0",Sin emisión/remoción
3990,2017,3,Uso de productos,Usos de Sustitutos de SAO,Usos de productos como sustitutos de las SAO,2F1e,3,"1,34",Emisión
3991,2017,3,Uso de productos,Usos de Sustitutos de SAO,Usos de productos como sustitutos de las SAO,2F1e,3,"0,0",Sin emisión/remoción
3992,2018,3,Uso de productos,Usos de Sustitutos de SAO,Usos de productos como sustitutos de las SAO,2F1e,3,"1,39",Emisión
3993,2018,3,Uso de productos,Usos de Sustitutos de SAO,Usos de productos como sustitutos de las SAO,2F1e,3,"0,0",Sin emisión/remoción
3994,2019,3,Uso de productos,Usos de Sustitutos de SAO,Usos de productos como sustitutos de las SAO,2F1e,3,"1,36",Emisión
3995,2019,3,Uso de productos,Usos de Sustitutos de SAO,Usos de productos como sustitutos de las SAO,2F1e,3,"0,0",Sin emisión/remoción
3996,2020,3,Uso de productos,Usos de Sustitutos de SAO,Usos de productos como sustitutos de las SAO,2F1e,3,"1,31",Emisión
3997,2020,3,Uso de productos,Usos de Sustitutos de SAO,Usos de productos como sustitutos de las SAO,2F1e,3,"0,0",Sin emisión/remoción
3998,2021,3,Uso de productos,Usos de Sustitutos de SAO,Usos de productos como sustitutos de las SAO,2F1e,3,"1,35",Emisión
3999,2021,3,Uso de productos,Usos de Sustitutos de SAO,Usos de productos como sustitutos de las SAO,2F1e,3,"0,0",Sin emisión/remoción
4000,2022,3,Uso de productos,Usos de Sustitutos de SAO,Usos de productos como sustitutos de las SAO,2F1e,3,"1,36",Emisión
4001,2022,3,Uso de productos,Usos de Sustitutos de SAO,Usos de productos como sustitutos de las SAO,2F1e,3,"0,0",Sin emisión/remoción
4002,1997,3,Uso de productos,Usos de Sustitutos de SAO,Usos de productos como sustitutos de las SAO,2F1f,3,"0,0",Sin emisión/remoción
4003,1998,3,Uso de productos,Usos de Sustitutos de SAO,Usos de productos como sustitutos de las SAO,2F1f,3,"0,0",Sin emisión/remoción
4004,1999,3,Uso de productos,Usos de Sustitutos de SAO,Usos de productos como sustitutos de las SAO,2F1f,3,"0,01",Emisión
4005,2000,3,Uso de productos,Usos de Sustitutos de SAO,Usos de productos como sustitutos de las SAO,2F1f,3,"0,02",Emisión
4006,2001,3,Uso de productos,Usos de Sustitutos de SAO,Usos de productos como sustitutos de las SAO,2F1f,3,"0,03",Emisión
4007,2002,3,Uso de productos,Usos de Sustitutos de SAO,Usos de productos como sustitutos de las SAO,2F1f,3,"0,04",Emisión
4008,2003,3,Uso de productos,Usos de Sustitutos de SAO,Usos de productos como sustitutos de las SAO,2F1f,3,"0,06",Emisión
4009,2004,3,Uso de productos,Usos de Sustitutos de SAO,Usos de productos como sustitutos de las SAO,2F1f,3,"0,08",Emisión
4010,2005,3,Uso de productos,Usos de Sustitutos de SAO,Usos de productos como sustitutos de las SAO,2F1f,3,"0,1",Emisión
4011,2006,3,Uso de productos,Usos de Sustitutos de SAO,Usos de productos como sustitutos de las SAO,2F1f,3,"0,14",Emisión
4012,2007,3,Uso de productos,Usos de Sustitutos de SAO,Usos de productos como sustitutos de las SAO,2F1f,3,"0,0",Sin emisión/remoción
4013,2007,3,Uso de productos,Usos de Sustitutos de SAO,Usos de productos como sustitutos de las SAO,2F1f,3,"0,16",Emisión
4014,2008,3,Uso de productos,Usos de Sustitutos de SAO,Usos de productos como sustitutos de las SAO,2F1f,3,"0,0",Sin emisión/remoción
4015,2008,3,Uso de productos,Usos de Sustitutos de SAO,Usos de productos como sustitutos de las SAO,2F1f,3,"0,18",Emisión
4016,2009,3,Uso de productos,Usos de Sustitutos de SAO,Usos de productos como sustitutos de las SAO,2F1f,3,"0,01",Emisión
4017,2009,3,Uso de productos,Usos de Sustitutos de SAO,Usos de productos como sustitutos de las SAO,2F1f,3,"0,2",Emisión
4018,2009,3,Uso de productos,Usos de Sustitutos de SAO,Usos de productos como sustitutos de las SAO,2F1f,3,"0,0",Sin emisión/remoción
4019,2010,3,Uso de productos,Usos de Sustitutos de SAO,Usos de productos como sustitutos de las SAO,2F1f,3,"0,01",Emisión
4020,2010,3,Uso de productos,Usos de Sustitutos de SAO,Usos de productos como sustitutos de las SAO,2F1f,3,"0,22",Emisión
4021,2010,3,Uso de productos,Usos de Sustitutos de SAO,Usos de productos como sustitutos de las SAO,2F1f,3,"0,0",Sin emisión/remoción
4022,2011,3,Uso de productos,Usos de Sustitutos de SAO,Usos de productos como sustitutos de las SAO,2F1f,3,"0,02",Emisión
4023,2011,3,Uso de productos,Usos de Sustitutos de SAO,Usos de productos como sustitutos de las SAO,2F1f,3,"0,0",Sin emisión/remoción
4024,2011,3,Uso de productos,Usos de Sustitutos de SAO,Usos de productos como sustitutos de las SAO,2F1f,3,"0,25",Emisión
4025,2012,3,Uso de productos,Usos de Sustitutos de SAO,Usos de productos como sustitutos de las SAO,2F1f,3,"0,02",Emisión
4026,2012,3,Uso de productos,Usos de Sustitutos de SAO,Usos de productos como sustitutos de las SAO,2F1f,3,"0,06",Emisión
4027,2012,3,Uso de productos,Usos de Sustitutos de SAO,Usos de productos como sustitutos de las SAO,2F1f,3,"0,27",Emisión
4028,2012,3,Uso de productos,Usos de Sustitutos de SAO,Usos de productos como sustitutos de las SAO,2F1f,3,"0,03",Emisión
4029,2012,3,Uso de productos,Usos de Sustitutos de SAO,Usos de productos como sustitutos de las SAO,2F1f,3,"0,0",Sin emisión/remoción
4030,2013,3,Uso de productos,Usos de Sustitutos de SAO,Usos de productos como sustitutos de las SAO,2F1f,3,"0,03",Emisión
4031,2013,3,Uso de productos,Usos de Sustitutos de SAO,Usos de productos como sustitutos de las SAO,2F1f,3,"0,17",Emisión
4032,2013,3,Uso de productos,Usos de Sustitutos de SAO,Usos de productos como sustitutos de las SAO,2F1f,3,"0,3",Emisión
4033,2013,3,Uso de productos,Usos de Sustitutos de SAO,Usos de productos como sustitutos de las SAO,2F1f,3,"0,08",Emisión
4034,2013,3,Uso de productos,Usos de Sustitutos de SAO,Usos de productos como sustitutos de las SAO,2F1f,3,"0,0",Sin emisión/remoción
4035,2014,3,Uso de productos,Usos de Sustitutos de SAO,Usos de productos como sustitutos de las SAO,2F1f,3,"0,09",Emisión
4036,2014,3,Uso de productos,Usos de Sustitutos de SAO,Usos de productos como sustitutos de las SAO,2F1f,3,"0,52",Emisión
4037,2014,3,Uso de productos,Usos de Sustitutos de SAO,Usos de productos como sustitutos de las SAO,2F1f,3,"0,32",Emisión
4038,2014,3,Uso de productos,Usos de Sustitutos de SAO,Usos de productos como sustitutos de las SAO,2F1f,3,"0,15",Emisión
4039,2014,3,Uso de productos,Usos de Sustitutos de SAO,Usos de productos como sustitutos de las SAO,2F1f,3,"0,0",Sin emisión/remoción
4040,2015,3,Uso de productos,Usos de Sustitutos de SAO,Usos de productos como sustitutos de las SAO,2F1f,3,"0,16",Emisión
4041,2015,3,Uso de productos,Usos de Sustitutos de SAO,Usos de productos como sustitutos de las SAO,2F1f,3,"0,89",Emisión
4042,2015,3,Uso de productos,Usos de Sustitutos de SAO,Usos de productos como sustitutos de las SAO,2F1f,3,"0,35",Emisión
4043,2015,3,Uso de productos,Usos de Sustitutos de SAO,Usos de productos como sustitutos de las SAO,2F1f,3,"0,24",Emisión
4044,2015,3,Uso de productos,Usos de Sustitutos de SAO,Usos de productos como sustitutos de las SAO,2F1f,3,"0,0",Sin emisión/remoción
4045,2016,3,Uso de productos,Usos de Sustitutos de SAO,Usos de productos como sustitutos de las SAO,2F1f,3,"0,23",Emisión
4046,2016,3,Uso de productos,Usos de Sustitutos de SAO,Usos de productos como sustitutos de las SAO,2F1f,3,"1,29",Emisión
4047,2016,3,Uso de productos,Usos de Sustitutos de SAO,Usos de productos como sustitutos de las SAO,2F1f,3,"0,39",Emisión
4048,2016,3,Uso de productos,Usos de Sustitutos de SAO,Usos de productos como sustitutos de las SAO,2F1f,3,"0,33",Emisión
4049,2016,3,Uso de productos,Usos de Sustitutos de SAO,Usos de productos como sustitutos de las SAO,2F1f,3,"0,0",Sin emisión/remoción
4050,2017,3,Uso de productos,Usos de Sustitutos de SAO,Usos de productos como sustitutos de las SAO,2F1f,3,"0,26",Emisión
4051,2017,3,Uso de productos,Usos de Sustitutos de SAO,Usos de productos como sustitutos de las SAO,2F1f,3,"1,54",Emisión
4052,2017,3,Uso de productos,Usos de Sustitutos de SAO,Usos de productos como sustitutos de las SAO,2F1f,3,"0,47",Emisión
4053,2017,3,Uso de productos,Usos de Sustitutos de SAO,Usos de productos como sustitutos de las SAO,2F1f,3,"0,43",Emisión
4054,2017,3,Uso de productos,Usos de Sustitutos de SAO,Usos de productos como sustitutos de las SAO,2F1f,3,"0,0",Sin emisión/remoción
4055,2018,3,Uso de productos,Usos de Sustitutos de SAO,Usos de productos como sustitutos de las SAO,2F1f,3,"0,29",Emisión
4056,2018,3,Uso de productos,Usos de Sustitutos de SAO,Usos de productos como sustitutos de las SAO,2F1f,3,"1,79",Emisión
4057,2018,3,Uso de productos,Usos de Sustitutos de SAO,Usos de productos como sustitutos de las SAO,2F1f,3,"0,57",Emisión
4058,2018,3,Uso de productos,Usos de Sustitutos de SAO,Usos de productos como sustitutos de las SAO,2F1f,3,"0,53",Emisión
4059,2018,3,Uso de productos,Usos de Sustitutos de SAO,Usos de productos como sustitutos de las SAO,2F1f,3,"0,0",Sin emisión/remoción
4060,2019,3,Uso de productos,Usos de Sustitutos de SAO,Usos de productos como sustitutos de las SAO,2F1f,3,"0,32",Emisión
4061,2019,3,Uso de productos,Usos de Sustitutos de SAO,Usos de productos como sustitutos de las SAO,2F1f,3,"1,98",Emisión
4062,2019,3,Uso de productos,Usos de Sustitutos de SAO,Usos de productos como sustitutos de las SAO,2F1f,3,"0,64",Emisión
4063,2019,3,Uso de productos,Usos de Sustitutos de SAO,Usos de productos como sustitutos de las SAO,2F1f,3,"0,57",Emisión
4064,2019,3,Uso de productos,Usos de Sustitutos de SAO,Usos de productos como sustitutos de las SAO,2F1f,3,"0,0",Sin emisión/remoción
4065,2020,3,Uso de productos,Usos de Sustitutos de SAO,Usos de productos como sustitutos de las SAO,2F1f,3,"0,0",Sin emisión/remoción
4066,2020,3,Uso de productos,Usos de Sustitutos de SAO,Usos de productos como sustitutos de las SAO,2F1f,3,"0,34",Emisión
4067,2020,3,Uso de productos,Usos de Sustitutos de SAO,Usos de productos como sustitutos de las SAO,2F1f,3,"2,06",Emisión
4068,2020,3,Uso de productos,Usos de Sustitutos de SAO,Usos de productos como sustitutos de las SAO,2F1f,3,"0,68",Emisión
4069,2020,3,Uso de productos,Usos de Sustitutos de SAO,Usos de productos como sustitutos de las SAO,2F1f,3,"0,6",Emisión
4070,2021,3,Uso de productos,Usos de Sustitutos de SAO,Usos de productos como sustitutos de las SAO,2F1f,3,"0,0",Sin emisión/remoción
4071,2021,3,Uso de productos,Usos de Sustitutos de SAO,Usos de productos como sustitutos de las SAO,2F1f,3,"0,37",Emisión
4072,2021,3,Uso de productos,Usos de Sustitutos de SAO,Usos de productos como sustitutos de las SAO,2F1f,3,"2,34",Emisión
4073,2021,3,Uso de productos,Usos de Sustitutos de SAO,Usos de productos como sustitutos de las SAO,2F1f,3,"0,75",Emisión
4074,2021,3,Uso de productos,Usos de Sustitutos de SAO,Usos de productos como sustitutos de las SAO,2F1f,3,"0,66",Emisión
4075,2022,3,Uso de productos,Usos de Sustitutos de SAO,Usos de productos como sustitutos de las SAO,2F1f,3,"0,0",Sin emisión/remoción
4076,2022,3,Uso de productos,Usos de Sustitutos de SAO,Usos de productos como sustitutos de las SAO,2F1f,3,"0,41",Emisión
4077,2022,3,Uso de productos,Usos de Sustitutos de SAO,Usos de productos como sustitutos de las SAO,2F1f,3,"2,56",Emisión
4078,2022,3,Uso de productos,Usos de Sustitutos de SAO,Usos de productos como sustitutos de las SAO,2F1f,3,"0,81",Emisión
4079,2022,3,Uso de productos,Usos de Sustitutos de SAO,Usos de productos como sustitutos de las SAO,2F1f,3,"0,62",Emisión
4080,2012,3,Uso de productos,Usos de Sustitutos de SAO,Usos de productos como sustitutos de las SAO,2F2,3,"0,0",Sin emisión/remoción
4081,2013,3,Uso de productos,Usos de Sustitutos de SAO,Usos de productos como sustitutos de las SAO,2F2,3,"0,0",Sin emisión/remoción
4082,2014,3,Uso de productos,Usos de Sustitutos de SAO,Usos de productos como sustitutos de las SAO,2F2,3,"0,0",Sin emisión/remoción
4083,2015,3,Uso de productos,Usos de Sustitutos de SAO,Usos de productos como sustitutos de las SAO,2F2,3,"0,0",Sin emisión/remoción
4084,2016,3,Uso de productos,Usos de Sustitutos de SAO,Usos de productos como sustitutos de las SAO,2F2,3,"0,0",Sin emisión/remoción
4085,2017,3,Uso de productos,Usos de Sustitutos de SAO,Usos de productos como sustitutos de las SAO,2F2,3,"0,0",Sin emisión/remoción
4086,2018,3,Uso de productos,Usos de Sustitutos de SAO,Usos de productos como sustitutos de las SAO,2F2,3,"0,0",Sin emisión/remoción
4087,2019,3,Uso de productos,Usos de Sustitutos de SAO,Usos de productos como sustitutos de las SAO,2F2,3,"0,0",Sin emisión/remoción
4088,2020,3,Uso de productos,Usos de Sustitutos de SAO,Usos de productos como sustitutos de las SAO,2F2,3,"0,0",Sin emisión/remoción
4089,2021,3,Uso de productos,Usos de Sustitutos de SAO,Usos de productos como sustitutos de las SAO,2F2,3,"0,0",Sin emisión/remoción
4090,2022,3,Uso de productos,Usos de Sustitutos de SAO,Usos de productos como sustitutos de las SAO,2F2,3,"0,0",Sin emisión/remoción
4091,2022,3,Uso de productos,Usos de Sustitutos de SAO,Usos de productos como sustitutos de las SAO,2F2,3,"0,01",Emisión
4092,2011,3,Uso de productos,Usos de Sustitutos de SAO,Usos de productos como sustitutos de las SAO,2F3,3,"0,0",Sin emisión/remoción
4093,2012,3,Uso de productos,Usos de Sustitutos de SAO,Usos de productos como sustitutos de las SAO,2F3,3,"0,0",Sin emisión/remoción
4094,2013,3,Uso de productos,Usos de Sustitutos de SAO,Usos de productos como sustitutos de las SAO,2F3,3,"0,0",Sin emisión/remoción
4095,2014,3,Uso de productos,Usos de Sustitutos de SAO,Usos de productos como sustitutos de las SAO,2F3,3,"0,0",Sin emisión/remoción
4096,2015,3,Uso de productos,Usos de Sustitutos de SAO,Usos de productos como sustitutos de las SAO,2F3,3,"0,0",Sin emisión/remoción
4097,2015,3,Uso de productos,Usos de Sustitutos de SAO,Usos de productos como sustitutos de las SAO,2F3,3,"0,01",Emisión
4098,2016,3,Uso de productos,Usos de Sustitutos de SAO,Usos de productos como sustitutos de las SAO,2F3,3,"0,01",Emisión
4099,2016,3,Uso de productos,Usos de Sustitutos de SAO,Usos de productos como sustitutos de las SAO,2F3,3,"0,02",Emisión
4100,2017,3,Uso de productos,Usos de Sustitutos de SAO,Usos de productos como sustitutos de las SAO,2F3,3,"0,01",Emisión
4101,2017,3,Uso de productos,Usos de Sustitutos de SAO,Usos de productos como sustitutos de las SAO,2F3,3,"0,02",Emisión
4102,2018,3,Uso de productos,Usos de Sustitutos de SAO,Usos de productos como sustitutos de las SAO,2F3,3,"0,01",Emisión
4103,2018,3,Uso de productos,Usos de Sustitutos de SAO,Usos de productos como sustitutos de las SAO,2F3,3,"0,02",Emisión
4104,2019,3,Uso de productos,Usos de Sustitutos de SAO,Usos de productos como sustitutos de las SAO,2F3,3,"0,02",Emisión
4105,2019,3,Uso de productos,Usos de Sustitutos de SAO,Usos de productos como sustitutos de las SAO,2F3,3,"0,01",Emisión
4106,2020,3,Uso de productos,Usos de Sustitutos de SAO,Usos de productos como sustitutos de las SAO,2F3,3,"0,02",Emisión
4107,2020,3,Uso de productos,Usos de Sustitutos de SAO,Usos de productos como sustitutos de las SAO,2F3,3,"0,01",Emisión
4108,2021,3,Uso de productos,Usos de Sustitutos de SAO,Usos de productos como sustitutos de las SAO,2F3,3,"0,02",Emisión
4109,2021,3,Uso de productos,Usos de Sustitutos de SAO,Usos de productos como sustitutos de las SAO,2F3,3,"0,01",Emisión
4110,2022,3,Uso de productos,Usos de Sustitutos de SAO,Usos de productos como sustitutos de las SAO,2F3,3,"0,02",Emisión
4111,2022,3,Uso de productos,Usos de Sustitutos de SAO,Usos de productos como sustitutos de las SAO,2F3,3,"0,0",Sin emisión/remoción
4112,2012,3,Uso de productos,Usos de Sustitutos de SAO,Usos de productos como sustitutos de las SAO,2F4,3,"0,09",Emisión
4113,2012,3,Uso de productos,Usos de Sustitutos de SAO,Usos de productos como sustitutos de las SAO,2F4,3,"0,02",Emisión
4114,2012,3,Uso de productos,Usos de Sustitutos de SAO,Usos de productos como sustitutos de las SAO,2F4,3,"0,0",Sin emisión/remoción
4115,2013,3,Uso de productos,Usos de Sustitutos de SAO,Usos de productos como sustitutos de las SAO,2F4,3,"0,23",Emisión
4116,2013,3,Uso de productos,Usos de Sustitutos de SAO,Usos de productos como sustitutos de las SAO,2F4,3,"0,02",Emisión
4117,2013,3,Uso de productos,Usos de Sustitutos de SAO,Usos de productos como sustitutos de las SAO,2F4,3,"0,01",Emisión
4118,2014,3,Uso de productos,Usos de Sustitutos de SAO,Usos de productos como sustitutos de las SAO,2F4,3,"0,27",Emisión
4119,2014,3,Uso de productos,Usos de Sustitutos de SAO,Usos de productos como sustitutos de las SAO,2F4,3,"0,01",Emisión
4120,2015,3,Uso de productos,Usos de Sustitutos de SAO,Usos de productos como sustitutos de las SAO,2F4,3,"0,35",Emisión
4121,2015,3,Uso de productos,Usos de Sustitutos de SAO,Usos de productos como sustitutos de las SAO,2F4,3,"0,03",Emisión
4122,2015,3,Uso de productos,Usos de Sustitutos de SAO,Usos de productos como sustitutos de las SAO,2F4,3,"0,02",Emisión
4123,2016,3,Uso de productos,Usos de Sustitutos de SAO,Usos de productos como sustitutos de las SAO,2F4,3,"0,43",Emisión
4124,2016,3,Uso de productos,Usos de Sustitutos de SAO,Usos de productos como sustitutos de las SAO,2F4,3,"0,06",Emisión
4125,2016,3,Uso de productos,Usos de Sustitutos de SAO,Usos de productos como sustitutos de las SAO,2F4,3,"0,02",Emisión
4126,2017,3,Uso de productos,Usos de Sustitutos de SAO,Usos de productos como sustitutos de las SAO,2F4,3,"0,42",Emisión
4127,2017,3,Uso de productos,Usos de Sustitutos de SAO,Usos de productos como sustitutos de las SAO,2F4,3,"0,11",Emisión
4128,2017,3,Uso de productos,Usos de Sustitutos de SAO,Usos de productos como sustitutos de las SAO,2F4,3,"0,01",Emisión
4129,2018,3,Uso de productos,Usos de Sustitutos de SAO,Usos de productos como sustitutos de las SAO,2F4,3,"0,37",Emisión
4130,2018,3,Uso de productos,Usos de Sustitutos de SAO,Usos de productos como sustitutos de las SAO,2F4,3,"0,07",Emisión
4131,2018,3,Uso de productos,Usos de Sustitutos de SAO,Usos de productos como sustitutos de las SAO,2F4,3,"0,0",Sin emisión/remoción
4132,2019,3,Uso de productos,Usos de Sustitutos de SAO,Usos de productos como sustitutos de las SAO,2F4,3,"0,31",Emisión
4133,2019,3,Uso de productos,Usos de Sustitutos de SAO,Usos de productos como sustitutos de las SAO,2F4,3,"0,04",Emisión
4134,2019,3,Uso de productos,Usos de Sustitutos de SAO,Usos de productos como sustitutos de las SAO,2F4,3,"0,0",Sin emisión/remoción
4135,2020,3,Uso de productos,Usos de Sustitutos de SAO,Usos de productos como sustitutos de las SAO,2F4,3,"0,38",Emisión
4136,2020,3,Uso de productos,Usos de Sustitutos de SAO,Usos de productos como sustitutos de las SAO,2F4,3,"0,03",Emisión
4137,2020,3,Uso de productos,Usos de Sustitutos de SAO,Usos de productos como sustitutos de las SAO,2F4,3,"0,0",Sin emisión/remoción
4138,2021,3,Uso de productos,Usos de Sustitutos de SAO,Usos de productos como sustitutos de las SAO,2F4,3,"0,44",Emisión
4139,2021,3,Uso de productos,Usos de Sustitutos de SAO,Usos de productos como sustitutos de las SAO,2F4,3,"0,0",Sin emisión/remoción
4140,2022,3,Uso de productos,Usos de Sustitutos de SAO,Usos de productos como sustitutos de las SAO,2F4,3,"0,56",Emisión
4141,2022,3,Uso de productos,Usos de Sustitutos de SAO,Usos de productos como sustitutos de las SAO,2F4,3,"0,0",Sin emisión/remoción
4142,1990,1,Ganadería,Fermentación Entérica,Bovinos Lecheros,3A1a,1,"6,76",Emisión
4143,1991,1,Ganadería,Fermentación Entérica,Bovinos Lecheros,3A1a,1,"6,77",Emisión
4144,1992,1,Ganadería,Fermentación Entérica,Bovinos Lecheros,3A1a,1,"7,02",Emisión
4145,1993,1,Ganadería,Fermentación Entérica,Bovinos Lecheros,3A1a,1,"7,21",Emisión
4146,1994,1,Ganadería,Fermentación Entérica,Bovinos Lecheros,3A1a,1,"7,49",Emisión
4147,1995,1,Ganadería,Fermentación Entérica,Bovinos Lecheros,3A1a,1,"7,48",Emisión
4148,1996,1,Ganadería,Fermentación Entérica,Bovinos Lecheros,3A1a,1,"7,53",Emisión
4149,1997,1,Ganadería,Fermentación Entérica,Bovinos Lecheros,3A1a,1,"7,53",Emisión
4150,1998,1,Ganadería,Fermentación Entérica,Bovinos Lecheros,3A1a,1,"7,6",Emisión
4151,1999,1,Ganadería,Fermentación Entérica,Bovinos Lecheros,3A1a,1,"7,9",Emisión
4152,2000,1,Ganadería,Fermentación Entérica,Bovinos Lecheros,3A1a,1,"7,82",Emisión
4153,2001,1,Ganadería,Fermentación Entérica,Bovinos Lecheros,3A1a,1,"7,65",Emisión
4154,2002,1,Ganadería,Fermentación Entérica,Bovinos Lecheros,3A1a,1,"7,31",Emisión
4155,2003,1,Ganadería,Fermentación Entérica,Bovinos Lecheros,3A1a,1,"7,07",Emisión
4156,2004,1,Ganadería,Fermentación Entérica,Bovinos Lecheros,3A1a,1,"7,35",Emisión
4157,2005,1,Ganadería,Fermentación Entérica,Bovinos Lecheros,3A1a,1,"7,37",Emisión
4158,2006,1,Ganadería,Fermentación Entérica,Bovinos Lecheros,3A1a,1,"7,48",Emisión
4159,2007,1,Ganadería,Fermentación Entérica,Bovinos Lecheros,3A1a,1,"7,23",Emisión
4160,2008,1,Ganadería,Fermentación Entérica,Bovinos Lecheros,3A1a,1,"7,42",Emisión
4161,2009,1,Ganadería,Fermentación Entérica,Bovinos Lecheros,3A1a,1,"7,53",Emisión
4162,2010,1,Ganadería,Fermentación Entérica,Bovinos Lecheros,3A1a,1,"7,49",Emisión
4163,2011,1,Ganadería,Fermentación Entérica,Bovinos Lecheros,3A1a,1,"7,65",Emisión
4164,2012,1,Ganadería,Fermentación Entérica,Bovinos Lecheros,3A1a,1,"7,79",Emisión
4165,2013,1,Ganadería,Fermentación Entérica,Bovinos Lecheros,3A1a,1,"7,79",Emisión
4166,2014,1,Ganadería,Fermentación Entérica,Bovinos Lecheros,3A1a,1,"7,78",Emisión
4167,2015,1,Ganadería,Fermentación Entérica,Bovinos Lecheros,3A1a,1,"7,89",Emisión
4168,2016,1,Ganadería,Fermentación Entérica,Bovinos Lecheros,3A1a,1,"7,39",Emisión
4169,2017,1,Ganadería,Fermentación Entérica,Bovinos Lecheros,3A1a,1,"7,21",Emisión
4170,2018,1,Ganadería,Fermentación Entérica,Bovinos Lecheros,3A1a,1,"7,35",Emisión
4171,2019,1,Ganadería,Fermentación Entérica,Bovinos Lecheros,3A1a,1,"7,03",Emisión
4172,2020,1,Ganadería,Fermentación Entérica,Bovinos Lecheros,3A1a,1,"7,15",Emisión
4173,2021,1,Ganadería,Fermentación Entérica,Bovinos Lecheros,3A1a,1,"7,14",Emisión
4174,2022,1,Ganadería,Fermentación Entérica,Bovinos Lecheros,3A1a,1,"7,14",Emisión
4175,1990,1,Ganadería,Fermentación Entérica,Bovinos de Carne,3A1b,1,"70,01",Emisión
4176,1991,1,Ganadería,Fermentación Entérica,Bovinos de Carne,3A1b,1,"71,31",Emisión
4177,1992,1,Ganadería,Fermentación Entérica,Bovinos de Carne,3A1b,1,"72,42",Emisión
4178,1993,1,Ganadería,Fermentación Entérica,Bovinos de Carne,3A1b,1,"74,32",Emisión
4179,1994,1,Ganadería,Fermentación Entérica,Bovinos de Carne,3A1b,1,"74,84",Emisión
4180,1995,1,Ganadería,Fermentación Entérica,Bovinos de Carne,3A1b,1,"73,4",Emisión
4181,1996,1,Ganadería,Fermentación Entérica,Bovinos de Carne,3A1b,1,"70,44",Emisión
4182,1997,1,Ganadería,Fermentación Entérica,Bovinos de Carne,3A1b,1,"69,24",Emisión
4183,1998,1,Ganadería,Fermentación Entérica,Bovinos de Carne,3A1b,1,"65,05",Emisión
4184,1999,1,Ganadería,Fermentación Entérica,Bovinos de Carne,3A1b,1,"68,15",Emisión
4185,2000,1,Ganadería,Fermentación Entérica,Bovinos de Carne,3A1b,1,"67,46",Emisión
4186,2001,1,Ganadería,Fermentación Entérica,Bovinos de Carne,3A1b,1,"65,69",Emisión
4187,2002,1,Ganadería,Fermentación Entérica,Bovinos de Carne,3A1b,1,"68,82",Emisión
4188,2003,1,Ganadería,Fermentación Entérica,Bovinos de Carne,3A1b,1,"70,89",Emisión
4189,2004,1,Ganadería,Fermentación Entérica,Bovinos de Carne,3A1b,1,"71,67",Emisión
4190,2005,1,Ganadería,Fermentación Entérica,Bovinos de Carne,3A1b,1,"71,84",Emisión
4191,2006,1,Ganadería,Fermentación Entérica,Bovinos de Carne,3A1b,1,"72,18",Emisión
4192,2007,1,Ganadería,Fermentación Entérica,Bovinos de Carne,3A1b,1,"71,99",Emisión
4193,2008,1,Ganadería,Fermentación Entérica,Bovinos de Carne,3A1b,1,"72,5",Emisión
4194,2009,1,Ganadería,Fermentación Entérica,Bovinos de Carne,3A1b,1,"69,22",Emisión
4195,2010,1,Ganadería,Fermentación Entérica,Bovinos de Carne,3A1b,1,"62,66",Emisión
4196,2011,1,Ganadería,Fermentación Entérica,Bovinos de Carne,3A1b,1,"59,64",Emisión
4197,2012,1,Ganadería,Fermentación Entérica,Bovinos de Carne,3A1b,1,"61,5",Emisión
4198,2013,1,Ganadería,Fermentación Entérica,Bovinos de Carne,3A1b,1,"63,04",Emisión
4199,2014,1,Ganadería,Fermentación Entérica,Bovinos de Carne,3A1b,1,"64,0",Emisión
4200,2015,1,Ganadería,Fermentación Entérica,Bovinos de Carne,3A1b,1,"63,58",Emisión
4201,2016,1,Ganadería,Fermentación Entérica,Bovinos de Carne,3A1b,1,"64,07",Emisión
4202,2017,1,Ganadería,Fermentación Entérica,Bovinos de Carne,3A1b,1,"65,97",Emisión
4203,2018,1,Ganadería,Fermentación Entérica,Bovinos de Carne,3A1b,1,"66,16",Emisión
4204,2019,1,Ganadería,Fermentación Entérica,Bovinos de Carne,3A1b,1,"66,38",Emisión
4205,2020,1,Ganadería,Fermentación Entérica,Bovinos de Carne,3A1b,1,"65,41",Emisión
4206,2021,1,Ganadería,Fermentación Entérica,Bovinos de Carne,3A1b,1,"65,38",Emisión
4207,2022,1,Ganadería,Fermentación Entérica,Bovinos de Carne,3A1b,1,"64,83",Emisión
4208,1990,1,Ganadería,Fermentación Entérica,Otras Ganaderías,3A2,1,"2,78",Emisión
4209,1991,1,Ganadería,Fermentación Entérica,Otras Ganaderías,3A2,1,"2,72",Emisión
4210,1992,1,Ganadería,Fermentación Entérica,Otras Ganaderías,3A2,1,"2,65",Emisión
4211,1993,1,Ganadería,Fermentación Entérica,Otras Ganaderías,3A2,1,"2,58",Emisión
4212,1994,1,Ganadería,Fermentación Entérica,Otras Ganaderías,3A2,1,"2,36",Emisión
4213,1995,1,Ganadería,Fermentación Entérica,Otras Ganaderías,3A2,1,"2,13",Emisión
4214,1996,1,Ganadería,Fermentación Entérica,Otras Ganaderías,3A2,1,"2,01",Emisión
4215,1997,1,Ganadería,Fermentación Entérica,Otras Ganaderías,3A2,1,"1,85",Emisión
4216,1998,1,Ganadería,Fermentación Entérica,Otras Ganaderías,3A2,1,"1,88",Emisión
4217,1999,1,Ganadería,Fermentación Entérica,Otras Ganaderías,3A2,1,"1,92",Emisión
4218,2000,1,Ganadería,Fermentación Entérica,Otras Ganaderías,3A2,1,"1,9",Emisión
4219,2001,1,Ganadería,Fermentación Entérica,Otras Ganaderías,3A2,1,"1,82",Emisión
4220,2002,1,Ganadería,Fermentación Entérica,Otras Ganaderías,3A2,1,"1,75",Emisión
4221,2003,1,Ganadería,Fermentación Entérica,Otras Ganaderías,3A2,1,"1,94",Emisión
4222,2004,1,Ganadería,Fermentación Entérica,Otras Ganaderías,3A2,1,"2,12",Emisión
4223,2005,1,Ganadería,Fermentación Entérica,Otras Ganaderías,3A2,1,"2,17",Emisión
4224,2006,1,Ganadería,Fermentación Entérica,Otras Ganaderías,3A2,1,"2,22",Emisión
4225,2007,1,Ganadería,Fermentación Entérica,Otras Ganaderías,3A2,1,"2,26",Emisión
4226,2008,1,Ganadería,Fermentación Entérica,Otras Ganaderías,3A2,1,"2,24",Emisión
4227,2009,1,Ganadería,Fermentación Entérica,Otras Ganaderías,3A2,1,"2,14",Emisión
4228,2010,1,Ganadería,Fermentación Entérica,Otras Ganaderías,3A2,1,"2,1",Emisión
4229,2011,1,Ganadería,Fermentación Entérica,Otras Ganaderías,3A2,1,"2,06",Emisión
4230,2012,1,Ganadería,Fermentación Entérica,Otras Ganaderías,3A2,1,"2,06",Emisión
4231,2013,1,Ganadería,Fermentación Entérica,Otras Ganaderías,3A2,1,"2,04",Emisión
4232,2014,1,Ganadería,Fermentación Entérica,Otras Ganaderías,3A2,1,"2,03",Emisión
4233,2015,1,Ganadería,Fermentación Entérica,Otras Ganaderías,3A2,1,"2,08",Emisión
4234,2016,1,Ganadería,Fermentación Entérica,Otras Ganaderías,3A2,1,"2,08",Emisión
4235,2017,1,Ganadería,Fermentación Entérica,Otras Ganaderías,3A2,1,"2,06",Emisión
4236,2018,1,Ganadería,Fermentación Entérica,Otras Ganaderías,3A2,1,"2,01",Emisión
4237,2019,1,Ganadería,Fermentación Entérica,Otras Ganaderías,3A2,1,"2,07",Emisión
4238,2020,1,Ganadería,Fermentación Entérica,Otras Ganaderías,3A2,1,"2,04",Emisión
4239,2021,1,Ganadería,Fermentación Entérica,Otras Ganaderías,3A2,1,"1,87",Emisión
4240,2022,1,Ganadería,Fermentación Entérica,Otras Ganaderías,3A2,1,"1,74",Emisión
4241,1990,1,Ganadería,Fermentación Entérica,Otras Ganaderías,3A3,1,"0,04",Emisión
4242,1991,1,Ganadería,Fermentación Entérica,Otras Ganaderías,3A3,1,"0,04",Emisión
4243,1992,1,Ganadería,Fermentación Entérica,Otras Ganaderías,3A3,1,"0,04",Emisión
4244,1993,1,Ganadería,Fermentación Entérica,Otras Ganaderías,3A3,1,"0,05",Emisión
4245,1994,1,Ganadería,Fermentación Entérica,Otras Ganaderías,3A3,1,"0,05",Emisión
4246,1995,1,Ganadería,Fermentación Entérica,Otras Ganaderías,3A3,1,"0,05",Emisión
4247,1996,1,Ganadería,Fermentación Entérica,Otras Ganaderías,3A3,1,"0,04",Emisión
4248,1997,1,Ganadería,Fermentación Entérica,Otras Ganaderías,3A3,1,"0,04",Emisión
4249,1998,1,Ganadería,Fermentación Entérica,Otras Ganaderías,3A3,1,"0,05",Emisión
4250,1999,1,Ganadería,Fermentación Entérica,Otras Ganaderías,3A3,1,"0,06",Emisión
4251,2000,1,Ganadería,Fermentación Entérica,Otras Ganaderías,3A3,1,"0,06",Emisión
4252,2001,1,Ganadería,Fermentación Entérica,Otras Ganaderías,3A3,1,"0,05",Emisión
4253,2002,1,Ganadería,Fermentación Entérica,Otras Ganaderías,3A3,1,"0,04",Emisión
4254,2003,1,Ganadería,Fermentación Entérica,Otras Ganaderías,3A3,1,"0,04",Emisión
4255,2004,1,Ganadería,Fermentación Entérica,Otras Ganaderías,3A3,1,"0,05",Emisión
4256,2005,1,Ganadería,Fermentación Entérica,Otras Ganaderías,3A3,1,"0,05",Emisión
4257,2006,1,Ganadería,Fermentación Entérica,Otras Ganaderías,3A3,1,"0,07",Emisión
4258,2007,1,Ganadería,Fermentación Entérica,Otras Ganaderías,3A3,1,"0,07",Emisión
4259,2008,1,Ganadería,Fermentación Entérica,Otras Ganaderías,3A3,1,"0,09",Emisión
4260,2009,1,Ganadería,Fermentación Entérica,Otras Ganaderías,3A3,1,"0,09",Emisión
4261,2010,1,Ganadería,Fermentación Entérica,Otras Ganaderías,3A3,1,"0,09",Emisión
4262,2011,1,Ganadería,Fermentación Entérica,Otras Ganaderías,3A3,1,"0,09",Emisión
4263,2012,1,Ganadería,Fermentación Entérica,Otras Ganaderías,3A3,1,"0,1",Emisión
4264,2013,1,Ganadería,Fermentación Entérica,Otras Ganaderías,3A3,1,"0,12",Emisión
4265,2014,1,Ganadería,Fermentación Entérica,Otras Ganaderías,3A3,1,"0,13",Emisión
4266,2015,1,Ganadería,Fermentación Entérica,Otras Ganaderías,3A3,1,"0,13",Emisión
4267,2016,1,Ganadería,Fermentación Entérica,Otras Ganaderías,3A3,1,"0,14",Emisión
4268,2017,1,Ganadería,Fermentación Entérica,Otras Ganaderías,3A3,1,"0,14",Emisión
4269,2018,1,Ganadería,Fermentación Entérica,Otras Ganaderías,3A3,1,"0,15",Emisión
4270,2019,1,Ganadería,Fermentación Entérica,Otras Ganaderías,3A3,1,"0,14",Emisión
4271,2020,1,Ganadería,Fermentación Entérica,Otras Ganaderías,3A3,1,"0,15",Emisión
4272,2021,1,Ganadería,Fermentación Entérica,Otras Ganaderías,3A3,1,"0,15",Emisión
4273,2022,1,Ganadería,Fermentación Entérica,Otras Ganaderías,3A3,1,"0,15",Emisión
4274,1990,1,Ganadería,Fermentación Entérica,Otras Ganaderías,3A4a,1,"0,0",Sin emisión/remoción
4275,1991,1,Ganadería,Fermentación Entérica,Otras Ganaderías,3A4a,1,"0,0",Sin emisión/remoción
4276,1992,1,Ganadería,Fermentación Entérica,Otras Ganaderías,3A4a,1,"0,0",Sin emisión/remoción
4277,1993,1,Ganadería,Fermentación Entérica,Otras Ganaderías,3A4a,1,"0,0",Sin emisión/remoción
4278,1994,1,Ganadería,Fermentación Entérica,Otras Ganaderías,3A4a,1,"0,0",Sin emisión/remoción
4279,1995,1,Ganadería,Fermentación Entérica,Otras Ganaderías,3A4a,1,"0,01",Emisión
4280,1996,1,Ganadería,Fermentación Entérica,Otras Ganaderías,3A4a,1,"0,01",Emisión
4281,1997,1,Ganadería,Fermentación Entérica,Otras Ganaderías,3A4a,1,"0,01",Emisión
4282,1998,1,Ganadería,Fermentación Entérica,Otras Ganaderías,3A4a,1,"0,02",Emisión
4283,1999,1,Ganadería,Fermentación Entérica,Otras Ganaderías,3A4a,1,"0,02",Emisión
4284,2000,1,Ganadería,Fermentación Entérica,Otras Ganaderías,3A4a,1,"0,03",Emisión
4285,2001,1,Ganadería,Fermentación Entérica,Otras Ganaderías,3A4a,1,"0,03",Emisión
4286,2002,1,Ganadería,Fermentación Entérica,Otras Ganaderías,3A4a,1,"0,03",Emisión
4287,2003,1,Ganadería,Fermentación Entérica,Otras Ganaderías,3A4a,1,"0,04",Emisión
4288,2004,1,Ganadería,Fermentación Entérica,Otras Ganaderías,3A4a,1,"0,04",Emisión
4289,2005,1,Ganadería,Fermentación Entérica,Otras Ganaderías,3A4a,1,"0,05",Emisión
4290,2006,1,Ganadería,Fermentación Entérica,Otras Ganaderías,3A4a,1,"0,05",Emisión
4291,2007,1,Ganadería,Fermentación Entérica,Otras Ganaderías,3A4a,1,"0,05",Emisión
4292,2008,1,Ganadería,Fermentación Entérica,Otras Ganaderías,3A4a,1,"0,07",Emisión
4293,2009,1,Ganadería,Fermentación Entérica,Otras Ganaderías,3A4a,1,"0,07",Emisión
4294,2010,1,Ganadería,Fermentación Entérica,Otras Ganaderías,3A4a,1,"0,07",Emisión
4295,2011,1,Ganadería,Fermentación Entérica,Otras Ganaderías,3A4a,1,"0,14",Emisión
4296,2012,1,Ganadería,Fermentación Entérica,Otras Ganaderías,3A4a,1,"0,15",Emisión
4297,2013,1,Ganadería,Fermentación Entérica,Otras Ganaderías,3A4a,1,"0,18",Emisión
4298,2014,1,Ganadería,Fermentación Entérica,Otras Ganaderías,3A4a,1,"0,17",Emisión
4299,2015,1,Ganadería,Fermentación Entérica,Otras Ganaderías,3A4a,1,"0,18",Emisión
4300,2016,1,Ganadería,Fermentación Entérica,Otras Ganaderías,3A4a,1,"0,19",Emisión
4301,2017,1,Ganadería,Fermentación Entérica,Otras Ganaderías,3A4a,1,"0,21",Emisión
4302,2018,1,Ganadería,Fermentación Entérica,Otras Ganaderías,3A4a,1,"0,22",Emisión
4303,2019,1,Ganadería,Fermentación Entérica,Otras Ganaderías,3A4a,1,"0,24",Emisión
4304,2020,1,Ganadería,Fermentación Entérica,Otras Ganaderías,3A4a,1,"0,27",Emisión
4305,2021,1,Ganadería,Fermentación Entérica,Otras Ganaderías,3A4a,1,"0,26",Emisión
4306,2022,1,Ganadería,Fermentación Entérica,Otras Ganaderías,3A4a,1,"0,28",Emisión
4307,1990,1,Ganadería,Fermentación Entérica,Otras Ganaderías,3A4b,1,"0,03",Emisión
4308,1991,1,Ganadería,Fermentación Entérica,Otras Ganaderías,3A4b,1,"0,03",Emisión
4309,1992,1,Ganadería,Fermentación Entérica,Otras Ganaderías,3A4b,1,"0,03",Emisión
4310,1993,1,Ganadería,Fermentación Entérica,Otras Ganaderías,3A4b,1,"0,03",Emisión
4311,1994,1,Ganadería,Fermentación Entérica,Otras Ganaderías,3A4b,1,"0,03",Emisión
4312,1995,1,Ganadería,Fermentación Entérica,Otras Ganaderías,3A4b,1,"0,03",Emisión
4313,1996,1,Ganadería,Fermentación Entérica,Otras Ganaderías,3A4b,1,"0,03",Emisión
4314,1997,1,Ganadería,Fermentación Entérica,Otras Ganaderías,3A4b,1,"0,03",Emisión
4315,1998,1,Ganadería,Fermentación Entérica,Otras Ganaderías,3A4b,1,"0,03",Emisión
4316,1999,1,Ganadería,Fermentación Entérica,Otras Ganaderías,3A4b,1,"0,04",Emisión
4317,2000,1,Ganadería,Fermentación Entérica,Otras Ganaderías,3A4b,1,"0,04",Emisión
4318,2001,1,Ganadería,Fermentación Entérica,Otras Ganaderías,3A4b,1,"0,04",Emisión
4319,2002,1,Ganadería,Fermentación Entérica,Otras Ganaderías,3A4b,1,"0,04",Emisión
4320,2003,1,Ganadería,Fermentación Entérica,Otras Ganaderías,3A4b,1,"0,04",Emisión
4321,2004,1,Ganadería,Fermentación Entérica,Otras Ganaderías,3A4b,1,"0,04",Emisión
4322,2005,1,Ganadería,Fermentación Entérica,Otras Ganaderías,3A4b,1,"0,04",Emisión
4323,2006,1,Ganadería,Fermentación Entérica,Otras Ganaderías,3A4b,1,"0,04",Emisión
4324,2007,1,Ganadería,Fermentación Entérica,Otras Ganaderías,3A4b,1,"0,04",Emisión
4325,2008,1,Ganadería,Fermentación Entérica,Otras Ganaderías,3A4b,1,"0,04",Emisión
4326,2009,1,Ganadería,Fermentación Entérica,Otras Ganaderías,3A4b,1,"0,04",Emisión
4327,2010,1,Ganadería,Fermentación Entérica,Otras Ganaderías,3A4b,1,"0,04",Emisión
4328,2011,1,Ganadería,Fermentación Entérica,Otras Ganaderías,3A4b,1,"0,04",Emisión
4329,2012,1,Ganadería,Fermentación Entérica,Otras Ganaderías,3A4b,1,"0,04",Emisión
4330,2013,1,Ganadería,Fermentación Entérica,Otras Ganaderías,3A4b,1,"0,04",Emisión
4331,2014,1,Ganadería,Fermentación Entérica,Otras Ganaderías,3A4b,1,"0,05",Emisión
4332,2015,1,Ganadería,Fermentación Entérica,Otras Ganaderías,3A4b,1,"0,05",Emisión
4333,2016,1,Ganadería,Fermentación Entérica,Otras Ganaderías,3A4b,1,"0,05",Emisión
4334,2017,1,Ganadería,Fermentación Entérica,Otras Ganaderías,3A4b,1,"0,06",Emisión
4335,2018,1,Ganadería,Fermentación Entérica,Otras Ganaderías,3A4b,1,"0,06",Emisión
4336,2019,1,Ganadería,Fermentación Entérica,Otras Ganaderías,3A4b,1,"0,06",Emisión
4337,2020,1,Ganadería,Fermentación Entérica,Otras Ganaderías,3A4b,1,"0,06",Emisión
4338,2021,1,Ganadería,Fermentación Entérica,Otras Ganaderías,3A4b,1,"0,06",Emisión
4339,2022,1,Ganadería,Fermentación Entérica,Otras Ganaderías,3A4b,1,"0,06",Emisión
4340,1990,1,Ganadería,Fermentación Entérica,Otras Ganaderías,3A4d,1,"0,53",Emisión
4341,1991,1,Ganadería,Fermentación Entérica,Otras Ganaderías,3A4d,1,"0,55",Emisión
4342,1992,1,Ganadería,Fermentación Entérica,Otras Ganaderías,3A4d,1,"0,56",Emisión
4343,1993,1,Ganadería,Fermentación Entérica,Otras Ganaderías,3A4d,1,"0,57",Emisión
4344,1994,1,Ganadería,Fermentación Entérica,Otras Ganaderías,3A4d,1,"0,56",Emisión
4345,1995,1,Ganadería,Fermentación Entérica,Otras Ganaderías,3A4d,1,"0,5",Emisión
4346,1996,1,Ganadería,Fermentación Entérica,Otras Ganaderías,3A4d,1,"0,47",Emisión
4347,1997,1,Ganadería,Fermentación Entérica,Otras Ganaderías,3A4d,1,"0,48",Emisión
4348,1998,1,Ganadería,Fermentación Entérica,Otras Ganaderías,3A4d,1,"0,5",Emisión
4349,1999,1,Ganadería,Fermentación Entérica,Otras Ganaderías,3A4d,1,"0,48",Emisión
4350,2000,1,Ganadería,Fermentación Entérica,Otras Ganaderías,3A4d,1,"0,49",Emisión
4351,2001,1,Ganadería,Fermentación Entérica,Otras Ganaderías,3A4d,1,"0,55",Emisión
4352,2002,1,Ganadería,Fermentación Entérica,Otras Ganaderías,3A4d,1,"0,57",Emisión
4353,2003,1,Ganadería,Fermentación Entérica,Otras Ganaderías,3A4d,1,"0,57",Emisión
4354,2004,1,Ganadería,Fermentación Entérica,Otras Ganaderías,3A4d,1,"0,58",Emisión
4355,2005,1,Ganadería,Fermentación Entérica,Otras Ganaderías,3A4d,1,"0,58",Emisión
4356,2006,1,Ganadería,Fermentación Entérica,Otras Ganaderías,3A4d,1,"0,58",Emisión
4357,2007,1,Ganadería,Fermentación Entérica,Otras Ganaderías,3A4d,1,"0,59",Emisión
4358,2008,1,Ganadería,Fermentación Entérica,Otras Ganaderías,3A4d,1,"0,54",Emisión
4359,2009,1,Ganadería,Fermentación Entérica,Otras Ganaderías,3A4d,1,"0,57",Emisión
4360,2010,1,Ganadería,Fermentación Entérica,Otras Ganaderías,3A4d,1,"0,57",Emisión
4361,2011,1,Ganadería,Fermentación Entérica,Otras Ganaderías,3A4d,1,"0,6",Emisión
4362,2012,1,Ganadería,Fermentación Entérica,Otras Ganaderías,3A4d,1,"0,6",Emisión
4363,2013,1,Ganadería,Fermentación Entérica,Otras Ganaderías,3A4d,1,"0,59",Emisión
4364,2014,1,Ganadería,Fermentación Entérica,Otras Ganaderías,3A4d,1,"0,61",Emisión
4365,2015,1,Ganadería,Fermentación Entérica,Otras Ganaderías,3A4d,1,"0,66",Emisión
4366,2016,1,Ganadería,Fermentación Entérica,Otras Ganaderías,3A4d,1,"0,66",Emisión
4367,2017,1,Ganadería,Fermentación Entérica,Otras Ganaderías,3A4d,1,"0,68",Emisión
4368,2018,1,Ganadería,Fermentación Entérica,Otras Ganaderías,3A4d,1,"0,65",Emisión
4369,2019,1,Ganadería,Fermentación Entérica,Otras Ganaderías,3A4d,1,"0,65",Emisión
4370,2020,1,Ganadería,Fermentación Entérica,Otras Ganaderías,3A4d,1,"0,66",Emisión
4371,2021,1,Ganadería,Fermentación Entérica,Otras Ganaderías,3A4d,1,"0,6",Emisión
4372,2022,1,Ganadería,Fermentación Entérica,Otras Ganaderías,3A4d,1,"0,55",Emisión
4373,1990,1,Ganadería,Fermentación Entérica,Otras Ganaderías,3A4e,1,"0,96",Emisión
4374,1991,1,Ganadería,Fermentación Entérica,Otras Ganaderías,3A4e,1,"0,96",Emisión
4375,1992,1,Ganadería,Fermentación Entérica,Otras Ganaderías,3A4e,1,"0,96",Emisión
4376,1993,1,Ganadería,Fermentación Entérica,Otras Ganaderías,3A4e,1,"0,96",Emisión
4377,1994,1,Ganadería,Fermentación Entérica,Otras Ganaderías,3A4e,1,"0,96",Emisión
4378,1995,1,Ganadería,Fermentación Entérica,Otras Ganaderías,3A4e,1,"0,96",Emisión
4379,1996,1,Ganadería,Fermentación Entérica,Otras Ganaderías,3A4e,1,"0,96",Emisión
4380,1997,1,Ganadería,Fermentación Entérica,Otras Ganaderías,3A4e,1,"0,96",Emisión
4381,1998,1,Ganadería,Fermentación Entérica,Otras Ganaderías,3A4e,1,"0,96",Emisión
4382,1999,1,Ganadería,Fermentación Entérica,Otras Ganaderías,3A4e,1,"0,96",Emisión
4383,2000,1,Ganadería,Fermentación Entérica,Otras Ganaderías,3A4e,1,"0,96",Emisión
4384,2001,1,Ganadería,Fermentación Entérica,Otras Ganaderías,3A4e,1,"0,96",Emisión
4385,2002,1,Ganadería,Fermentación Entérica,Otras Ganaderías,3A4e,1,"0,96",Emisión
4386,2003,1,Ganadería,Fermentación Entérica,Otras Ganaderías,3A4e,1,"0,96",Emisión
4387,2004,1,Ganadería,Fermentación Entérica,Otras Ganaderías,3A4e,1,"0,96",Emisión
4388,2005,1,Ganadería,Fermentación Entérica,Otras Ganaderías,3A4e,1,"0,96",Emisión
4389,2006,1,Ganadería,Fermentación Entérica,Otras Ganaderías,3A4e,1,"0,96",Emisión
4390,2007,1,Ganadería,Fermentación Entérica,Otras Ganaderías,3A4e,1,"0,96",Emisión
4391,2008,1,Ganadería,Fermentación Entérica,Otras Ganaderías,3A4e,1,"0,95",Emisión
4392,2009,1,Ganadería,Fermentación Entérica,Otras Ganaderías,3A4e,1,"0,97",Emisión
4393,2010,1,Ganadería,Fermentación Entérica,Otras Ganaderías,3A4e,1,"0,95",Emisión
4394,2011,1,Ganadería,Fermentación Entérica,Otras Ganaderías,3A4e,1,"0,97",Emisión
4395,2012,1,Ganadería,Fermentación Entérica,Otras Ganaderías,3A4e,1,"1,04",Emisión
4396,2013,1,Ganadería,Fermentación Entérica,Otras Ganaderías,3A4e,1,"1,11",Emisión
4397,2014,1,Ganadería,Fermentación Entérica,Otras Ganaderías,3A4e,1,"1,15",Emisión
4398,2015,1,Ganadería,Fermentación Entérica,Otras Ganaderías,3A4e,1,"1,23",Emisión
4399,2016,1,Ganadería,Fermentación Entérica,Otras Ganaderías,3A4e,1,"1,23",Emisión
4400,2017,1,Ganadería,Fermentación Entérica,Otras Ganaderías,3A4e,1,"1,26",Emisión
4401,2018,1,Ganadería,Fermentación Entérica,Otras Ganaderías,3A4e,1,"1,26",Emisión
4402,2019,1,Ganadería,Fermentación Entérica,Otras Ganaderías,3A4e,1,"1,28",Emisión
4403,2020,1,Ganadería,Fermentación Entérica,Otras Ganaderías,3A4e,1,"1,3",Emisión
4404,2021,1,Ganadería,Fermentación Entérica,Otras Ganaderías,3A4e,1,"1,26",Emisión
4405,2022,1,Ganadería,Fermentación Entérica,Otras Ganaderías,3A4e,1,"1,24",Emisión
4406,1990,1,Ganadería,Fermentación Entérica,Otras Ganaderías,3A4f,1,"0,02",Emisión
4407,1991,1,Ganadería,Fermentación Entérica,Otras Ganaderías,3A4f,1,"0,02",Emisión
4408,1992,1,Ganadería,Fermentación Entérica,Otras Ganaderías,3A4f,1,"0,02",Emisión
4409,1993,1,Ganadería,Fermentación Entérica,Otras Ganaderías,3A4f,1,"0,02",Emisión
4410,1994,1,Ganadería,Fermentación Entérica,Otras Ganaderías,3A4f,1,"0,02",Emisión
4411,1995,1,Ganadería,Fermentación Entérica,Otras Ganaderías,3A4f,1,"0,02",Emisión
4412,1996,1,Ganadería,Fermentación Entérica,Otras Ganaderías,3A4f,1,"0,02",Emisión
4413,1997,1,Ganadería,Fermentación Entérica,Otras Ganaderías,3A4f,1,"0,02",Emisión
4414,1998,1,Ganadería,Fermentación Entérica,Otras Ganaderías,3A4f,1,"0,02",Emisión
4415,1999,1,Ganadería,Fermentación Entérica,Otras Ganaderías,3A4f,1,"0,02",Emisión
4416,2000,1,Ganadería,Fermentación Entérica,Otras Ganaderías,3A4f,1,"0,02",Emisión
4417,2001,1,Ganadería,Fermentación Entérica,Otras Ganaderías,3A4f,1,"0,02",Emisión
4418,2002,1,Ganadería,Fermentación Entérica,Otras Ganaderías,3A4f,1,"0,02",Emisión
4419,2003,1,Ganadería,Fermentación Entérica,Otras Ganaderías,3A4f,1,"0,02",Emisión
4420,2004,1,Ganadería,Fermentación Entérica,Otras Ganaderías,3A4f,1,"0,02",Emisión
4421,2005,1,Ganadería,Fermentación Entérica,Otras Ganaderías,3A4f,1,"0,02",Emisión
4422,2006,1,Ganadería,Fermentación Entérica,Otras Ganaderías,3A4f,1,"0,02",Emisión
4423,2007,1,Ganadería,Fermentación Entérica,Otras Ganaderías,3A4f,1,"0,02",Emisión
4424,2008,1,Ganadería,Fermentación Entérica,Otras Ganaderías,3A4f,1,"0,02",Emisión
4425,2009,1,Ganadería,Fermentación Entérica,Otras Ganaderías,3A4f,1,"0,02",Emisión
4426,2010,1,Ganadería,Fermentación Entérica,Otras Ganaderías,3A4f,1,"0,02",Emisión
4427,2011,1,Ganadería,Fermentación Entérica,Otras Ganaderías,3A4f,1,"0,02",Emisión
4428,2012,1,Ganadería,Fermentación Entérica,Otras Ganaderías,3A4f,1,"0,02",Emisión
4429,2013,1,Ganadería,Fermentación Entérica,Otras Ganaderías,3A4f,1,"0,02",Emisión
4430,2014,1,Ganadería,Fermentación Entérica,Otras Ganaderías,3A4f,1,"0,03",Emisión
4431,2015,1,Ganadería,Fermentación Entérica,Otras Ganaderías,3A4f,1,"0,03",Emisión
4432,2016,1,Ganadería,Fermentación Entérica,Otras Ganaderías,3A4f,1,"0,03",Emisión
4433,2017,1,Ganadería,Fermentación Entérica,Otras Ganaderías,3A4f,1,"0,03",Emisión
4434,2018,1,Ganadería,Fermentación Entérica,Otras Ganaderías,3A4f,1,"0,03",Emisión
4435,2019,1,Ganadería,Fermentación Entérica,Otras Ganaderías,3A4f,1,"0,03",Emisión
4436,2020,1,Ganadería,Fermentación Entérica,Otras Ganaderías,3A4f,1,"0,03",Emisión
4437,2021,1,Ganadería,Fermentación Entérica,Otras Ganaderías,3A4f,1,"0,03",Emisión
4438,2022,1,Ganadería,Fermentación Entérica,Otras Ganaderías,3A4f,1,"0,03",Emisión
4439,1990,1,Ganadería,Gestión de Estiércol,Bovinos Lecheros,3B1a,1,"0,87",Emisión
4440,1991,1,Ganadería,Gestión de Estiércol,Bovinos Lecheros,3B1a,1,"0,87",Emisión
4441,1992,1,Ganadería,Gestión de Estiércol,Bovinos Lecheros,3B1a,1,"0,91",Emisión
4442,1993,1,Ganadería,Gestión de Estiércol,Bovinos Lecheros,3B1a,1,"0,94",Emisión
4443,1994,1,Ganadería,Gestión de Estiércol,Bovinos Lecheros,3B1a,1,"0,98",Emisión
4444,1995,1,Ganadería,Gestión de Estiércol,Bovinos Lecheros,3B1a,1,"0,99",Emisión
4445,1996,1,Ganadería,Gestión de Estiércol,Bovinos Lecheros,3B1a,1,"1,01",Emisión
4446,1997,1,Ganadería,Gestión de Estiércol,Bovinos Lecheros,3B1a,1,"1,01",Emisión
4447,1998,1,Ganadería,Gestión de Estiércol,Bovinos Lecheros,3B1a,1,"1,03",Emisión
4448,1999,1,Ganadería,Gestión de Estiércol,Bovinos Lecheros,3B1a,1,"1,08",Emisión
4449,2000,1,Ganadería,Gestión de Estiércol,Bovinos Lecheros,3B1a,1,"1,06",Emisión
4450,2001,1,Ganadería,Gestión de Estiércol,Bovinos Lecheros,3B1a,1,"1,03",Emisión
4451,2002,1,Ganadería,Gestión de Estiércol,Bovinos Lecheros,3B1a,1,"0,97",Emisión
4452,2003,1,Ganadería,Gestión de Estiércol,Bovinos Lecheros,3B1a,1,"0,93",Emisión
4453,2004,1,Ganadería,Gestión de Estiércol,Bovinos Lecheros,3B1a,1,"0,99",Emisión
4454,2005,1,Ganadería,Gestión de Estiércol,Bovinos Lecheros,3B1a,1,"0,99",Emisión
4455,2006,1,Ganadería,Gestión de Estiércol,Bovinos Lecheros,3B1a,1,"1,02",Emisión
4456,2007,1,Ganadería,Gestión de Estiércol,Bovinos Lecheros,3B1a,1,"0,98",Emisión
4457,2008,1,Ganadería,Gestión de Estiércol,Bovinos Lecheros,3B1a,1,"0,97",Emisión
4458,2009,1,Ganadería,Gestión de Estiércol,Bovinos Lecheros,3B1a,1,"0,97",Emisión
4459,2010,1,Ganadería,Gestión de Estiércol,Bovinos Lecheros,3B1a,1,"0,97",Emisión
4460,2011,1,Ganadería,Gestión de Estiércol,Bovinos Lecheros,3B1a,1,"1,0",Emisión
4461,2012,1,Ganadería,Gestión de Estiércol,Bovinos Lecheros,3B1a,1,"1,01",Emisión
4462,2013,1,Ganadería,Gestión de Estiércol,Bovinos Lecheros,3B1a,1,"1,01",Emisión
4463,2014,1,Ganadería,Gestión de Estiércol,Bovinos Lecheros,3B1a,1,"1,01",Emisión
4464,2015,1,Ganadería,Gestión de Estiércol,Bovinos Lecheros,3B1a,1,"1,03",Emisión
4465,2016,1,Ganadería,Gestión de Estiércol,Bovinos Lecheros,3B1a,1,"0,94",Emisión
4466,2017,1,Ganadería,Gestión de Estiércol,Bovinos Lecheros,3B1a,1,"0,92",Emisión
4467,2018,1,Ganadería,Gestión de Estiércol,Bovinos Lecheros,3B1a,1,"0,94",Emisión
4468,2019,1,Ganadería,Gestión de Estiércol,Bovinos Lecheros,3B1a,1,"0,91",Emisión
4469,2020,1,Ganadería,Gestión de Estiércol,Bovinos Lecheros,3B1a,1,"0,93",Emisión
4470,2021,1,Ganadería,Gestión de Estiércol,Bovinos Lecheros,3B1a,1,"0,93",Emisión
4471,2022,1,Ganadería,Gestión de Estiércol,Bovinos Lecheros,3B1a,1,"0,93",Emisión
4472,1990,1,Ganadería,Gestión de Estiércol,Bovinos de Carne,3B1b,1,"0,8",Emisión
4473,1991,1,Ganadería,Gestión de Estiércol,Bovinos de Carne,3B1b,1,"0,81",Emisión
4474,1992,1,Ganadería,Gestión de Estiércol,Bovinos de Carne,3B1b,1,"0,82",Emisión
4475,1993,1,Ganadería,Gestión de Estiércol,Bovinos de Carne,3B1b,1,"0,85",Emisión
4476,1994,1,Ganadería,Gestión de Estiércol,Bovinos de Carne,3B1b,1,"0,85",Emisión
4477,1995,1,Ganadería,Gestión de Estiércol,Bovinos de Carne,3B1b,1,"0,84",Emisión
4478,1996,1,Ganadería,Gestión de Estiércol,Bovinos de Carne,3B1b,1,"0,8",Emisión
4479,1997,1,Ganadería,Gestión de Estiércol,Bovinos de Carne,3B1b,1,"0,79",Emisión
4480,1998,1,Ganadería,Gestión de Estiércol,Bovinos de Carne,3B1b,1,"0,74",Emisión
4481,1999,1,Ganadería,Gestión de Estiércol,Bovinos de Carne,3B1b,1,"0,78",Emisión
4482,2000,1,Ganadería,Gestión de Estiércol,Bovinos de Carne,3B1b,1,"0,77",Emisión
4483,2001,1,Ganadería,Gestión de Estiércol,Bovinos de Carne,3B1b,1,"0,77",Emisión
4484,2002,1,Ganadería,Gestión de Estiércol,Bovinos de Carne,3B1b,1,"0,8",Emisión
4485,2003,1,Ganadería,Gestión de Estiércol,Bovinos de Carne,3B1b,1,"0,82",Emisión
4486,2004,1,Ganadería,Gestión de Estiércol,Bovinos de Carne,3B1b,1,"0,83",Emisión
4487,2005,1,Ganadería,Gestión de Estiércol,Bovinos de Carne,3B1b,1,"0,83",Emisión
4488,2006,1,Ganadería,Gestión de Estiércol,Bovinos de Carne,3B1b,1,"0,83",Emisión
4489,2007,1,Ganadería,Gestión de Estiércol,Bovinos de Carne,3B1b,1,"0,83",Emisión
4490,1990,1,Ganadería,Gestión de Estiércol,Bovinos de Carne,3B1b,4,"0,15",Emisión
4491,1991,1,Ganadería,Gestión de Estiércol,Bovinos de Carne,3B1b,4,"0,15",Emisión
4492,1992,1,Ganadería,Gestión de Estiércol,Bovinos de Carne,3B1b,4,"0,16",Emisión
4493,1993,1,Ganadería,Gestión de Estiércol,Bovinos de Carne,3B1b,4,"0,18",Emisión
4494,1994,1,Ganadería,Gestión de Estiércol,Bovinos de Carne,3B1b,4,"0,16",Emisión
4495,1995,1,Ganadería,Gestión de Estiércol,Bovinos de Carne,3B1b,4,"0,16",Emisión
4496,1996,1,Ganadería,Gestión de Estiércol,Bovinos de Carne,3B1b,4,"0,14",Emisión
4497,1997,1,Ganadería,Gestión de Estiércol,Bovinos de Carne,3B1b,4,"0,14",Emisión
4498,1998,1,Ganadería,Gestión de Estiércol,Bovinos de Carne,3B1b,4,"0,14",Emisión
4499,1999,1,Ganadería,Gestión de Estiércol,Bovinos de Carne,3B1b,4,"0,15",Emisión
4500,2000,1,Ganadería,Gestión de Estiércol,Bovinos de Carne,3B1b,4,"0,13",Emisión
4501,2001,1,Ganadería,Gestión de Estiércol,Bovinos de Carne,3B1b,4,"0,15",Emisión
4502,2002,1,Ganadería,Gestión de Estiércol,Bovinos de Carne,3B1b,4,"0,19",Emisión
4503,2003,1,Ganadería,Gestión de Estiércol,Bovinos de Carne,3B1b,4,"0,22",Emisión
4504,2004,1,Ganadería,Gestión de Estiércol,Bovinos de Carne,3B1b,4,"0,26",Emisión
4505,2005,1,Ganadería,Gestión de Estiércol,Bovinos de Carne,3B1b,4,"0,26",Emisión
4506,2006,1,Ganadería,Gestión de Estiércol,Bovinos de Carne,3B1b,4,"0,28",Emisión
4507,2007,1,Ganadería,Gestión de Estiércol,Bovinos de Carne,3B1b,4,"0,31",Emisión
4508,2008,1,Ganadería,Gestión de Estiércol,Bovinos de Carne,3B1b,1,"0,83",Emisión
4509,2008,1,Ganadería,Gestión de Estiércol,Bovinos de Carne,3B1b,4,"0,27",Emisión
4510,2009,1,Ganadería,Gestión de Estiércol,Bovinos de Carne,3B1b,1,"0,79",Emisión
4511,2009,1,Ganadería,Gestión de Estiércol,Bovinos de Carne,3B1b,4,"0,26",Emisión
4512,2010,1,Ganadería,Gestión de Estiércol,Bovinos de Carne,3B1b,1,"0,72",Emisión
4513,2010,1,Ganadería,Gestión de Estiércol,Bovinos de Carne,3B1b,4,"0,23",Emisión
4514,2011,1,Ganadería,Gestión de Estiércol,Bovinos de Carne,3B1b,1,"0,68",Emisión
4515,2011,1,Ganadería,Gestión de Estiércol,Bovinos de Carne,3B1b,4,"0,22",Emisión
4516,2012,1,Ganadería,Gestión de Estiércol,Bovinos de Carne,3B1b,1,"0,71",Emisión
4517,2012,1,Ganadería,Gestión de Estiércol,Bovinos de Carne,3B1b,4,"0,22",Emisión
4518,2013,1,Ganadería,Gestión de Estiércol,Bovinos de Carne,3B1b,1,"0,72",Emisión
4519,2013,1,Ganadería,Gestión de Estiércol,Bovinos de Carne,3B1b,4,"0,2",Emisión
4520,2014,1,Ganadería,Gestión de Estiércol,Bovinos de Carne,3B1b,1,"0,73",Emisión
4521,2014,1,Ganadería,Gestión de Estiércol,Bovinos de Carne,3B1b,4,"0,2",Emisión
4522,2015,1,Ganadería,Gestión de Estiércol,Bovinos de Carne,3B1b,1,"0,73",Emisión
4523,2015,1,Ganadería,Gestión de Estiércol,Bovinos de Carne,3B1b,4,"0,26",Emisión
4524,2016,1,Ganadería,Gestión de Estiércol,Bovinos de Carne,3B1b,1,"0,74",Emisión
4525,2016,1,Ganadería,Gestión de Estiércol,Bovinos de Carne,3B1b,4,"0,26",Emisión
4526,2017,1,Ganadería,Gestión de Estiércol,Bovinos de Carne,3B1b,1,"0,76",Emisión
4527,2017,1,Ganadería,Gestión de Estiércol,Bovinos de Carne,3B1b,4,"0,21",Emisión
4528,2018,1,Ganadería,Gestión de Estiércol,Bovinos de Carne,3B1b,1,"0,76",Emisión
4529,2018,1,Ganadería,Gestión de Estiércol,Bovinos de Carne,3B1b,4,"0,21",Emisión
4530,2019,1,Ganadería,Gestión de Estiércol,Bovinos de Carne,3B1b,1,"0,76",Emisión
4531,2019,1,Ganadería,Gestión de Estiércol,Bovinos de Carne,3B1b,4,"0,22",Emisión
4532,2020,1,Ganadería,Gestión de Estiércol,Bovinos de Carne,3B1b,1,"0,75",Emisión
4533,2020,1,Ganadería,Gestión de Estiércol,Bovinos de Carne,3B1b,4,"0,21",Emisión
4534,2021,1,Ganadería,Gestión de Estiércol,Bovinos de Carne,3B1b,1,"0,75",Emisión
4535,2021,1,Ganadería,Gestión de Estiércol,Bovinos de Carne,3B1b,4,"0,19",Emisión
4536,2022,1,Ganadería,Gestión de Estiércol,Bovinos de Carne,3B1b,1,"0,74",Emisión
4537,2022,1,Ganadería,Gestión de Estiércol,Bovinos de Carne,3B1b,4,"0,19",Emisión
4538,1990,1,Ganadería,Gestión de Estiércol,Otras Ganaderías,3B2,1,"0,03",Emisión
4539,1991,1,Ganadería,Gestión de Estiércol,Otras Ganaderías,3B2,1,"0,03",Emisión
4540,1992,1,Ganadería,Gestión de Estiércol,Otras Ganaderías,3B2,1,"0,03",Emisión
4541,1993,1,Ganadería,Gestión de Estiércol,Otras Ganaderías,3B2,1,"0,03",Emisión
4542,1994,1,Ganadería,Gestión de Estiércol,Otras Ganaderías,3B2,1,"0,03",Emisión
4543,1995,1,Ganadería,Gestión de Estiércol,Otras Ganaderías,3B2,1,"0,02",Emisión
4544,1996,1,Ganadería,Gestión de Estiércol,Otras Ganaderías,3B2,1,"0,02",Emisión
4545,1997,1,Ganadería,Gestión de Estiércol,Otras Ganaderías,3B2,1,"0,02",Emisión
4546,1998,1,Ganadería,Gestión de Estiércol,Otras Ganaderías,3B2,1,"0,02",Emisión
4547,1999,1,Ganadería,Gestión de Estiércol,Otras Ganaderías,3B2,1,"0,02",Emisión
4548,2000,1,Ganadería,Gestión de Estiércol,Otras Ganaderías,3B2,1,"0,02",Emisión
4549,2001,1,Ganadería,Gestión de Estiércol,Otras Ganaderías,3B2,1,"0,02",Emisión
4550,2002,1,Ganadería,Gestión de Estiércol,Otras Ganaderías,3B2,1,"0,02",Emisión
4551,2003,1,Ganadería,Gestión de Estiércol,Otras Ganaderías,3B2,1,"0,02",Emisión
4552,2004,1,Ganadería,Gestión de Estiércol,Otras Ganaderías,3B2,1,"0,02",Emisión
4553,2005,1,Ganadería,Gestión de Estiércol,Otras Ganaderías,3B2,1,"0,02",Emisión
4554,2006,1,Ganadería,Gestión de Estiércol,Otras Ganaderías,3B2,1,"0,02",Emisión
4555,2007,1,Ganadería,Gestión de Estiércol,Otras Ganaderías,3B2,1,"0,03",Emisión
4556,2008,1,Ganadería,Gestión de Estiércol,Otras Ganaderías,3B2,1,"0,03",Emisión
4557,2009,1,Ganadería,Gestión de Estiércol,Otras Ganaderías,3B2,1,"0,02",Emisión
4558,2010,1,Ganadería,Gestión de Estiércol,Otras Ganaderías,3B2,1,"0,02",Emisión
4559,2011,1,Ganadería,Gestión de Estiércol,Otras Ganaderías,3B2,1,"0,02",Emisión
4560,2012,1,Ganadería,Gestión de Estiércol,Otras Ganaderías,3B2,1,"0,02",Emisión
4561,2013,1,Ganadería,Gestión de Estiércol,Otras Ganaderías,3B2,1,"0,02",Emisión
4562,2014,1,Ganadería,Gestión de Estiércol,Otras Ganaderías,3B2,1,"0,02",Emisión
4563,2015,1,Ganadería,Gestión de Estiércol,Otras Ganaderías,3B2,1,"0,02",Emisión
4564,2016,1,Ganadería,Gestión de Estiércol,Otras Ganaderías,3B2,1,"0,02",Emisión
4565,2017,1,Ganadería,Gestión de Estiércol,Otras Ganaderías,3B2,1,"0,02",Emisión
4566,2018,1,Ganadería,Gestión de Estiércol,Otras Ganaderías,3B2,1,"0,02",Emisión
4567,2019,1,Ganadería,Gestión de Estiércol,Otras Ganaderías,3B2,1,"0,02",Emisión
4568,2020,1,Ganadería,Gestión de Estiércol,Otras Ganaderías,3B2,1,"0,02",Emisión
4569,2021,1,Ganadería,Gestión de Estiércol,Otras Ganaderías,3B2,1,"0,02",Emisión
4570,2022,1,Ganadería,Gestión de Estiércol,Otras Ganaderías,3B2,1,"0,02",Emisión
4571,1990,1,Ganadería,Gestión de Estiércol,Otras Ganaderías,3B3,1,"0,04",Emisión
4572,1991,1,Ganadería,Gestión de Estiércol,Otras Ganaderías,3B3,1,"0,04",Emisión
4573,1992,1,Ganadería,Gestión de Estiércol,Otras Ganaderías,3B3,1,"0,04",Emisión
4574,1993,1,Ganadería,Gestión de Estiércol,Otras Ganaderías,3B3,1,"0,05",Emisión
4575,1994,1,Ganadería,Gestión de Estiércol,Otras Ganaderías,3B3,1,"0,05",Emisión
4576,1995,1,Ganadería,Gestión de Estiércol,Otras Ganaderías,3B3,1,"0,05",Emisión
4577,1996,1,Ganadería,Gestión de Estiércol,Otras Ganaderías,3B3,1,"0,04",Emisión
4578,1997,1,Ganadería,Gestión de Estiércol,Otras Ganaderías,3B3,1,"0,04",Emisión
4579,1998,1,Ganadería,Gestión de Estiércol,Otras Ganaderías,3B3,1,"0,05",Emisión
4580,1999,1,Ganadería,Gestión de Estiércol,Otras Ganaderías,3B3,1,"0,06",Emisión
4581,2000,1,Ganadería,Gestión de Estiércol,Otras Ganaderías,3B3,1,"0,06",Emisión
4582,2001,1,Ganadería,Gestión de Estiércol,Otras Ganaderías,3B3,1,"0,05",Emisión
4583,2002,1,Ganadería,Gestión de Estiércol,Otras Ganaderías,3B3,1,"0,04",Emisión
4584,2003,1,Ganadería,Gestión de Estiércol,Otras Ganaderías,3B3,1,"0,04",Emisión
4585,2004,1,Ganadería,Gestión de Estiércol,Otras Ganaderías,3B3,1,"0,05",Emisión
4586,2005,1,Ganadería,Gestión de Estiércol,Otras Ganaderías,3B3,1,"0,05",Emisión
4587,2006,1,Ganadería,Gestión de Estiércol,Otras Ganaderías,3B3,1,"0,07",Emisión
4588,2007,1,Ganadería,Gestión de Estiércol,Otras Ganaderías,3B3,1,"0,07",Emisión
4589,1990,1,Ganadería,Gestión de Estiércol,Otras Ganaderías,3B3,4,"0,08",Emisión
4590,1991,1,Ganadería,Gestión de Estiércol,Otras Ganaderías,3B3,4,"0,08",Emisión
4591,1992,1,Ganadería,Gestión de Estiércol,Otras Ganaderías,3B3,4,"0,07",Emisión
4592,1993,1,Ganadería,Gestión de Estiércol,Otras Ganaderías,3B3,4,"0,08",Emisión
4593,1994,1,Ganadería,Gestión de Estiércol,Otras Ganaderías,3B3,4,"0,08",Emisión
4594,1995,1,Ganadería,Gestión de Estiércol,Otras Ganaderías,3B3,4,"0,09",Emisión
4595,1996,1,Ganadería,Gestión de Estiércol,Otras Ganaderías,3B3,4,"0,07",Emisión
4596,1997,1,Ganadería,Gestión de Estiércol,Otras Ganaderías,3B3,4,"0,07",Emisión
4597,1998,1,Ganadería,Gestión de Estiércol,Otras Ganaderías,3B3,4,"0,08",Emisión
4598,1999,1,Ganadería,Gestión de Estiércol,Otras Ganaderías,3B3,4,"0,1",Emisión
4599,2000,1,Ganadería,Gestión de Estiércol,Otras Ganaderías,3B3,4,"0,1",Emisión
4600,2001,1,Ganadería,Gestión de Estiércol,Otras Ganaderías,3B3,4,"0,09",Emisión
4601,2002,1,Ganadería,Gestión de Estiércol,Otras Ganaderías,3B3,4,"0,08",Emisión
4602,2003,1,Ganadería,Gestión de Estiércol,Otras Ganaderías,3B3,4,"0,07",Emisión
4603,2004,1,Ganadería,Gestión de Estiércol,Otras Ganaderías,3B3,4,"0,08",Emisión
4604,2005,1,Ganadería,Gestión de Estiércol,Otras Ganaderías,3B3,4,"0,09",Emisión
4605,2006,1,Ganadería,Gestión de Estiércol,Otras Ganaderías,3B3,4,"0,12",Emisión
4606,2007,1,Ganadería,Gestión de Estiércol,Otras Ganaderías,3B3,4,"0,12",Emisión
4607,2008,1,Ganadería,Gestión de Estiércol,Otras Ganaderías,3B3,1,"0,08",Emisión
4608,2008,1,Ganadería,Gestión de Estiércol,Otras Ganaderías,3B3,4,"0,15",Emisión
4609,2009,1,Ganadería,Gestión de Estiércol,Otras Ganaderías,3B3,1,"0,08",Emisión
4610,2009,1,Ganadería,Gestión de Estiércol,Otras Ganaderías,3B3,4,"0,15",Emisión
4611,2010,1,Ganadería,Gestión de Estiércol,Otras Ganaderías,3B3,1,"0,08",Emisión
4612,2010,1,Ganadería,Gestión de Estiércol,Otras Ganaderías,3B3,4,"0,15",Emisión
4613,2011,1,Ganadería,Gestión de Estiércol,Otras Ganaderías,3B3,1,"0,08",Emisión
4614,2011,1,Ganadería,Gestión de Estiércol,Otras Ganaderías,3B3,4,"0,16",Emisión
4615,2012,1,Ganadería,Gestión de Estiércol,Otras Ganaderías,3B3,1,"0,09",Emisión
4616,2012,1,Ganadería,Gestión de Estiércol,Otras Ganaderías,3B3,4,"0,17",Emisión
4617,2013,1,Ganadería,Gestión de Estiércol,Otras Ganaderías,3B3,1,"0,11",Emisión
4618,2013,1,Ganadería,Gestión de Estiércol,Otras Ganaderías,3B3,4,"0,21",Emisión
4619,2014,1,Ganadería,Gestión de Estiércol,Otras Ganaderías,3B3,1,"0,12",Emisión
4620,2014,1,Ganadería,Gestión de Estiércol,Otras Ganaderías,3B3,4,"0,23",Emisión
4621,2015,1,Ganadería,Gestión de Estiércol,Otras Ganaderías,3B3,1,"0,12",Emisión
4622,2015,1,Ganadería,Gestión de Estiércol,Otras Ganaderías,3B3,4,"0,23",Emisión
4623,2016,1,Ganadería,Gestión de Estiércol,Otras Ganaderías,3B3,1,"0,13",Emisión
4624,2016,1,Ganadería,Gestión de Estiércol,Otras Ganaderías,3B3,4,"0,25",Emisión
4625,2017,1,Ganadería,Gestión de Estiércol,Otras Ganaderías,3B3,1,"0,13",Emisión
4626,2017,1,Ganadería,Gestión de Estiércol,Otras Ganaderías,3B3,4,"0,26",Emisión
4627,2018,1,Ganadería,Gestión de Estiércol,Otras Ganaderías,3B3,1,"0,14",Emisión
4628,2018,1,Ganadería,Gestión de Estiércol,Otras Ganaderías,3B3,4,"0,27",Emisión
4629,2019,1,Ganadería,Gestión de Estiércol,Otras Ganaderías,3B3,1,"0,14",Emisión
4630,2019,1,Ganadería,Gestión de Estiércol,Otras Ganaderías,3B3,4,"0,26",Emisión
4631,2020,1,Ganadería,Gestión de Estiércol,Otras Ganaderías,3B3,1,"0,14",Emisión
4632,2020,1,Ganadería,Gestión de Estiércol,Otras Ganaderías,3B3,4,"0,27",Emisión
4633,2021,1,Ganadería,Gestión de Estiércol,Otras Ganaderías,3B3,1,"0,14",Emisión
4634,2021,1,Ganadería,Gestión de Estiércol,Otras Ganaderías,3B3,4,"0,27",Emisión
4635,2022,1,Ganadería,Gestión de Estiércol,Otras Ganaderías,3B3,1,"0,14",Emisión
4636,2022,1,Ganadería,Gestión de Estiércol,Otras Ganaderías,3B3,4,"0,28",Emisión
4637,1990,1,Ganadería,Gestión de Estiércol,Otras Ganaderías,3B4a,1,"0,0",Sin emisión/remoción
4638,1991,1,Ganadería,Gestión de Estiércol,Otras Ganaderías,3B4a,1,"0,0",Sin emisión/remoción
4639,1992,1,Ganadería,Gestión de Estiércol,Otras Ganaderías,3B4a,1,"0,0",Sin emisión/remoción
4640,1993,1,Ganadería,Gestión de Estiércol,Otras Ganaderías,3B4a,1,"0,0",Sin emisión/remoción
4641,1994,1,Ganadería,Gestión de Estiércol,Otras Ganaderías,3B4a,1,"0,0",Sin emisión/remoción
4642,1995,1,Ganadería,Gestión de Estiércol,Otras Ganaderías,3B4a,1,"0,0",Sin emisión/remoción
4643,1996,1,Ganadería,Gestión de Estiércol,Otras Ganaderías,3B4a,1,"0,0",Sin emisión/remoción
4644,1997,1,Ganadería,Gestión de Estiércol,Otras Ganaderías,3B4a,1,"0,0",Sin emisión/remoción
4645,1998,1,Ganadería,Gestión de Estiércol,Otras Ganaderías,3B4a,1,"0,0",Sin emisión/remoción
4646,1999,1,Ganadería,Gestión de Estiércol,Otras Ganaderías,3B4a,1,"0,0",Sin emisión/remoción
4647,2000,1,Ganadería,Gestión de Estiércol,Otras Ganaderías,3B4a,1,"0,0",Sin emisión/remoción
4648,2001,1,Ganadería,Gestión de Estiércol,Otras Ganaderías,3B4a,1,"0,0",Sin emisión/remoción
4649,2002,1,Ganadería,Gestión de Estiércol,Otras Ganaderías,3B4a,1,"0,0",Sin emisión/remoción
4650,2003,1,Ganadería,Gestión de Estiércol,Otras Ganaderías,3B4a,1,"0,0",Sin emisión/remoción
4651,2004,1,Ganadería,Gestión de Estiércol,Otras Ganaderías,3B4a,1,"0,0",Sin emisión/remoción
4652,2005,1,Ganadería,Gestión de Estiércol,Otras Ganaderías,3B4a,1,"0,0",Sin emisión/remoción
4653,2006,1,Ganadería,Gestión de Estiércol,Otras Ganaderías,3B4a,1,"0,0",Sin emisión/remoción
4654,2007,1,Ganadería,Gestión de Estiércol,Otras Ganaderías,3B4a,1,"0,0",Sin emisión/remoción
4655,2008,1,Ganadería,Gestión de Estiércol,Otras Ganaderías,3B4a,1,"0,0",Sin emisión/remoción
4656,2009,1,Ganadería,Gestión de Estiércol,Otras Ganaderías,3B4a,1,"0,0",Sin emisión/remoción
4657,2010,1,Ganadería,Gestión de Estiércol,Otras Ganaderías,3B4a,1,"0,0",Sin emisión/remoción
4658,2011,1,Ganadería,Gestión de Estiércol,Otras Ganaderías,3B4a,1,"0,0",Sin emisión/remoción
4659,2012,1,Ganadería,Gestión de Estiércol,Otras Ganaderías,3B4a,1,"0,0",Sin emisión/remoción
4660,2013,1,Ganadería,Gestión de Estiércol,Otras Ganaderías,3B4a,1,"0,0",Sin emisión/remoción
4661,2014,1,Ganadería,Gestión de Estiércol,Otras Ganaderías,3B4a,1,"0,0",Sin emisión/remoción
4662,2015,1,Ganadería,Gestión de Estiércol,Otras Ganaderías,3B4a,1,"0,0",Sin emisión/remoción
4663,2016,1,Ganadería,Gestión de Estiércol,Otras Ganaderías,3B4a,1,"0,0",Sin emisión/remoción
4664,2017,1,Ganadería,Gestión de Estiércol,Otras Ganaderías,3B4a,1,"0,0",Sin emisión/remoción
4665,2018,1,Ganadería,Gestión de Estiércol,Otras Ganaderías,3B4a,1,"0,0",Sin emisión/remoción
4666,2019,1,Ganadería,Gestión de Estiércol,Otras Ganaderías,3B4a,1,"0,0",Sin emisión/remoción
4667,2020,1,Ganadería,Gestión de Estiércol,Otras Ganaderías,3B4a,1,"0,0",Sin emisión/remoción
4668,2021,1,Ganadería,Gestión de Estiércol,Otras Ganaderías,3B4a,1,"0,0",Sin emisión/remoción
4669,2022,1,Ganadería,Gestión de Estiércol,Otras Ganaderías,3B4a,1,"0,0",Sin emisión/remoción
4670,1990,1,Ganadería,Gestión de Estiércol,Otras Ganaderías,3B4b,1,"0,0",Sin emisión/remoción
4671,1991,1,Ganadería,Gestión de Estiércol,Otras Ganaderías,3B4b,1,"0,0",Sin emisión/remoción
4672,1992,1,Ganadería,Gestión de Estiércol,Otras Ganaderías,3B4b,1,"0,0",Sin emisión/remoción
4673,1993,1,Ganadería,Gestión de Estiércol,Otras Ganaderías,3B4b,1,"0,0",Sin emisión/remoción
4674,1994,1,Ganadería,Gestión de Estiércol,Otras Ganaderías,3B4b,1,"0,0",Sin emisión/remoción
4675,1995,1,Ganadería,Gestión de Estiércol,Otras Ganaderías,3B4b,1,"0,0",Sin emisión/remoción
4676,1996,1,Ganadería,Gestión de Estiércol,Otras Ganaderías,3B4b,1,"0,0",Sin emisión/remoción
4677,1997,1,Ganadería,Gestión de Estiércol,Otras Ganaderías,3B4b,1,"0,0",Sin emisión/remoción
4678,1998,1,Ganadería,Gestión de Estiércol,Otras Ganaderías,3B4b,1,"0,0",Sin emisión/remoción
4679,1999,1,Ganadería,Gestión de Estiércol,Otras Ganaderías,3B4b,1,"0,0",Sin emisión/remoción
4680,2000,1,Ganadería,Gestión de Estiércol,Otras Ganaderías,3B4b,1,"0,0",Sin emisión/remoción
4681,2001,1,Ganadería,Gestión de Estiércol,Otras Ganaderías,3B4b,1,"0,0",Sin emisión/remoción
4682,2002,1,Ganadería,Gestión de Estiércol,Otras Ganaderías,3B4b,1,"0,0",Sin emisión/remoción
4683,2003,1,Ganadería,Gestión de Estiércol,Otras Ganaderías,3B4b,1,"0,0",Sin emisión/remoción
4684,2004,1,Ganadería,Gestión de Estiércol,Otras Ganaderías,3B4b,1,"0,0",Sin emisión/remoción
4685,2005,1,Ganadería,Gestión de Estiércol,Otras Ganaderías,3B4b,1,"0,0",Sin emisión/remoción
4686,2006,1,Ganadería,Gestión de Estiércol,Otras Ganaderías,3B4b,1,"0,0",Sin emisión/remoción
4687,2007,1,Ganadería,Gestión de Estiércol,Otras Ganaderías,3B4b,1,"0,0",Sin emisión/remoción
4688,2008,1,Ganadería,Gestión de Estiércol,Otras Ganaderías,3B4b,1,"0,0",Sin emisión/remoción
4689,2009,1,Ganadería,Gestión de Estiércol,Otras Ganaderías,3B4b,1,"0,0",Sin emisión/remoción
4690,2010,1,Ganadería,Gestión de Estiércol,Otras Ganaderías,3B4b,1,"0,0",Sin emisión/remoción
4691,2011,1,Ganadería,Gestión de Estiércol,Otras Ganaderías,3B4b,1,"0,0",Sin emisión/remoción
4692,2012,1,Ganadería,Gestión de Estiércol,Otras Ganaderías,3B4b,1,"0,0",Sin emisión/remoción
4693,2013,1,Ganadería,Gestión de Estiércol,Otras Ganaderías,3B4b,1,"0,0",Sin emisión/remoción
4694,2014,1,Ganadería,Gestión de Estiércol,Otras Ganaderías,3B4b,1,"0,0",Sin emisión/remoción
4695,2015,1,Ganadería,Gestión de Estiércol,Otras Ganaderías,3B4b,1,"0,0",Sin emisión/remoción
4696,2016,1,Ganadería,Gestión de Estiércol,Otras Ganaderías,3B4b,1,"0,0",Sin emisión/remoción
4697,2017,1,Ganadería,Gestión de Estiércol,Otras Ganaderías,3B4b,1,"0,0",Sin emisión/remoción
4698,2018,1,Ganadería,Gestión de Estiércol,Otras Ganaderías,3B4b,1,"0,0",Sin emisión/remoción
4699,2019,1,Ganadería,Gestión de Estiércol,Otras Ganaderías,3B4b,1,"0,0",Sin emisión/remoción
4700,2020,1,Ganadería,Gestión de Estiércol,Otras Ganaderías,3B4b,1,"0,0",Sin emisión/remoción
4701,2021,1,Ganadería,Gestión de Estiércol,Otras Ganaderías,3B4b,1,"0,0",Sin emisión/remoción
4702,2022,1,Ganadería,Gestión de Estiércol,Otras Ganaderías,3B4b,1,"0,0",Sin emisión/remoción
4703,1990,1,Ganadería,Gestión de Estiércol,Otras Ganaderías,3B4d,1,"0,01",Emisión
4704,1991,1,Ganadería,Gestión de Estiércol,Otras Ganaderías,3B4d,1,"0,01",Emisión
4705,1992,1,Ganadería,Gestión de Estiércol,Otras Ganaderías,3B4d,1,"0,01",Emisión
4706,1993,1,Ganadería,Gestión de Estiércol,Otras Ganaderías,3B4d,1,"0,01",Emisión
4707,1994,1,Ganadería,Gestión de Estiércol,Otras Ganaderías,3B4d,1,"0,01",Emisión
4708,1995,1,Ganadería,Gestión de Estiércol,Otras Ganaderías,3B4d,1,"0,01",Emisión
4709,1996,1,Ganadería,Gestión de Estiércol,Otras Ganaderías,3B4d,1,"0,01",Emisión
4710,1997,1,Ganadería,Gestión de Estiércol,Otras Ganaderías,3B4d,1,"0,01",Emisión
4711,1998,1,Ganadería,Gestión de Estiércol,Otras Ganaderías,3B4d,1,"0,01",Emisión
4712,1999,1,Ganadería,Gestión de Estiércol,Otras Ganaderías,3B4d,1,"0,01",Emisión
4713,2000,1,Ganadería,Gestión de Estiércol,Otras Ganaderías,3B4d,1,"0,01",Emisión
4714,2001,1,Ganadería,Gestión de Estiércol,Otras Ganaderías,3B4d,1,"0,01",Emisión
4715,2002,1,Ganadería,Gestión de Estiércol,Otras Ganaderías,3B4d,1,"0,01",Emisión
4716,2003,1,Ganadería,Gestión de Estiércol,Otras Ganaderías,3B4d,1,"0,01",Emisión
4717,2004,1,Ganadería,Gestión de Estiércol,Otras Ganaderías,3B4d,1,"0,01",Emisión
4718,2005,1,Ganadería,Gestión de Estiércol,Otras Ganaderías,3B4d,1,"0,01",Emisión
4719,2006,1,Ganadería,Gestión de Estiércol,Otras Ganaderías,3B4d,1,"0,01",Emisión
4720,2007,1,Ganadería,Gestión de Estiércol,Otras Ganaderías,3B4d,1,"0,01",Emisión
4721,2008,1,Ganadería,Gestión de Estiércol,Otras Ganaderías,3B4d,1,"0,01",Emisión
4722,2009,1,Ganadería,Gestión de Estiércol,Otras Ganaderías,3B4d,1,"0,01",Emisión
4723,2010,1,Ganadería,Gestión de Estiércol,Otras Ganaderías,3B4d,1,"0,01",Emisión
4724,2011,1,Ganadería,Gestión de Estiércol,Otras Ganaderías,3B4d,1,"0,01",Emisión
4725,2012,1,Ganadería,Gestión de Estiércol,Otras Ganaderías,3B4d,1,"0,01",Emisión
4726,2013,1,Ganadería,Gestión de Estiércol,Otras Ganaderías,3B4d,1,"0,01",Emisión
4727,2014,1,Ganadería,Gestión de Estiércol,Otras Ganaderías,3B4d,1,"0,01",Emisión
4728,2015,1,Ganadería,Gestión de Estiércol,Otras Ganaderías,3B4d,1,"0,01",Emisión
4729,2016,1,Ganadería,Gestión de Estiércol,Otras Ganaderías,3B4d,1,"0,01",Emisión
4730,2017,1,Ganadería,Gestión de Estiércol,Otras Ganaderías,3B4d,1,"0,01",Emisión
4731,2018,1,Ganadería,Gestión de Estiércol,Otras Ganaderías,3B4d,1,"0,01",Emisión
4732,2019,1,Ganadería,Gestión de Estiércol,Otras Ganaderías,3B4d,1,"0,01",Emisión
4733,2020,1,Ganadería,Gestión de Estiércol,Otras Ganaderías,3B4d,1,"0,01",Emisión
4734,2021,1,Ganadería,Gestión de Estiércol,Otras Ganaderías,3B4d,1,"0,01",Emisión
4735,2022,1,Ganadería,Gestión de Estiércol,Otras Ganaderías,3B4d,1,"0,01",Emisión
4736,1990,1,Ganadería,Gestión de Estiércol,Otras Ganaderías,3B4e,1,"0,02",Emisión
4737,1991,1,Ganadería,Gestión de Estiércol,Otras Ganaderías,3B4e,1,"0,02",Emisión
4738,1992,1,Ganadería,Gestión de Estiércol,Otras Ganaderías,3B4e,1,"0,02",Emisión
4739,1993,1,Ganadería,Gestión de Estiércol,Otras Ganaderías,3B4e,1,"0,02",Emisión
4740,1994,1,Ganadería,Gestión de Estiércol,Otras Ganaderías,3B4e,1,"0,02",Emisión
4741,1995,1,Ganadería,Gestión de Estiércol,Otras Ganaderías,3B4e,1,"0,02",Emisión
4742,1996,1,Ganadería,Gestión de Estiércol,Otras Ganaderías,3B4e,1,"0,02",Emisión
4743,1997,1,Ganadería,Gestión de Estiércol,Otras Ganaderías,3B4e,1,"0,02",Emisión
4744,1998,1,Ganadería,Gestión de Estiércol,Otras Ganaderías,3B4e,1,"0,02",Emisión
4745,1999,1,Ganadería,Gestión de Estiércol,Otras Ganaderías,3B4e,1,"0,02",Emisión
4746,2000,1,Ganadería,Gestión de Estiércol,Otras Ganaderías,3B4e,1,"0,02",Emisión
4747,2001,1,Ganadería,Gestión de Estiércol,Otras Ganaderías,3B4e,1,"0,02",Emisión
4748,2002,1,Ganadería,Gestión de Estiércol,Otras Ganaderías,3B4e,1,"0,02",Emisión
4749,2003,1,Ganadería,Gestión de Estiércol,Otras Ganaderías,3B4e,1,"0,02",Emisión
4750,2004,1,Ganadería,Gestión de Estiércol,Otras Ganaderías,3B4e,1,"0,02",Emisión
4751,2005,1,Ganadería,Gestión de Estiércol,Otras Ganaderías,3B4e,1,"0,02",Emisión
4752,2006,1,Ganadería,Gestión de Estiércol,Otras Ganaderías,3B4e,1,"0,02",Emisión
4753,2007,1,Ganadería,Gestión de Estiércol,Otras Ganaderías,3B4e,1,"0,02",Emisión
4754,2008,1,Ganadería,Gestión de Estiércol,Otras Ganaderías,3B4e,1,"0,02",Emisión
4755,2009,1,Ganadería,Gestión de Estiércol,Otras Ganaderías,3B4e,1,"0,02",Emisión
4756,2010,1,Ganadería,Gestión de Estiércol,Otras Ganaderías,3B4e,1,"0,02",Emisión
4757,2011,1,Ganadería,Gestión de Estiércol,Otras Ganaderías,3B4e,1,"0,02",Emisión
4758,2012,1,Ganadería,Gestión de Estiércol,Otras Ganaderías,3B4e,1,"0,02",Emisión
4759,2013,1,Ganadería,Gestión de Estiércol,Otras Ganaderías,3B4e,1,"0,02",Emisión
4760,2014,1,Ganadería,Gestión de Estiércol,Otras Ganaderías,3B4e,1,"0,02",Emisión
4761,2015,1,Ganadería,Gestión de Estiércol,Otras Ganaderías,3B4e,1,"0,03",Emisión
4762,2016,1,Ganadería,Gestión de Estiércol,Otras Ganaderías,3B4e,1,"0,03",Emisión
4763,2017,1,Ganadería,Gestión de Estiércol,Otras Ganaderías,3B4e,1,"0,03",Emisión
4764,2018,1,Ganadería,Gestión de Estiércol,Otras Ganaderías,3B4e,1,"0,03",Emisión
4765,2019,1,Ganadería,Gestión de Estiércol,Otras Ganaderías,3B4e,1,"0,03",Emisión
4766,2020,1,Ganadería,Gestión de Estiércol,Otras Ganaderías,3B4e,1,"0,03",Emisión
4767,2021,1,Ganadería,Gestión de Estiércol,Otras Ganaderías,3B4e,1,"0,03",Emisión
4768,2022,1,Ganadería,Gestión de Estiércol,Otras Ganaderías,3B4e,1,"0,03",Emisión
4769,1990,1,Ganadería,Gestión de Estiércol,Otras Ganaderías,3B4f,1,"0,0",Sin emisión/remoción
4770,1991,1,Ganadería,Gestión de Estiércol,Otras Ganaderías,3B4f,1,"0,0",Sin emisión/remoción
4771,1992,1,Ganadería,Gestión de Estiércol,Otras Ganaderías,3B4f,1,"0,0",Sin emisión/remoción
4772,1993,1,Ganadería,Gestión de Estiércol,Otras Ganaderías,3B4f,1,"0,0",Sin emisión/remoción
4773,1994,1,Ganadería,Gestión de Estiércol,Otras Ganaderías,3B4f,1,"0,0",Sin emisión/remoción
4774,1995,1,Ganadería,Gestión de Estiércol,Otras Ganaderías,3B4f,1,"0,0",Sin emisión/remoción
4775,1996,1,Ganadería,Gestión de Estiércol,Otras Ganaderías,3B4f,1,"0,0",Sin emisión/remoción
4776,1997,1,Ganadería,Gestión de Estiércol,Otras Ganaderías,3B4f,1,"0,0",Sin emisión/remoción
4777,1998,1,Ganadería,Gestión de Estiércol,Otras Ganaderías,3B4f,1,"0,0",Sin emisión/remoción
4778,1999,1,Ganadería,Gestión de Estiércol,Otras Ganaderías,3B4f,1,"0,0",Sin emisión/remoción
4779,2000,1,Ganadería,Gestión de Estiércol,Otras Ganaderías,3B4f,1,"0,0",Sin emisión/remoción
4780,2001,1,Ganadería,Gestión de Estiércol,Otras Ganaderías,3B4f,1,"0,0",Sin emisión/remoción
4781,2002,1,Ganadería,Gestión de Estiércol,Otras Ganaderías,3B4f,1,"0,0",Sin emisión/remoción
4782,2003,1,Ganadería,Gestión de Estiércol,Otras Ganaderías,3B4f,1,"0,0",Sin emisión/remoción
4783,2004,1,Ganadería,Gestión de Estiércol,Otras Ganaderías,3B4f,1,"0,0",Sin emisión/remoción
4784,2005,1,Ganadería,Gestión de Estiércol,Otras Ganaderías,3B4f,1,"0,0",Sin emisión/remoción
4785,2006,1,Ganadería,Gestión de Estiércol,Otras Ganaderías,3B4f,1,"0,0",Sin emisión/remoción
4786,2007,1,Ganadería,Gestión de Estiércol,Otras Ganaderías,3B4f,1,"0,0",Sin emisión/remoción
4787,2008,1,Ganadería,Gestión de Estiércol,Otras Ganaderías,3B4f,1,"0,0",Sin emisión/remoción
4788,2009,1,Ganadería,Gestión de Estiércol,Otras Ganaderías,3B4f,1,"0,0",Sin emisión/remoción
4789,2010,1,Ganadería,Gestión de Estiércol,Otras Ganaderías,3B4f,1,"0,0",Sin emisión/remoción
4790,2011,1,Ganadería,Gestión de Estiércol,Otras Ganaderías,3B4f,1,"0,0",Sin emisión/remoción
4791,2012,1,Ganadería,Gestión de Estiércol,Otras Ganaderías,3B4f,1,"0,0",Sin emisión/remoción
4792,2013,1,Ganadería,Gestión de Estiércol,Otras Ganaderías,3B4f,1,"0,0",Sin emisión/remoción
4793,2014,1,Ganadería,Gestión de Estiércol,Otras Ganaderías,3B4f,1,"0,0",Sin emisión/remoción
4794,2015,1,Ganadería,Gestión de Estiércol,Otras Ganaderías,3B4f,1,"0,0",Sin emisión/remoción
4795,2016,1,Ganadería,Gestión de Estiércol,Otras Ganaderías,3B4f,1,"0,0",Sin emisión/remoción
4796,2017,1,Ganadería,Gestión de Estiércol,Otras Ganaderías,3B4f,1,"0,0",Sin emisión/remoción
4797,2018,1,Ganadería,Gestión de Estiércol,Otras Ganaderías,3B4f,1,"0,0",Sin emisión/remoción
4798,2019,1,Ganadería,Gestión de Estiércol,Otras Ganaderías,3B4f,1,"0,0",Sin emisión/remoción
4799,2020,1,Ganadería,Gestión de Estiércol,Otras Ganaderías,3B4f,1,"0,0",Sin emisión/remoción
4800,2021,1,Ganadería,Gestión de Estiércol,Otras Ganaderías,3B4f,1,"0,0",Sin emisión/remoción
4801,2022,1,Ganadería,Gestión de Estiércol,Otras Ganaderías,3B4f,1,"0,0",Sin emisión/remoción
4802,1990,1,Ganadería,Gestión de Estiércol,Otras Ganaderías,3B4g,1,"0,01",Emisión
4803,1991,1,Ganadería,Gestión de Estiércol,Otras Ganaderías,3B4g,1,"0,01",Emisión
4804,1992,1,Ganadería,Gestión de Estiércol,Otras Ganaderías,3B4g,1,"0,01",Emisión
4805,1993,1,Ganadería,Gestión de Estiércol,Otras Ganaderías,3B4g,1,"0,01",Emisión
4806,1994,1,Ganadería,Gestión de Estiércol,Otras Ganaderías,3B4g,1,"0,01",Emisión
4807,1995,1,Ganadería,Gestión de Estiércol,Otras Ganaderías,3B4g,1,"0,01",Emisión
4808,1996,1,Ganadería,Gestión de Estiércol,Otras Ganaderías,3B4g,1,"0,01",Emisión
4809,1997,1,Ganadería,Gestión de Estiércol,Otras Ganaderías,3B4g,1,"0,02",Emisión
4810,1998,1,Ganadería,Gestión de Estiércol,Otras Ganaderías,3B4g,1,"0,02",Emisión
4811,1999,1,Ganadería,Gestión de Estiércol,Otras Ganaderías,3B4g,1,"0,02",Emisión
4812,2000,1,Ganadería,Gestión de Estiércol,Otras Ganaderías,3B4g,1,"0,02",Emisión
4813,2001,1,Ganadería,Gestión de Estiércol,Otras Ganaderías,3B4g,1,"0,02",Emisión
4814,2002,1,Ganadería,Gestión de Estiércol,Otras Ganaderías,3B4g,1,"0,03",Emisión
4815,2003,1,Ganadería,Gestión de Estiércol,Otras Ganaderías,3B4g,1,"0,03",Emisión
4816,2004,1,Ganadería,Gestión de Estiércol,Otras Ganaderías,3B4g,1,"0,03",Emisión
4817,2005,1,Ganadería,Gestión de Estiércol,Otras Ganaderías,3B4g,1,"0,04",Emisión
4818,2006,1,Ganadería,Gestión de Estiércol,Otras Ganaderías,3B4g,1,"0,04",Emisión
4819,2007,1,Ganadería,Gestión de Estiércol,Otras Ganaderías,3B4g,1,"0,04",Emisión
4820,2008,1,Ganadería,Gestión de Estiércol,Otras Ganaderías,3B4g,1,"0,05",Emisión
4821,2009,1,Ganadería,Gestión de Estiércol,Otras Ganaderías,3B4g,1,"0,05",Emisión
4822,2010,1,Ganadería,Gestión de Estiércol,Otras Ganaderías,3B4g,1,"0,05",Emisión
4823,2011,1,Ganadería,Gestión de Estiércol,Otras Ganaderías,3B4g,1,"0,05",Emisión
4824,2012,1,Ganadería,Gestión de Estiércol,Otras Ganaderías,3B4g,1,"0,06",Emisión
4825,2013,1,Ganadería,Gestión de Estiércol,Otras Ganaderías,3B4g,1,"0,06",Emisión
4826,2014,1,Ganadería,Gestión de Estiércol,Otras Ganaderías,3B4g,1,"0,06",Emisión
4827,2015,1,Ganadería,Gestión de Estiércol,Otras Ganaderías,3B4g,1,"0,06",Emisión
4828,2016,1,Ganadería,Gestión de Estiércol,Otras Ganaderías,3B4g,1,"0,06",Emisión
4829,2017,1,Ganadería,Gestión de Estiércol,Otras Ganaderías,3B4g,1,"0,06",Emisión
4830,2018,1,Ganadería,Gestión de Estiércol,Otras Ganaderías,3B4g,1,"0,06",Emisión
4831,2019,1,Ganadería,Gestión de Estiércol,Otras Ganaderías,3B4g,1,"0,06",Emisión
4832,2020,1,Ganadería,Gestión de Estiércol,Otras Ganaderías,3B4g,1,"0,06",Emisión
4833,2021,1,Ganadería,Gestión de Estiércol,Otras Ganaderías,3B4g,1,"0,06",Emisión
4834,2022,1,Ganadería,Gestión de Estiércol,Otras Ganaderías,3B4g,1,"0,06",Emisión
4835,1990,1,Ganadería,Gestión de Estiércol,Otras Ganaderías,3B4g,4,"0,01",Emisión
4836,1991,1,Ganadería,Gestión de Estiércol,Otras Ganaderías,3B4g,4,"0,01",Emisión
4837,1992,1,Ganadería,Gestión de Estiércol,Otras Ganaderías,3B4g,4,"0,01",Emisión
4838,1993,1,Ganadería,Gestión de Estiércol,Otras Ganaderías,3B4g,4,"0,01",Emisión
4839,1994,1,Ganadería,Gestión de Estiércol,Otras Ganaderías,3B4g,4,"0,01",Emisión
4840,1995,1,Ganadería,Gestión de Estiércol,Otras Ganaderías,3B4g,4,"0,01",Emisión
4841,1996,1,Ganadería,Gestión de Estiércol,Otras Ganaderías,3B4g,4,"0,01",Emisión
4842,1997,1,Ganadería,Gestión de Estiércol,Otras Ganaderías,3B4g,4,"0,01",Emisión
4843,1998,1,Ganadería,Gestión de Estiércol,Otras Ganaderías,3B4g,4,"0,01",Emisión
4844,1999,1,Ganadería,Gestión de Estiércol,Otras Ganaderías,3B4g,4,"0,01",Emisión
4845,2000,1,Ganadería,Gestión de Estiércol,Otras Ganaderías,3B4g,4,"0,01",Emisión
4846,2001,1,Ganadería,Gestión de Estiércol,Otras Ganaderías,3B4g,4,"0,01",Emisión
4847,2002,1,Ganadería,Gestión de Estiércol,Otras Ganaderías,3B4g,4,"0,01",Emisión
4848,2003,1,Ganadería,Gestión de Estiércol,Otras Ganaderías,3B4g,4,"0,02",Emisión
4849,2004,1,Ganadería,Gestión de Estiércol,Otras Ganaderías,3B4g,4,"0,02",Emisión
4850,2005,1,Ganadería,Gestión de Estiércol,Otras Ganaderías,3B4g,4,"0,02",Emisión
4851,2006,1,Ganadería,Gestión de Estiércol,Otras Ganaderías,3B4g,4,"0,02",Emisión
4852,2007,1,Ganadería,Gestión de Estiércol,Otras Ganaderías,3B4g,4,"0,02",Emisión
4853,2008,1,Ganadería,Gestión de Estiércol,Otras Ganaderías,3B4g,4,"0,03",Emisión
4854,2009,1,Ganadería,Gestión de Estiércol,Otras Ganaderías,3B4g,4,"0,03",Emisión
4855,2010,1,Ganadería,Gestión de Estiércol,Otras Ganaderías,3B4g,4,"0,03",Emisión
4856,2011,1,Ganadería,Gestión de Estiércol,Otras Ganaderías,3B4g,4,"0,03",Emisión
4857,2012,1,Ganadería,Gestión de Estiércol,Otras Ganaderías,3B4g,4,"0,03",Emisión
4858,2013,1,Ganadería,Gestión de Estiércol,Otras Ganaderías,3B4g,4,"0,03",Emisión
4859,2014,1,Ganadería,Gestión de Estiércol,Otras Ganaderías,3B4g,4,"0,03",Emisión
4860,2015,1,Ganadería,Gestión de Estiércol,Otras Ganaderías,3B4g,4,"0,03",Emisión
4861,2016,1,Ganadería,Gestión de Estiércol,Otras Ganaderías,3B4g,4,"0,03",Emisión
4862,2017,1,Ganadería,Gestión de Estiércol,Otras Ganaderías,3B4g,4,"0,03",Emisión
4863,2018,1,Ganadería,Gestión de Estiércol,Otras Ganaderías,3B4g,4,"0,03",Emisión
4864,2019,1,Ganadería,Gestión de Estiércol,Otras Ganaderías,3B4g,4,"0,03",Emisión
4865,2020,1,Ganadería,Gestión de Estiércol,Otras Ganaderías,3B4g,4,"0,03",Emisión
4866,2021,1,Ganadería,Gestión de Estiércol,Otras Ganaderías,3B4g,4,"0,03",Emisión
4867,2022,1,Ganadería,Gestión de Estiércol,Otras Ganaderías,3B4g,4,"0,03",Emisión
4868,1990,1,Ganadería,Gestión de Estiércol,Bovinos Lecheros,3B5ai1,4,"0,02",Emisión
4869,1991,1,Ganadería,Gestión de Estiércol,Bovinos Lecheros,3B5ai1,4,"0,02",Emisión
4870,1992,1,Ganadería,Gestión de Estiércol,Bovinos Lecheros,3B5ai1,4,"0,03",Emisión
4871,1993,1,Ganadería,Gestión de Estiércol,Bovinos Lecheros,3B5ai1,4,"0,03",Emisión
4872,1994,1,Ganadería,Gestión de Estiércol,Bovinos Lecheros,3B5ai1,4,"0,03",Emisión
4873,1995,1,Ganadería,Gestión de Estiércol,Bovinos Lecheros,3B5ai1,4,"0,03",Emisión
4874,1996,1,Ganadería,Gestión de Estiércol,Bovinos Lecheros,3B5ai1,4,"0,03",Emisión
4875,1997,1,Ganadería,Gestión de Estiércol,Bovinos Lecheros,3B5ai1,4,"0,03",Emisión
4876,1998,1,Ganadería,Gestión de Estiércol,Bovinos Lecheros,3B5ai1,4,"0,03",Emisión
4877,1999,1,Ganadería,Gestión de Estiércol,Bovinos Lecheros,3B5ai1,4,"0,03",Emisión
4878,2000,1,Ganadería,Gestión de Estiércol,Bovinos Lecheros,3B5ai1,4,"0,03",Emisión
4879,2001,1,Ganadería,Gestión de Estiércol,Bovinos Lecheros,3B5ai1,4,"0,03",Emisión
4880,2002,1,Ganadería,Gestión de Estiércol,Bovinos Lecheros,3B5ai1,4,"0,03",Emisión
4881,2003,1,Ganadería,Gestión de Estiércol,Bovinos Lecheros,3B5ai1,4,"0,03",Emisión
4882,2004,1,Ganadería,Gestión de Estiércol,Bovinos Lecheros,3B5ai1,4,"0,03",Emisión
4883,2005,1,Ganadería,Gestión de Estiércol,Bovinos Lecheros,3B5ai1,4,"0,03",Emisión
4884,2006,1,Ganadería,Gestión de Estiércol,Bovinos Lecheros,3B5ai1,4,"0,03",Emisión
4885,2007,1,Ganadería,Gestión de Estiércol,Bovinos Lecheros,3B5ai1,4,"0,03",Emisión
4886,2008,1,Ganadería,Gestión de Estiércol,Bovinos Lecheros,3B5ai1,4,"0,03",Emisión
4887,2009,1,Ganadería,Gestión de Estiércol,Bovinos Lecheros,3B5ai1,4,"0,03",Emisión
4888,2010,1,Ganadería,Gestión de Estiércol,Bovinos Lecheros,3B5ai1,4,"0,03",Emisión
4889,2011,1,Ganadería,Gestión de Estiércol,Bovinos Lecheros,3B5ai1,4,"0,03",Emisión
4890,2012,1,Ganadería,Gestión de Estiércol,Bovinos Lecheros,3B5ai1,4,"0,03",Emisión
4891,2013,1,Ganadería,Gestión de Estiércol,Bovinos Lecheros,3B5ai1,4,"0,03",Emisión
4892,2014,1,Ganadería,Gestión de Estiércol,Bovinos Lecheros,3B5ai1,4,"0,03",Emisión
4893,2015,1,Ganadería,Gestión de Estiércol,Bovinos Lecheros,3B5ai1,4,"0,03",Emisión
4894,2016,1,Ganadería,Gestión de Estiércol,Bovinos Lecheros,3B5ai1,4,"0,03",Emisión
4895,2017,1,Ganadería,Gestión de Estiércol,Bovinos Lecheros,3B5ai1,4,"0,03",Emisión
4896,2018,1,Ganadería,Gestión de Estiércol,Bovinos Lecheros,3B5ai1,4,"0,03",Emisión
4897,2019,1,Ganadería,Gestión de Estiércol,Bovinos Lecheros,3B5ai1,4,"0,03",Emisión
4898,2020,1,Ganadería,Gestión de Estiércol,Bovinos Lecheros,3B5ai1,4,"0,03",Emisión
4899,2021,1,Ganadería,Gestión de Estiércol,Bovinos Lecheros,3B5ai1,4,"0,03",Emisión
4900,2022,1,Ganadería,Gestión de Estiércol,Bovinos Lecheros,3B5ai1,4,"0,03",Emisión
4901,1990,1,Ganadería,Gestión de Estiércol,Bovinos de Carne,3B5aii1,4,"0,02",Emisión
4902,1991,1,Ganadería,Gestión de Estiércol,Bovinos de Carne,3B5aii1,4,"0,02",Emisión
4903,1992,1,Ganadería,Gestión de Estiércol,Bovinos de Carne,3B5aii1,4,"0,02",Emisión
4904,1993,1,Ganadería,Gestión de Estiércol,Bovinos de Carne,3B5aii1,4,"0,03",Emisión
4905,1994,1,Ganadería,Gestión de Estiércol,Bovinos de Carne,3B5aii1,4,"0,02",Emisión
4906,1995,1,Ganadería,Gestión de Estiércol,Bovinos de Carne,3B5aii1,4,"0,02",Emisión
4907,1996,1,Ganadería,Gestión de Estiércol,Bovinos de Carne,3B5aii1,4,"0,02",Emisión
4908,1997,1,Ganadería,Gestión de Estiércol,Bovinos de Carne,3B5aii1,4,"0,02",Emisión
4909,1998,1,Ganadería,Gestión de Estiércol,Bovinos de Carne,3B5aii1,4,"0,02",Emisión
4910,1999,1,Ganadería,Gestión de Estiércol,Bovinos de Carne,3B5aii1,4,"0,02",Emisión
4911,2000,1,Ganadería,Gestión de Estiércol,Bovinos de Carne,3B5aii1,4,"0,02",Emisión
4912,2001,1,Ganadería,Gestión de Estiércol,Bovinos de Carne,3B5aii1,4,"0,03",Emisión
4913,2002,1,Ganadería,Gestión de Estiércol,Bovinos de Carne,3B5aii1,4,"0,04",Emisión
4914,2003,1,Ganadería,Gestión de Estiércol,Bovinos de Carne,3B5aii1,4,"0,05",Emisión
4915,2004,1,Ganadería,Gestión de Estiércol,Bovinos de Carne,3B5aii1,4,"0,06",Emisión
4916,2005,1,Ganadería,Gestión de Estiércol,Bovinos de Carne,3B5aii1,4,"0,07",Emisión
4917,2006,1,Ganadería,Gestión de Estiércol,Bovinos de Carne,3B5aii1,4,"0,08",Emisión
4918,2007,1,Ganadería,Gestión de Estiércol,Bovinos de Carne,3B5aii1,4,"0,08",Emisión
4919,2008,1,Ganadería,Gestión de Estiércol,Bovinos de Carne,3B5aii1,4,"0,08",Emisión
4920,2009,1,Ganadería,Gestión de Estiércol,Bovinos de Carne,3B5aii1,4,"0,08",Emisión
4921,2010,1,Ganadería,Gestión de Estiércol,Bovinos de Carne,3B5aii1,4,"0,07",Emisión
4922,2011,1,Ganadería,Gestión de Estiércol,Bovinos de Carne,3B5aii1,4,"0,07",Emisión
4923,2012,1,Ganadería,Gestión de Estiércol,Bovinos de Carne,3B5aii1,4,"0,07",Emisión
4924,2013,1,Ganadería,Gestión de Estiércol,Bovinos de Carne,3B5aii1,4,"0,06",Emisión
4925,2014,1,Ganadería,Gestión de Estiércol,Bovinos de Carne,3B5aii1,4,"0,06",Emisión
4926,2015,1,Ganadería,Gestión de Estiércol,Bovinos de Carne,3B5aii1,4,"0,07",Emisión
4927,2016,1,Ganadería,Gestión de Estiércol,Bovinos de Carne,3B5aii1,4,"0,07",Emisión
4928,2017,1,Ganadería,Gestión de Estiércol,Bovinos de Carne,3B5aii1,4,"0,06",Emisión
4929,2018,1,Ganadería,Gestión de Estiércol,Bovinos de Carne,3B5aii1,4,"0,06",Emisión
4930,2019,1,Ganadería,Gestión de Estiércol,Bovinos de Carne,3B5aii1,4,"0,06",Emisión
4931,2020,1,Ganadería,Gestión de Estiércol,Bovinos de Carne,3B5aii1,4,"0,06",Emisión
4932,2021,1,Ganadería,Gestión de Estiércol,Bovinos de Carne,3B5aii1,4,"0,06",Emisión
4933,2022,1,Ganadería,Gestión de Estiércol,Bovinos de Carne,3B5aii1,4,"0,06",Emisión
4934,1990,1,Ganadería,Gestión de Estiércol,Bovinos de Carne,3B5aii2,4,"0,0",Sin emisión/remoción
4935,1991,1,Ganadería,Gestión de Estiércol,Bovinos de Carne,3B5aii2,4,"0,0",Sin emisión/remoción
4936,1992,1,Ganadería,Gestión de Estiércol,Bovinos de Carne,3B5aii2,4,"0,0",Sin emisión/remoción
4937,1993,1,Ganadería,Gestión de Estiércol,Bovinos de Carne,3B5aii2,4,"0,0",Sin emisión/remoción
4938,1994,1,Ganadería,Gestión de Estiércol,Bovinos de Carne,3B5aii2,4,"0,0",Sin emisión/remoción
4939,1995,1,Ganadería,Gestión de Estiércol,Bovinos de Carne,3B5aii2,4,"0,0",Sin emisión/remoción
4940,1996,1,Ganadería,Gestión de Estiércol,Bovinos de Carne,3B5aii2,4,"0,0",Sin emisión/remoción
4941,1997,1,Ganadería,Gestión de Estiércol,Bovinos de Carne,3B5aii2,4,"0,0",Sin emisión/remoción
4942,1998,1,Ganadería,Gestión de Estiércol,Bovinos de Carne,3B5aii2,4,"0,0",Sin emisión/remoción
4943,1999,1,Ganadería,Gestión de Estiércol,Bovinos de Carne,3B5aii2,4,"0,0",Sin emisión/remoción
4944,2000,1,Ganadería,Gestión de Estiércol,Bovinos de Carne,3B5aii2,4,"0,0",Sin emisión/remoción
4945,2001,1,Ganadería,Gestión de Estiércol,Bovinos de Carne,3B5aii2,4,"0,0",Sin emisión/remoción
4946,2002,1,Ganadería,Gestión de Estiércol,Bovinos de Carne,3B5aii2,4,"0,0",Sin emisión/remoción
4947,2003,1,Ganadería,Gestión de Estiércol,Bovinos de Carne,3B5aii2,4,"0,0",Sin emisión/remoción
4948,2004,1,Ganadería,Gestión de Estiércol,Bovinos de Carne,3B5aii2,4,"0,0",Sin emisión/remoción
4949,2005,1,Ganadería,Gestión de Estiércol,Bovinos de Carne,3B5aii2,4,"0,01",Emisión
4950,2006,1,Ganadería,Gestión de Estiércol,Bovinos de Carne,3B5aii2,4,"0,01",Emisión
4951,2007,1,Ganadería,Gestión de Estiércol,Bovinos de Carne,3B5aii2,4,"0,01",Emisión
4952,2008,1,Ganadería,Gestión de Estiércol,Bovinos de Carne,3B5aii2,4,"0,01",Emisión
4953,2009,1,Ganadería,Gestión de Estiércol,Bovinos de Carne,3B5aii2,4,"0,01",Emisión
4954,2010,1,Ganadería,Gestión de Estiércol,Bovinos de Carne,3B5aii2,4,"0,0",Sin emisión/remoción
4955,2011,1,Ganadería,Gestión de Estiércol,Bovinos de Carne,3B5aii2,4,"0,0",Sin emisión/remoción
4956,2012,1,Ganadería,Gestión de Estiércol,Bovinos de Carne,3B5aii2,4,"0,0",Sin emisión/remoción
4957,2013,1,Ganadería,Gestión de Estiércol,Bovinos de Carne,3B5aii2,4,"0,0",Sin emisión/remoción
4958,2014,1,Ganadería,Gestión de Estiércol,Bovinos de Carne,3B5aii2,4,"0,0",Sin emisión/remoción
4959,2015,1,Ganadería,Gestión de Estiércol,Bovinos de Carne,3B5aii2,4,"0,0",Sin emisión/remoción
4960,2016,1,Ganadería,Gestión de Estiércol,Bovinos de Carne,3B5aii2,4,"0,01",Emisión
4961,2017,1,Ganadería,Gestión de Estiércol,Bovinos de Carne,3B5aii2,4,"0,0",Sin emisión/remoción
4962,2018,1,Ganadería,Gestión de Estiércol,Bovinos de Carne,3B5aii2,4,"0,0",Sin emisión/remoción
4963,2019,1,Ganadería,Gestión de Estiércol,Bovinos de Carne,3B5aii2,4,"0,0",Sin emisión/remoción
4964,2020,1,Ganadería,Gestión de Estiércol,Bovinos de Carne,3B5aii2,4,"0,0",Sin emisión/remoción
4965,2021,1,Ganadería,Gestión de Estiércol,Bovinos de Carne,3B5aii2,4,"0,0",Sin emisión/remoción
4966,2022,1,Ganadería,Gestión de Estiércol,Bovinos de Carne,3B5aii2,4,"0,0",Sin emisión/remoción
4967,1990,1,Ganadería,Gestión de Estiércol,Otras Ganaderías,3B5hi,4,"0,0",Sin emisión/remoción
4968,1991,1,Ganadería,Gestión de Estiércol,Otras Ganaderías,3B5hi,4,"0,0",Sin emisión/remoción
4969,1992,1,Ganadería,Gestión de Estiércol,Otras Ganaderías,3B5hi,4,"0,0",Sin emisión/remoción
4970,1993,1,Ganadería,Gestión de Estiércol,Otras Ganaderías,3B5hi,4,"0,0",Sin emisión/remoción
4971,1994,1,Ganadería,Gestión de Estiércol,Otras Ganaderías,3B5hi,4,"0,0",Sin emisión/remoción
4972,1995,1,Ganadería,Gestión de Estiércol,Otras Ganaderías,3B5hi,4,"0,01",Emisión
4973,1996,1,Ganadería,Gestión de Estiércol,Otras Ganaderías,3B5hi,4,"0,0",Sin emisión/remoción
4974,1997,1,Ganadería,Gestión de Estiércol,Otras Ganaderías,3B5hi,4,"0,0",Sin emisión/remoción
4975,1998,1,Ganadería,Gestión de Estiércol,Otras Ganaderías,3B5hi,4,"0,0",Sin emisión/remoción
4976,1999,1,Ganadería,Gestión de Estiércol,Otras Ganaderías,3B5hi,4,"0,01",Emisión
4977,2000,1,Ganadería,Gestión de Estiércol,Otras Ganaderías,3B5hi,4,"0,01",Emisión
4978,2001,1,Ganadería,Gestión de Estiércol,Otras Ganaderías,3B5hi,4,"0,01",Emisión
4979,2002,1,Ganadería,Gestión de Estiércol,Otras Ganaderías,3B5hi,4,"0,0",Sin emisión/remoción
4980,2003,1,Ganadería,Gestión de Estiércol,Otras Ganaderías,3B5hi,4,"0,0",Sin emisión/remoción
4981,2004,1,Ganadería,Gestión de Estiércol,Otras Ganaderías,3B5hi,4,"0,0",Sin emisión/remoción
4982,2005,1,Ganadería,Gestión de Estiércol,Otras Ganaderías,3B5hi,4,"0,01",Emisión
4983,2006,1,Ganadería,Gestión de Estiércol,Otras Ganaderías,3B5hi,4,"0,01",Emisión
4984,2007,1,Ganadería,Gestión de Estiércol,Otras Ganaderías,3B5hi,4,"0,01",Emisión
4985,2008,1,Ganadería,Gestión de Estiércol,Otras Ganaderías,3B5hi,4,"0,01",Emisión
4986,2009,1,Ganadería,Gestión de Estiércol,Otras Ganaderías,3B5hi,4,"0,01",Emisión
4987,2010,1,Ganadería,Gestión de Estiércol,Otras Ganaderías,3B5hi,4,"0,01",Emisión
4988,2011,1,Ganadería,Gestión de Estiércol,Otras Ganaderías,3B5hi,4,"0,01",Emisión
4989,2012,1,Ganadería,Gestión de Estiércol,Otras Ganaderías,3B5hi,4,"0,01",Emisión
4990,2013,1,Ganadería,Gestión de Estiércol,Otras Ganaderías,3B5hi,4,"0,01",Emisión
4991,2014,1,Ganadería,Gestión de Estiércol,Otras Ganaderías,3B5hi,4,"0,01",Emisión
4992,2015,1,Ganadería,Gestión de Estiércol,Otras Ganaderías,3B5hi,4,"0,01",Emisión
4993,2016,1,Ganadería,Gestión de Estiércol,Otras Ganaderías,3B5hi,4,"0,01",Emisión
4994,2017,1,Ganadería,Gestión de Estiércol,Otras Ganaderías,3B5hi,4,"0,02",Emisión
4995,2018,1,Ganadería,Gestión de Estiércol,Otras Ganaderías,3B5hi,4,"0,02",Emisión
4996,2019,1,Ganadería,Gestión de Estiércol,Otras Ganaderías,3B5hi,4,"0,02",Emisión
4997,2020,1,Ganadería,Gestión de Estiércol,Otras Ganaderías,3B5hi,4,"0,02",Emisión
4998,2021,1,Ganadería,Gestión de Estiércol,Otras Ganaderías,3B5hi,4,"0,02",Emisión
4999,2022,1,Ganadería,Gestión de Estiércol,Otras Ganaderías,3B5hi,4,"0,02",Emisión
5000,1990,1,Ganadería,Gestión de Estiércol,Otras Ganaderías,3B5hii,4,"0,0",Sin emisión/remoción
5001,1991,1,Ganadería,Gestión de Estiércol,Otras Ganaderías,3B5hii,4,"0,0",Sin emisión/remoción
5002,1992,1,Ganadería,Gestión de Estiércol,Otras Ganaderías,3B5hii,4,"0,0",Sin emisión/remoción
5003,1993,1,Ganadería,Gestión de Estiércol,Otras Ganaderías,3B5hii,4,"0,0",Sin emisión/remoción
5004,1994,1,Ganadería,Gestión de Estiércol,Otras Ganaderías,3B5hii,4,"0,0",Sin emisión/remoción
5005,1995,1,Ganadería,Gestión de Estiércol,Otras Ganaderías,3B5hii,4,"0,0",Sin emisión/remoción
5006,1996,1,Ganadería,Gestión de Estiércol,Otras Ganaderías,3B5hii,4,"0,0",Sin emisión/remoción
5007,1997,1,Ganadería,Gestión de Estiércol,Otras Ganaderías,3B5hii,4,"0,0",Sin emisión/remoción
5008,1998,1,Ganadería,Gestión de Estiércol,Otras Ganaderías,3B5hii,4,"0,0",Sin emisión/remoción
5009,1999,1,Ganadería,Gestión de Estiércol,Otras Ganaderías,3B5hii,4,"0,0",Sin emisión/remoción
5010,2000,1,Ganadería,Gestión de Estiércol,Otras Ganaderías,3B5hii,4,"0,0",Sin emisión/remoción
5011,2001,1,Ganadería,Gestión de Estiércol,Otras Ganaderías,3B5hii,4,"0,0",Sin emisión/remoción
5012,2002,1,Ganadería,Gestión de Estiércol,Otras Ganaderías,3B5hii,4,"0,0",Sin emisión/remoción
5013,2003,1,Ganadería,Gestión de Estiércol,Otras Ganaderías,3B5hii,4,"0,0",Sin emisión/remoción
5014,2004,1,Ganadería,Gestión de Estiércol,Otras Ganaderías,3B5hii,4,"0,0",Sin emisión/remoción
5015,2005,1,Ganadería,Gestión de Estiércol,Otras Ganaderías,3B5hii,4,"0,0",Sin emisión/remoción
5016,2006,1,Ganadería,Gestión de Estiércol,Otras Ganaderías,3B5hii,4,"0,01",Emisión
5017,2007,1,Ganadería,Gestión de Estiércol,Otras Ganaderías,3B5hii,4,"0,01",Emisión
5018,2008,1,Ganadería,Gestión de Estiércol,Otras Ganaderías,3B5hii,4,"0,01",Emisión
5019,2009,1,Ganadería,Gestión de Estiércol,Otras Ganaderías,3B5hii,4,"0,01",Emisión
5020,2010,1,Ganadería,Gestión de Estiércol,Otras Ganaderías,3B5hii,4,"0,01",Emisión
5021,2011,1,Ganadería,Gestión de Estiércol,Otras Ganaderías,3B5hii,4,"0,01",Emisión
5022,2012,1,Ganadería,Gestión de Estiércol,Otras Ganaderías,3B5hii,4,"0,01",Emisión
5023,2013,1,Ganadería,Gestión de Estiércol,Otras Ganaderías,3B5hii,4,"0,01",Emisión
5024,2014,1,Ganadería,Gestión de Estiércol,Otras Ganaderías,3B5hii,4,"0,01",Emisión
5025,2015,1,Ganadería,Gestión de Estiércol,Otras Ganaderías,3B5hii,4,"0,01",Emisión
5026,2016,1,Ganadería,Gestión de Estiércol,Otras Ganaderías,3B5hii,4,"0,01",Emisión
5027,2017,1,Ganadería,Gestión de Estiércol,Otras Ganaderías,3B5hii,4,"0,01",Emisión
5028,2018,1,Ganadería,Gestión de Estiércol,Otras Ganaderías,3B5hii,4,"0,01",Emisión
5029,2019,1,Ganadería,Gestión de Estiércol,Otras Ganaderías,3B5hii,4,"0,01",Emisión
5030,2020,1,Ganadería,Gestión de Estiércol,Otras Ganaderías,3B5hii,4,"0,01",Emisión
5031,2021,1,Ganadería,Gestión de Estiércol,Otras Ganaderías,3B5hii,4,"0,01",Emisión
5032,2022,1,Ganadería,Gestión de Estiércol,Otras Ganaderías,3B5hii,4,"0,01",Emisión
5033,1990,1,Ganadería,Gestión de Estiércol,Otras Ganaderías,3B5ii,4,"0,02",Emisión
5034,1991,1,Ganadería,Gestión de Estiércol,Otras Ganaderías,3B5ii,4,"0,02",Emisión
5035,1992,1,Ganadería,Gestión de Estiércol,Otras Ganaderías,3B5ii,4,"0,02",Emisión
5036,1993,1,Ganadería,Gestión de Estiércol,Otras Ganaderías,3B5ii,4,"0,02",Emisión
5037,1994,1,Ganadería,Gestión de Estiércol,Otras Ganaderías,3B5ii,4,"0,02",Emisión
5038,1995,1,Ganadería,Gestión de Estiércol,Otras Ganaderías,3B5ii,4,"0,03",Emisión
5039,1996,1,Ganadería,Gestión de Estiércol,Otras Ganaderías,3B5ii,4,"0,03",Emisión
5040,1997,1,Ganadería,Gestión de Estiércol,Otras Ganaderías,3B5ii,4,"0,04",Emisión
5041,1998,1,Ganadería,Gestión de Estiércol,Otras Ganaderías,3B5ii,4,"0,04",Emisión
5042,1999,1,Ganadería,Gestión de Estiércol,Otras Ganaderías,3B5ii,4,"0,05",Emisión
5043,2000,1,Ganadería,Gestión de Estiércol,Otras Ganaderías,3B5ii,4,"0,05",Emisión
5044,2001,1,Ganadería,Gestión de Estiércol,Otras Ganaderías,3B5ii,4,"0,06",Emisión
5045,2002,1,Ganadería,Gestión de Estiércol,Otras Ganaderías,3B5ii,4,"0,06",Emisión
5046,2003,1,Ganadería,Gestión de Estiércol,Otras Ganaderías,3B5ii,4,"0,07",Emisión
5047,2004,1,Ganadería,Gestión de Estiércol,Otras Ganaderías,3B5ii,4,"0,07",Emisión
5048,2005,1,Ganadería,Gestión de Estiércol,Otras Ganaderías,3B5ii,4,"0,09",Emisión
5049,2006,1,Ganadería,Gestión de Estiércol,Otras Ganaderías,3B5ii,4,"0,09",Emisión
5050,2007,1,Ganadería,Gestión de Estiércol,Otras Ganaderías,3B5ii,4,"0,1",Emisión
5051,2008,1,Ganadería,Gestión de Estiércol,Otras Ganaderías,3B5ii,4,"0,11",Emisión
5052,2009,1,Ganadería,Gestión de Estiércol,Otras Ganaderías,3B5ii,4,"0,11",Emisión
5053,2010,1,Ganadería,Gestión de Estiércol,Otras Ganaderías,3B5ii,4,"0,12",Emisión
5054,2011,1,Ganadería,Gestión de Estiércol,Otras Ganaderías,3B5ii,4,"0,13",Emisión
5055,2012,1,Ganadería,Gestión de Estiércol,Otras Ganaderías,3B5ii,4,"0,13",Emisión
5056,2013,1,Ganadería,Gestión de Estiércol,Otras Ganaderías,3B5ii,4,"0,13",Emisión
5057,2014,1,Ganadería,Gestión de Estiércol,Otras Ganaderías,3B5ii,4,"0,13",Emisión
5058,2015,1,Ganadería,Gestión de Estiércol,Otras Ganaderías,3B5ii,4,"0,13",Emisión
5059,2016,1,Ganadería,Gestión de Estiércol,Otras Ganaderías,3B5ii,4,"0,13",Emisión
5060,2017,1,Ganadería,Gestión de Estiércol,Otras Ganaderías,3B5ii,4,"0,14",Emisión
5061,2018,1,Ganadería,Gestión de Estiércol,Otras Ganaderías,3B5ii,4,"0,13",Emisión
5062,2019,1,Ganadería,Gestión de Estiércol,Otras Ganaderías,3B5ii,4,"0,14",Emisión
5063,2020,1,Ganadería,Gestión de Estiércol,Otras Ganaderías,3B5ii,4,"0,14",Emisión
5064,2021,1,Ganadería,Gestión de Estiércol,Otras Ganaderías,3B5ii,4,"0,14",Emisión
5065,2022,1,Ganadería,Gestión de Estiércol,Otras Ganaderías,3B5ii,4,"0,15",Emisión
5066,1990,1,Uso de Suelos,Uso de Suelos,Cultivo de Arroz,3C,1,"0,37",Emisión
5067,1991,1,Uso de Suelos,Uso de Suelos,Cultivo de Arroz,3C,1,"0,27",Emisión
5068,1992,1,Uso de Suelos,Uso de Suelos,Cultivo de Arroz,3C,1,"0,42",Emisión
5069,1993,1,Uso de Suelos,Uso de Suelos,Cultivo de Arroz,3C,1,"0,44",Emisión
5070,1994,1,Uso de Suelos,Uso de Suelos,Cultivo de Arroz,3C,1,"0,45",Emisión
5071,1995,1,Uso de Suelos,Uso de Suelos,Cultivo de Arroz,3C,1,"0,58",Emisión
5072,1996,1,Uso de Suelos,Uso de Suelos,Cultivo de Arroz,3C,1,"0,61",Emisión
5073,1997,1,Uso de Suelos,Uso de Suelos,Cultivo de Arroz,3C,1,"0,71",Emisión
5074,1998,1,Uso de Suelos,Uso de Suelos,Cultivo de Arroz,3C,1,"0,67",Emisión
5075,1999,1,Uso de Suelos,Uso de Suelos,Cultivo de Arroz,3C,1,"0,92",Emisión
5076,2000,1,Uso de Suelos,Uso de Suelos,Cultivo de Arroz,3C,1,"0,6",Emisión
5077,2001,1,Uso de Suelos,Uso de Suelos,Cultivo de Arroz,3C,1,"0,48",Emisión
5078,2002,1,Uso de Suelos,Uso de Suelos,Cultivo de Arroz,3C,1,"0,39",Emisión
5079,2003,1,Uso de Suelos,Uso de Suelos,Cultivo de Arroz,3C,1,"0,42",Emisión
5080,2004,1,Uso de Suelos,Uso de Suelos,Cultivo de Arroz,3C,1,"0,54",Emisión
5081,2005,1,Uso de Suelos,Uso de Suelos,Cultivo de Arroz,3C,1,"0,5",Emisión
5082,2006,1,Uso de Suelos,Uso de Suelos,Cultivo de Arroz,3C,1,"0,53",Emisión
5083,2007,1,Uso de Suelos,Uso de Suelos,Cultivo de Arroz,3C,1,"0,52",Emisión
5084,2008,1,Uso de Suelos,Uso de Suelos,Cultivo de Arroz,3C,1,"0,58",Emisión
5085,2009,1,Uso de Suelos,Uso de Suelos,Cultivo de Arroz,3C,1,"0,62",Emisión
5086,2010,1,Uso de Suelos,Uso de Suelos,Cultivo de Arroz,3C,1,"0,68",Emisión
5087,2011,1,Uso de Suelos,Uso de Suelos,Cultivo de Arroz,3C,1,"0,81",Emisión
5088,2012,1,Uso de Suelos,Uso de Suelos,Cultivo de Arroz,3C,1,"0,74",Emisión
5089,2013,1,Uso de Suelos,Uso de Suelos,Cultivo de Arroz,3C,1,"0,74",Emisión
5090,2014,1,Uso de Suelos,Uso de Suelos,Cultivo de Arroz,3C,1,"0,77",Emisión
5091,2015,1,Uso de Suelos,Uso de Suelos,Cultivo de Arroz,3C,1,"0,74",Emisión
5092,2016,1,Uso de Suelos,Uso de Suelos,Cultivo de Arroz,3C,1,"0,66",Emisión
5093,2017,1,Uso de Suelos,Uso de Suelos,Cultivo de Arroz,3C,1,"0,65",Emisión
5094,2018,1,Uso de Suelos,Uso de Suelos,Cultivo de Arroz,3C,1,"0,63",Emisión
5095,2019,1,Uso de Suelos,Uso de Suelos,Cultivo de Arroz,3C,1,"0,58",Emisión
5096,2020,1,Uso de Suelos,Uso de Suelos,Cultivo de Arroz,3C,1,"0,59",Emisión
5097,2021,1,Uso de Suelos,Uso de Suelos,Cultivo de Arroz,3C,1,"0,63",Emisión
5098,2022,1,Uso de Suelos,Uso de Suelos,Cultivo de Arroz,3C,1,"0,59",Emisión
5099,1990,1,Uso de Suelos,Uso de Suelos,Fertilizantes sintéticos,3D1a,4,"0,47",Emisión
5100,1991,1,Uso de Suelos,Uso de Suelos,Fertilizantes sintéticos,3D1a,4,"0,48",Emisión
5101,1992,1,Uso de Suelos,Uso de Suelos,Fertilizantes sintéticos,3D1a,4,"0,47",Emisión
5102,1993,1,Uso de Suelos,Uso de Suelos,Fertilizantes sintéticos,3D1a,4,"0,47",Emisión
5103,1994,1,Uso de Suelos,Uso de Suelos,Fertilizantes sintéticos,3D1a,4,"0,74",Emisión
5104,1995,1,Uso de Suelos,Uso de Suelos,Fertilizantes sintéticos,3D1a,4,"0,83",Emisión
5105,1996,1,Uso de Suelos,Uso de Suelos,Fertilizantes sintéticos,3D1a,4,"1,43",Emisión
5106,1997,1,Uso de Suelos,Uso de Suelos,Fertilizantes sintéticos,3D1a,4,"1,35",Emisión
5107,1998,1,Uso de Suelos,Uso de Suelos,Fertilizantes sintéticos,3D1a,4,"1,37",Emisión
5108,1999,1,Uso de Suelos,Uso de Suelos,Fertilizantes sintéticos,3D1a,4,"1,84",Emisión
5109,2000,1,Uso de Suelos,Uso de Suelos,Fertilizantes sintéticos,3D1a,4,"1,86",Emisión
5110,2001,1,Uso de Suelos,Uso de Suelos,Fertilizantes sintéticos,3D1a,4,"2,01",Emisión
5111,2002,1,Uso de Suelos,Uso de Suelos,Fertilizantes sintéticos,3D1a,4,"1,87",Emisión
5112,2003,1,Uso de Suelos,Uso de Suelos,Fertilizantes sintéticos,3D1a,4,"2,43",Emisión
5113,2004,1,Uso de Suelos,Uso de Suelos,Fertilizantes sintéticos,3D1a,4,"2,83",Emisión
5114,2005,1,Uso de Suelos,Uso de Suelos,Fertilizantes sintéticos,3D1a,4,"2,46",Emisión
5115,2006,1,Uso de Suelos,Uso de Suelos,Fertilizantes sintéticos,3D1a,4,"3,11",Emisión
5116,2007,1,Uso de Suelos,Uso de Suelos,Fertilizantes sintéticos,3D1a,4,"2,85",Emisión
5117,2008,1,Uso de Suelos,Uso de Suelos,Fertilizantes sintéticos,3D1a,4,"2,59",Emisión
5118,2009,1,Uso de Suelos,Uso de Suelos,Fertilizantes sintéticos,3D1a,4,"2,51",Emisión
5119,2010,1,Uso de Suelos,Uso de Suelos,Fertilizantes sintéticos,3D1a,4,"3,24",Emisión
5120,2011,1,Uso de Suelos,Uso de Suelos,Fertilizantes sintéticos,3D1a,4,"3,6",Emisión
5121,2012,1,Uso de Suelos,Uso de Suelos,Fertilizantes sintéticos,3D1a,4,"3,02",Emisión
5122,2013,1,Uso de Suelos,Uso de Suelos,Fertilizantes sintéticos,3D1a,4,"3,24",Emisión
5123,2014,1,Uso de Suelos,Uso de Suelos,Fertilizantes sintéticos,3D1a,4,"3,25",Emisión
5124,2015,1,Uso de Suelos,Uso de Suelos,Fertilizantes sintéticos,3D1a,4,"2,48",Emisión
5125,2016,1,Uso de Suelos,Uso de Suelos,Fertilizantes sintéticos,3D1a,4,"3,81",Emisión
5126,2017,1,Uso de Suelos,Uso de Suelos,Fertilizantes sintéticos,3D1a,4,"4,03",Emisión
5127,2018,1,Uso de Suelos,Uso de Suelos,Fertilizantes sintéticos,3D1a,4,"4,8",Emisión
5128,2019,1,Uso de Suelos,Uso de Suelos,Fertilizantes sintéticos,3D1a,4,"5,28",Emisión
5129,2020,1,Uso de Suelos,Uso de Suelos,Fertilizantes sintéticos,3D1a,4,"5,95",Emisión
5130,2021,1,Uso de Suelos,Uso de Suelos,Fertilizantes sintéticos,3D1a,4,"6,49",Emisión
5131,2022,1,Uso de Suelos,Uso de Suelos,Fertilizantes sintéticos,3D1a,4,"5,44",Emisión
5132,1990,1,Uso de Suelos,Fertilizantes orgánicos,Bovinos Lecheros,3D1bi1a,4,"0,05",Emisión
5133,1991,1,Uso de Suelos,Fertilizantes orgánicos,Bovinos Lecheros,3D1bi1a,4,"0,05",Emisión
5134,1992,1,Uso de Suelos,Fertilizantes orgánicos,Bovinos Lecheros,3D1bi1a,4,"0,05",Emisión
5135,1993,1,Uso de Suelos,Fertilizantes orgánicos,Bovinos Lecheros,3D1bi1a,4,"0,05",Emisión
5136,1994,1,Uso de Suelos,Fertilizantes orgánicos,Bovinos Lecheros,3D1bi1a,4,"0,05",Emisión
5137,1995,1,Uso de Suelos,Fertilizantes orgánicos,Bovinos Lecheros,3D1bi1a,4,"0,05",Emisión
5138,1996,1,Uso de Suelos,Fertilizantes orgánicos,Bovinos Lecheros,3D1bi1a,4,"0,05",Emisión
5139,1997,1,Uso de Suelos,Fertilizantes orgánicos,Bovinos Lecheros,3D1bi1a,4,"0,05",Emisión
5140,1998,1,Uso de Suelos,Fertilizantes orgánicos,Bovinos Lecheros,3D1bi1a,4,"0,06",Emisión
5141,1999,1,Uso de Suelos,Fertilizantes orgánicos,Bovinos Lecheros,3D1bi1a,4,"0,06",Emisión
5142,2000,1,Uso de Suelos,Fertilizantes orgánicos,Bovinos Lecheros,3D1bi1a,4,"0,06",Emisión
5143,2001,1,Uso de Suelos,Fertilizantes orgánicos,Bovinos Lecheros,3D1bi1a,4,"0,06",Emisión
5144,2002,1,Uso de Suelos,Fertilizantes orgánicos,Bovinos Lecheros,3D1bi1a,4,"0,05",Emisión
5145,2003,1,Uso de Suelos,Fertilizantes orgánicos,Bovinos Lecheros,3D1bi1a,4,"0,05",Emisión
5146,2004,1,Uso de Suelos,Fertilizantes orgánicos,Bovinos Lecheros,3D1bi1a,4,"0,05",Emisión
5147,2005,1,Uso de Suelos,Fertilizantes orgánicos,Bovinos Lecheros,3D1bi1a,4,"0,05",Emisión
5148,2006,1,Uso de Suelos,Fertilizantes orgánicos,Bovinos Lecheros,3D1bi1a,4,"0,05",Emisión
5149,2007,1,Uso de Suelos,Fertilizantes orgánicos,Bovinos Lecheros,3D1bi1a,4,"0,05",Emisión
5150,2008,1,Uso de Suelos,Fertilizantes orgánicos,Bovinos Lecheros,3D1bi1a,4,"0,06",Emisión
5151,2009,1,Uso de Suelos,Fertilizantes orgánicos,Bovinos Lecheros,3D1bi1a,4,"0,06",Emisión
5152,2010,1,Uso de Suelos,Fertilizantes orgánicos,Bovinos Lecheros,3D1bi1a,4,"0,06",Emisión
5153,2011,1,Uso de Suelos,Fertilizantes orgánicos,Bovinos Lecheros,3D1bi1a,4,"0,06",Emisión
5154,2012,1,Uso de Suelos,Fertilizantes orgánicos,Bovinos Lecheros,3D1bi1a,4,"0,06",Emisión
5155,2013,1,Uso de Suelos,Fertilizantes orgánicos,Bovinos Lecheros,3D1bi1a,4,"0,06",Emisión
5156,2014,1,Uso de Suelos,Fertilizantes orgánicos,Bovinos Lecheros,3D1bi1a,4,"0,06",Emisión
5157,2015,1,Uso de Suelos,Fertilizantes orgánicos,Bovinos Lecheros,3D1bi1a,4,"0,06",Emisión
5158,2016,1,Uso de Suelos,Fertilizantes orgánicos,Bovinos Lecheros,3D1bi1a,4,"0,05",Emisión
5159,2017,1,Uso de Suelos,Fertilizantes orgánicos,Bovinos Lecheros,3D1bi1a,4,"0,05",Emisión
5160,2018,1,Uso de Suelos,Fertilizantes orgánicos,Bovinos Lecheros,3D1bi1a,4,"0,05",Emisión
5161,2019,1,Uso de Suelos,Fertilizantes orgánicos,Bovinos Lecheros,3D1bi1a,4,"0,05",Emisión
5162,2020,1,Uso de Suelos,Fertilizantes orgánicos,Bovinos Lecheros,3D1bi1a,4,"0,05",Emisión
5163,2021,1,Uso de Suelos,Fertilizantes orgánicos,Bovinos Lecheros,3D1bi1a,4,"0,05",Emisión
5164,2022,1,Uso de Suelos,Fertilizantes orgánicos,Bovinos Lecheros,3D1bi1a,4,"0,05",Emisión
5165,1990,1,Uso de Suelos,Fertilizantes orgánicos,Bovinos de Carne,3D1bi1b,4,"0,04",Emisión
5166,1991,1,Uso de Suelos,Fertilizantes orgánicos,Bovinos de Carne,3D1bi1b,4,"0,04",Emisión
5167,1992,1,Uso de Suelos,Fertilizantes orgánicos,Bovinos de Carne,3D1bi1b,4,"0,05",Emisión
5168,1993,1,Uso de Suelos,Fertilizantes orgánicos,Bovinos de Carne,3D1bi1b,4,"0,05",Emisión
5169,1994,1,Uso de Suelos,Fertilizantes orgánicos,Bovinos de Carne,3D1bi1b,4,"0,05",Emisión
5170,1995,1,Uso de Suelos,Fertilizantes orgánicos,Bovinos de Carne,3D1bi1b,4,"0,05",Emisión
5171,1996,1,Uso de Suelos,Fertilizantes orgánicos,Bovinos de Carne,3D1bi1b,4,"0,04",Emisión
5172,1997,1,Uso de Suelos,Fertilizantes orgánicos,Bovinos de Carne,3D1bi1b,4,"0,04",Emisión
5173,1998,1,Uso de Suelos,Fertilizantes orgánicos,Bovinos de Carne,3D1bi1b,4,"0,04",Emisión
5174,1999,1,Uso de Suelos,Fertilizantes orgánicos,Bovinos de Carne,3D1bi1b,4,"0,04",Emisión
5175,2000,1,Uso de Suelos,Fertilizantes orgánicos,Bovinos de Carne,3D1bi1b,4,"0,04",Emisión
5176,2001,1,Uso de Suelos,Fertilizantes orgánicos,Bovinos de Carne,3D1bi1b,4,"0,11",Emisión
5177,2002,1,Uso de Suelos,Fertilizantes orgánicos,Bovinos de Carne,3D1bi1b,4,"0,2",Emisión
5178,2003,1,Uso de Suelos,Fertilizantes orgánicos,Bovinos de Carne,3D1bi1b,4,"0,29",Emisión
5179,2004,1,Uso de Suelos,Fertilizantes orgánicos,Bovinos de Carne,3D1bi1b,4,"0,39",Emisión
5180,2005,1,Uso de Suelos,Fertilizantes orgánicos,Bovinos de Carne,3D1bi1b,4,"0,46",Emisión
5181,2006,1,Uso de Suelos,Fertilizantes orgánicos,Bovinos de Carne,3D1bi1b,4,"0,52",Emisión
5182,2007,1,Uso de Suelos,Fertilizantes orgánicos,Bovinos de Carne,3D1bi1b,4,"0,6",Emisión
5183,2008,1,Uso de Suelos,Fertilizantes orgánicos,Bovinos de Carne,3D1bi1b,4,"0,65",Emisión
5184,2009,1,Uso de Suelos,Fertilizantes orgánicos,Bovinos de Carne,3D1bi1b,4,"0,62",Emisión
5185,2010,1,Uso de Suelos,Fertilizantes orgánicos,Bovinos de Carne,3D1bi1b,4,"0,55",Emisión
5186,2011,1,Uso de Suelos,Fertilizantes orgánicos,Bovinos de Carne,3D1bi1b,4,"0,51",Emisión
5187,2012,1,Uso de Suelos,Fertilizantes orgánicos,Bovinos de Carne,3D1bi1b,4,"0,5",Emisión
5188,2013,1,Uso de Suelos,Fertilizantes orgánicos,Bovinos de Carne,3D1bi1b,4,"0,47",Emisión
5189,2014,1,Uso de Suelos,Fertilizantes orgánicos,Bovinos de Carne,3D1bi1b,4,"0,47",Emisión
5190,2015,1,Uso de Suelos,Fertilizantes orgánicos,Bovinos de Carne,3D1bi1b,4,"0,51",Emisión
5191,2016,1,Uso de Suelos,Fertilizantes orgánicos,Bovinos de Carne,3D1bi1b,4,"0,5",Emisión
5192,2017,1,Uso de Suelos,Fertilizantes orgánicos,Bovinos de Carne,3D1bi1b,4,"0,5",Emisión
5193,2018,1,Uso de Suelos,Fertilizantes orgánicos,Bovinos de Carne,3D1bi1b,4,"0,48",Emisión
5194,2019,1,Uso de Suelos,Fertilizantes orgánicos,Bovinos de Carne,3D1bi1b,4,"0,49",Emisión
5195,2020,1,Uso de Suelos,Fertilizantes orgánicos,Bovinos de Carne,3D1bi1b,4,"0,49",Emisión
5196,2021,1,Uso de Suelos,Fertilizantes orgánicos,Bovinos de Carne,3D1bi1b,4,"0,47",Emisión
5197,2022,1,Uso de Suelos,Fertilizantes orgánicos,Bovinos de Carne,3D1bi1b,4,"0,47",Emisión
5198,1990,1,Uso de Suelos,Fertilizantes orgánicos,Otras Ganaderías,3D1bi3,4,"0,04",Emisión
5199,1991,1,Uso de Suelos,Fertilizantes orgánicos,Otras Ganaderías,3D1bi3,4,"0,05",Emisión
5200,1992,1,Uso de Suelos,Fertilizantes orgánicos,Otras Ganaderías,3D1bi3,4,"0,04",Emisión
5201,1993,1,Uso de Suelos,Fertilizantes orgánicos,Otras Ganaderías,3D1bi3,4,"0,05",Emisión
5202,1994,1,Uso de Suelos,Fertilizantes orgánicos,Otras Ganaderías,3D1bi3,4,"0,05",Emisión
5203,1995,1,Uso de Suelos,Fertilizantes orgánicos,Otras Ganaderías,3D1bi3,4,"0,05",Emisión
5204,1996,1,Uso de Suelos,Fertilizantes orgánicos,Otras Ganaderías,3D1bi3,4,"0,04",Emisión
5205,1997,1,Uso de Suelos,Fertilizantes orgánicos,Otras Ganaderías,3D1bi3,4,"0,04",Emisión
5206,1998,1,Uso de Suelos,Fertilizantes orgánicos,Otras Ganaderías,3D1bi3,4,"0,05",Emisión
5207,1999,1,Uso de Suelos,Fertilizantes orgánicos,Otras Ganaderías,3D1bi3,4,"0,06",Emisión
5208,2000,1,Uso de Suelos,Fertilizantes orgánicos,Otras Ganaderías,3D1bi3,4,"0,06",Emisión
5209,2001,1,Uso de Suelos,Fertilizantes orgánicos,Otras Ganaderías,3D1bi3,4,"0,06",Emisión
5210,2002,1,Uso de Suelos,Fertilizantes orgánicos,Otras Ganaderías,3D1bi3,4,"0,05",Emisión
5211,2003,1,Uso de Suelos,Fertilizantes orgánicos,Otras Ganaderías,3D1bi3,4,"0,04",Emisión
5212,2004,1,Uso de Suelos,Fertilizantes orgánicos,Otras Ganaderías,3D1bi3,4,"0,05",Emisión
5213,2005,1,Uso de Suelos,Fertilizantes orgánicos,Otras Ganaderías,3D1bi3,4,"0,06",Emisión
5214,2006,1,Uso de Suelos,Fertilizantes orgánicos,Otras Ganaderías,3D1bi3,4,"0,07",Emisión
5215,2007,1,Uso de Suelos,Fertilizantes orgánicos,Otras Ganaderías,3D1bi3,4,"0,07",Emisión
5216,2008,1,Uso de Suelos,Fertilizantes orgánicos,Otras Ganaderías,3D1bi3,4,"0,09",Emisión
5217,2009,1,Uso de Suelos,Fertilizantes orgánicos,Otras Ganaderías,3D1bi3,4,"0,09",Emisión
5218,2010,1,Uso de Suelos,Fertilizantes orgánicos,Otras Ganaderías,3D1bi3,4,"0,09",Emisión
5219,2011,1,Uso de Suelos,Fertilizantes orgánicos,Otras Ganaderías,3D1bi3,4,"0,09",Emisión
5220,2012,1,Uso de Suelos,Fertilizantes orgánicos,Otras Ganaderías,3D1bi3,4,"0,1",Emisión
5221,2013,1,Uso de Suelos,Fertilizantes orgánicos,Otras Ganaderías,3D1bi3,4,"0,12",Emisión
5222,2014,1,Uso de Suelos,Fertilizantes orgánicos,Otras Ganaderías,3D1bi3,4,"0,13",Emisión
5223,2015,1,Uso de Suelos,Fertilizantes orgánicos,Otras Ganaderías,3D1bi3,4,"0,14",Emisión
5224,2016,1,Uso de Suelos,Fertilizantes orgánicos,Otras Ganaderías,3D1bi3,4,"0,15",Emisión
5225,2017,1,Uso de Suelos,Fertilizantes orgánicos,Otras Ganaderías,3D1bi3,4,"0,15",Emisión
5226,2018,1,Uso de Suelos,Fertilizantes orgánicos,Otras Ganaderías,3D1bi3,4,"0,16",Emisión
5227,2019,1,Uso de Suelos,Fertilizantes orgánicos,Otras Ganaderías,3D1bi3,4,"0,15",Emisión
5228,2020,1,Uso de Suelos,Fertilizantes orgánicos,Otras Ganaderías,3D1bi3,4,"0,16",Emisión
5229,2021,1,Uso de Suelos,Fertilizantes orgánicos,Otras Ganaderías,3D1bi3,4,"0,16",Emisión
5230,2022,1,Uso de Suelos,Fertilizantes orgánicos,Otras Ganaderías,3D1bi3,4,"0,16",Emisión
5231,1990,1,Uso de Suelos,Fertilizantes orgánicos,Otras Ganaderías,3D1bi4g,4,"0,03",Emisión
5232,1991,1,Uso de Suelos,Fertilizantes orgánicos,Otras Ganaderías,3D1bi4g,4,"0,03",Emisión
5233,1992,1,Uso de Suelos,Fertilizantes orgánicos,Otras Ganaderías,3D1bi4g,4,"0,03",Emisión
5234,1993,1,Uso de Suelos,Fertilizantes orgánicos,Otras Ganaderías,3D1bi4g,4,"0,03",Emisión
5235,1994,1,Uso de Suelos,Fertilizantes orgánicos,Otras Ganaderías,3D1bi4g,4,"0,03",Emisión
5236,1995,1,Uso de Suelos,Fertilizantes orgánicos,Otras Ganaderías,3D1bi4g,4,"0,04",Emisión
5237,1996,1,Uso de Suelos,Fertilizantes orgánicos,Otras Ganaderías,3D1bi4g,4,"0,05",Emisión
5238,1997,1,Uso de Suelos,Fertilizantes orgánicos,Otras Ganaderías,3D1bi4g,4,"0,05",Emisión
5239,1998,1,Uso de Suelos,Fertilizantes orgánicos,Otras Ganaderías,3D1bi4g,4,"0,06",Emisión
5240,1999,1,Uso de Suelos,Fertilizantes orgánicos,Otras Ganaderías,3D1bi4g,4,"0,07",Emisión
5241,2000,1,Uso de Suelos,Fertilizantes orgánicos,Otras Ganaderías,3D1bi4g,4,"0,07",Emisión
5242,2001,1,Uso de Suelos,Fertilizantes orgánicos,Otras Ganaderías,3D1bi4g,4,"0,08",Emisión
5243,2002,1,Uso de Suelos,Fertilizantes orgánicos,Otras Ganaderías,3D1bi4g,4,"0,08",Emisión
5244,2003,1,Uso de Suelos,Fertilizantes orgánicos,Otras Ganaderías,3D1bi4g,4,"0,09",Emisión
5245,2004,1,Uso de Suelos,Fertilizantes orgánicos,Otras Ganaderías,3D1bi4g,4,"0,1",Emisión
5246,2005,1,Uso de Suelos,Fertilizantes orgánicos,Otras Ganaderías,3D1bi4g,4,"0,11",Emisión
5247,2006,1,Uso de Suelos,Fertilizantes orgánicos,Otras Ganaderías,3D1bi4g,4,"0,12",Emisión
5248,2007,1,Uso de Suelos,Fertilizantes orgánicos,Otras Ganaderías,3D1bi4g,4,"0,13",Emisión
5249,2008,1,Uso de Suelos,Fertilizantes orgánicos,Otras Ganaderías,3D1bi4g,4,"0,14",Emisión
5250,2009,1,Uso de Suelos,Fertilizantes orgánicos,Otras Ganaderías,3D1bi4g,4,"0,15",Emisión
5251,2010,1,Uso de Suelos,Fertilizantes orgánicos,Otras Ganaderías,3D1bi4g,4,"0,16",Emisión
5252,2011,1,Uso de Suelos,Fertilizantes orgánicos,Otras Ganaderías,3D1bi4g,4,"0,17",Emisión
5253,2012,1,Uso de Suelos,Fertilizantes orgánicos,Otras Ganaderías,3D1bi4g,4,"0,17",Emisión
5254,2013,1,Uso de Suelos,Fertilizantes orgánicos,Otras Ganaderías,3D1bi4g,4,"0,17",Emisión
5255,2014,1,Uso de Suelos,Fertilizantes orgánicos,Otras Ganaderías,3D1bi4g,4,"0,18",Emisión
5256,2015,1,Uso de Suelos,Fertilizantes orgánicos,Otras Ganaderías,3D1bi4g,4,"0,18",Emisión
5257,2016,1,Uso de Suelos,Fertilizantes orgánicos,Otras Ganaderías,3D1bi4g,4,"0,18",Emisión
5258,2017,1,Uso de Suelos,Fertilizantes orgánicos,Otras Ganaderías,3D1bi4g,4,"0,19",Emisión
5259,2018,1,Uso de Suelos,Fertilizantes orgánicos,Otras Ganaderías,3D1bi4g,4,"0,18",Emisión
5260,2019,1,Uso de Suelos,Fertilizantes orgánicos,Otras Ganaderías,3D1bi4g,4,"0,19",Emisión
5261,2020,1,Uso de Suelos,Fertilizantes orgánicos,Otras Ganaderías,3D1bi4g,4,"0,19",Emisión
5262,2021,1,Uso de Suelos,Fertilizantes orgánicos,Otras Ganaderías,3D1bi4g,4,"0,19",Emisión
5263,2022,1,Uso de Suelos,Fertilizantes orgánicos,Otras Ganaderías,3D1bi4g,4,"0,19",Emisión
5264,1990,1,Uso de Suelos,Excretas en pasturas,Bovinos Lecheros,3D1c1a,4,"0,38",Emisión
5265,1991,1,Uso de Suelos,Excretas en pasturas,Bovinos Lecheros,3D1c1a,4,"0,38",Emisión
5266,1992,1,Uso de Suelos,Excretas en pasturas,Bovinos Lecheros,3D1c1a,4,"0,4",Emisión
5267,1993,1,Uso de Suelos,Excretas en pasturas,Bovinos Lecheros,3D1c1a,4,"0,41",Emisión
5268,1994,1,Uso de Suelos,Excretas en pasturas,Bovinos Lecheros,3D1c1a,4,"0,42",Emisión
5269,1995,1,Uso de Suelos,Excretas en pasturas,Bovinos Lecheros,3D1c1a,4,"0,42",Emisión
5270,1996,1,Uso de Suelos,Excretas en pasturas,Bovinos Lecheros,3D1c1a,4,"0,42",Emisión
5271,1997,1,Uso de Suelos,Excretas en pasturas,Bovinos Lecheros,3D1c1a,4,"0,42",Emisión
5272,1998,1,Uso de Suelos,Excretas en pasturas,Bovinos Lecheros,3D1c1a,4,"0,43",Emisión
5273,1999,1,Uso de Suelos,Excretas en pasturas,Bovinos Lecheros,3D1c1a,4,"0,44",Emisión
5274,2000,1,Uso de Suelos,Excretas en pasturas,Bovinos Lecheros,3D1c1a,4,"0,44",Emisión
5275,2001,1,Uso de Suelos,Excretas en pasturas,Bovinos Lecheros,3D1c1a,4,"0,43",Emisión
5276,2002,1,Uso de Suelos,Excretas en pasturas,Bovinos Lecheros,3D1c1a,4,"0,41",Emisión
5277,2003,1,Uso de Suelos,Excretas en pasturas,Bovinos Lecheros,3D1c1a,4,"0,4",Emisión
5278,2004,1,Uso de Suelos,Excretas en pasturas,Bovinos Lecheros,3D1c1a,4,"0,41",Emisión
5279,2005,1,Uso de Suelos,Excretas en pasturas,Bovinos Lecheros,3D1c1a,4,"0,41",Emisión
5280,2006,1,Uso de Suelos,Excretas en pasturas,Bovinos Lecheros,3D1c1a,4,"0,42",Emisión
5281,2007,1,Uso de Suelos,Excretas en pasturas,Bovinos Lecheros,3D1c1a,4,"0,4",Emisión
5282,2008,1,Uso de Suelos,Excretas en pasturas,Bovinos Lecheros,3D1c1a,4,"0,41",Emisión
5283,2009,1,Uso de Suelos,Excretas en pasturas,Bovinos Lecheros,3D1c1a,4,"0,42",Emisión
5284,2010,1,Uso de Suelos,Excretas en pasturas,Bovinos Lecheros,3D1c1a,4,"0,42",Emisión
5285,2011,1,Uso de Suelos,Excretas en pasturas,Bovinos Lecheros,3D1c1a,4,"0,43",Emisión
5286,2012,1,Uso de Suelos,Excretas en pasturas,Bovinos Lecheros,3D1c1a,4,"0,43",Emisión
5287,2013,1,Uso de Suelos,Excretas en pasturas,Bovinos Lecheros,3D1c1a,4,"0,43",Emisión
5288,2014,1,Uso de Suelos,Excretas en pasturas,Bovinos Lecheros,3D1c1a,4,"0,43",Emisión
5289,2015,1,Uso de Suelos,Excretas en pasturas,Bovinos Lecheros,3D1c1a,4,"0,44",Emisión
5290,2016,1,Uso de Suelos,Excretas en pasturas,Bovinos Lecheros,3D1c1a,4,"0,41",Emisión
5291,2017,1,Uso de Suelos,Excretas en pasturas,Bovinos Lecheros,3D1c1a,4,"0,4",Emisión
5292,2018,1,Uso de Suelos,Excretas en pasturas,Bovinos Lecheros,3D1c1a,4,"0,41",Emisión
5293,2019,1,Uso de Suelos,Excretas en pasturas,Bovinos Lecheros,3D1c1a,4,"0,39",Emisión
5294,2020,1,Uso de Suelos,Excretas en pasturas,Bovinos Lecheros,3D1c1a,4,"0,4",Emisión
5295,2021,1,Uso de Suelos,Excretas en pasturas,Bovinos Lecheros,3D1c1a,4,"0,4",Emisión
5296,2022,1,Uso de Suelos,Excretas en pasturas,Bovinos Lecheros,3D1c1a,4,"0,4",Emisión
5297,1990,1,Uso de Suelos,Excretas en pasturas,Bovinos de Carne,3D1c1b,4,"3,04",Emisión
5298,1991,1,Uso de Suelos,Excretas en pasturas,Bovinos de Carne,3D1c1b,4,"3,1",Emisión
5299,1992,1,Uso de Suelos,Excretas en pasturas,Bovinos de Carne,3D1c1b,4,"3,14",Emisión
5300,1993,1,Uso de Suelos,Excretas en pasturas,Bovinos de Carne,3D1c1b,4,"3,23",Emisión
5301,1994,1,Uso de Suelos,Excretas en pasturas,Bovinos de Carne,3D1c1b,4,"3,24",Emisión
5302,1995,1,Uso de Suelos,Excretas en pasturas,Bovinos de Carne,3D1c1b,4,"3,18",Emisión
5303,1996,1,Uso de Suelos,Excretas en pasturas,Bovinos de Carne,3D1c1b,4,"3,05",Emisión
5304,1997,1,Uso de Suelos,Excretas en pasturas,Bovinos de Carne,3D1c1b,4,"2,99",Emisión
5305,1998,1,Uso de Suelos,Excretas en pasturas,Bovinos de Carne,3D1c1b,4,"2,82",Emisión
5306,1999,1,Uso de Suelos,Excretas en pasturas,Bovinos de Carne,3D1c1b,4,"2,94",Emisión
5307,2000,1,Uso de Suelos,Excretas en pasturas,Bovinos de Carne,3D1c1b,4,"2,9",Emisión
5308,2001,1,Uso de Suelos,Excretas en pasturas,Bovinos de Carne,3D1c1b,4,"2,84",Emisión
5309,2002,1,Uso de Suelos,Excretas en pasturas,Bovinos de Carne,3D1c1b,4,"2,93",Emisión
5310,2003,1,Uso de Suelos,Excretas en pasturas,Bovinos de Carne,3D1c1b,4,"2,98",Emisión
5311,2004,1,Uso de Suelos,Excretas en pasturas,Bovinos de Carne,3D1c1b,4,"2,97",Emisión
5312,2005,1,Uso de Suelos,Excretas en pasturas,Bovinos de Carne,3D1c1b,4,"2,93",Emisión
5313,2006,1,Uso de Suelos,Excretas en pasturas,Bovinos de Carne,3D1c1b,4,"2,9",Emisión
5314,2007,1,Uso de Suelos,Excretas en pasturas,Bovinos de Carne,3D1c1b,4,"2,85",Emisión
5315,2008,1,Uso de Suelos,Excretas en pasturas,Bovinos de Carne,3D1c1b,4,"2,5",Emisión
5316,2009,1,Uso de Suelos,Excretas en pasturas,Bovinos de Carne,3D1c1b,4,"2,37",Emisión
5317,2010,1,Uso de Suelos,Excretas en pasturas,Bovinos de Carne,3D1c1b,4,"2,14",Emisión
5318,2011,1,Uso de Suelos,Excretas en pasturas,Bovinos de Carne,3D1c1b,4,"2,05",Emisión
5319,2012,1,Uso de Suelos,Excretas en pasturas,Bovinos de Carne,3D1c1b,4,"2,11",Emisión
5320,2013,1,Uso de Suelos,Excretas en pasturas,Bovinos de Carne,3D1c1b,4,"2,16",Emisión
5321,2014,1,Uso de Suelos,Excretas en pasturas,Bovinos de Carne,3D1c1b,4,"2,2",Emisión
5322,2015,1,Uso de Suelos,Excretas en pasturas,Bovinos de Carne,3D1c1b,4,"2,17",Emisión
5323,2016,1,Uso de Suelos,Excretas en pasturas,Bovinos de Carne,3D1c1b,4,"2,19",Emisión
5324,2017,1,Uso de Suelos,Excretas en pasturas,Bovinos de Carne,3D1c1b,4,"2,26",Emisión
5325,2018,1,Uso de Suelos,Excretas en pasturas,Bovinos de Carne,3D1c1b,4,"2,27",Emisión
5326,2019,1,Uso de Suelos,Excretas en pasturas,Bovinos de Carne,3D1c1b,4,"2,28",Emisión
5327,2020,1,Uso de Suelos,Excretas en pasturas,Bovinos de Carne,3D1c1b,4,"2,25",Emisión
5328,2021,1,Uso de Suelos,Excretas en pasturas,Bovinos de Carne,3D1c1b,4,"2,27",Emisión
5329,2022,1,Uso de Suelos,Excretas en pasturas,Bovinos de Carne,3D1c1b,4,"2,25",Emisión
5330,1990,1,Uso de Suelos,Excretas en pasturas,Otras Ganaderías,3D1c2,4,"0,09",Emisión
5331,1991,1,Uso de Suelos,Excretas en pasturas,Otras Ganaderías,3D1c2,4,"0,09",Emisión
5332,1992,1,Uso de Suelos,Excretas en pasturas,Otras Ganaderías,3D1c2,4,"0,09",Emisión
5333,1993,1,Uso de Suelos,Excretas en pasturas,Otras Ganaderías,3D1c2,4,"0,08",Emisión
5334,1994,1,Uso de Suelos,Excretas en pasturas,Otras Ganaderías,3D1c2,4,"0,08",Emisión
5335,1995,1,Uso de Suelos,Excretas en pasturas,Otras Ganaderías,3D1c2,4,"0,07",Emisión
5336,1996,1,Uso de Suelos,Excretas en pasturas,Otras Ganaderías,3D1c2,4,"0,06",Emisión
5337,1997,1,Uso de Suelos,Excretas en pasturas,Otras Ganaderías,3D1c2,4,"0,06",Emisión
5338,1998,1,Uso de Suelos,Excretas en pasturas,Otras Ganaderías,3D1c2,4,"0,06",Emisión
5339,1999,1,Uso de Suelos,Excretas en pasturas,Otras Ganaderías,3D1c2,4,"0,06",Emisión
5340,2000,1,Uso de Suelos,Excretas en pasturas,Otras Ganaderías,3D1c2,4,"0,06",Emisión
5341,2001,1,Uso de Suelos,Excretas en pasturas,Otras Ganaderías,3D1c2,4,"0,06",Emisión
5342,2002,1,Uso de Suelos,Excretas en pasturas,Otras Ganaderías,3D1c2,4,"0,06",Emisión
5343,2003,1,Uso de Suelos,Excretas en pasturas,Otras Ganaderías,3D1c2,4,"0,06",Emisión
5344,2004,1,Uso de Suelos,Excretas en pasturas,Otras Ganaderías,3D1c2,4,"0,07",Emisión
5345,2005,1,Uso de Suelos,Excretas en pasturas,Otras Ganaderías,3D1c2,4,"0,07",Emisión
5346,2006,1,Uso de Suelos,Excretas en pasturas,Otras Ganaderías,3D1c2,4,"0,07",Emisión
5347,2007,1,Uso de Suelos,Excretas en pasturas,Otras Ganaderías,3D1c2,4,"0,07",Emisión
5348,2008,1,Uso de Suelos,Excretas en pasturas,Otras Ganaderías,3D1c2,4,"0,07",Emisión
5349,2009,1,Uso de Suelos,Excretas en pasturas,Otras Ganaderías,3D1c2,4,"0,07",Emisión
5350,2010,1,Uso de Suelos,Excretas en pasturas,Otras Ganaderías,3D1c2,4,"0,07",Emisión
5351,2011,1,Uso de Suelos,Excretas en pasturas,Otras Ganaderías,3D1c2,4,"0,07",Emisión
5352,2012,1,Uso de Suelos,Excretas en pasturas,Otras Ganaderías,3D1c2,4,"0,07",Emisión
5353,2013,1,Uso de Suelos,Excretas en pasturas,Otras Ganaderías,3D1c2,4,"0,07",Emisión
5354,2014,1,Uso de Suelos,Excretas en pasturas,Otras Ganaderías,3D1c2,4,"0,07",Emisión
5355,2015,1,Uso de Suelos,Excretas en pasturas,Otras Ganaderías,3D1c2,4,"0,07",Emisión
5356,2016,1,Uso de Suelos,Excretas en pasturas,Otras Ganaderías,3D1c2,4,"0,07",Emisión
5357,2017,1,Uso de Suelos,Excretas en pasturas,Otras Ganaderías,3D1c2,4,"0,07",Emisión
5358,2018,1,Uso de Suelos,Excretas en pasturas,Otras Ganaderías,3D1c2,4,"0,06",Emisión
5359,2019,1,Uso de Suelos,Excretas en pasturas,Otras Ganaderías,3D1c2,4,"0,07",Emisión
5360,2020,1,Uso de Suelos,Excretas en pasturas,Otras Ganaderías,3D1c2,4,"0,07",Emisión
5361,2021,1,Uso de Suelos,Excretas en pasturas,Otras Ganaderías,3D1c2,4,"0,06",Emisión
5362,2022,1,Uso de Suelos,Excretas en pasturas,Otras Ganaderías,3D1c2,4,"0,06",Emisión
5363,1990,1,Uso de Suelos,Excretas en pasturas,Otras Ganaderías,3D1c3,4,"0,07",Emisión
5364,1991,1,Uso de Suelos,Excretas en pasturas,Otras Ganaderías,3D1c3,4,"0,07",Emisión
5365,1992,1,Uso de Suelos,Excretas en pasturas,Otras Ganaderías,3D1c3,4,"0,06",Emisión
5366,1993,1,Uso de Suelos,Excretas en pasturas,Otras Ganaderías,3D1c3,4,"0,07",Emisión
5367,1994,1,Uso de Suelos,Excretas en pasturas,Otras Ganaderías,3D1c3,4,"0,07",Emisión
5368,1995,1,Uso de Suelos,Excretas en pasturas,Otras Ganaderías,3D1c3,4,"0,08",Emisión
5369,1996,1,Uso de Suelos,Excretas en pasturas,Otras Ganaderías,3D1c3,4,"0,07",Emisión
5370,1997,1,Uso de Suelos,Excretas en pasturas,Otras Ganaderías,3D1c3,4,"0,06",Emisión
5371,1998,1,Uso de Suelos,Excretas en pasturas,Otras Ganaderías,3D1c3,4,"0,07",Emisión
5372,1999,1,Uso de Suelos,Excretas en pasturas,Otras Ganaderías,3D1c3,4,"0,09",Emisión
5373,2000,1,Uso de Suelos,Excretas en pasturas,Otras Ganaderías,3D1c3,4,"0,09",Emisión
5374,2001,1,Uso de Suelos,Excretas en pasturas,Otras Ganaderías,3D1c3,4,"0,09",Emisión
5375,2002,1,Uso de Suelos,Excretas en pasturas,Otras Ganaderías,3D1c3,4,"0,07",Emisión
5376,2003,1,Uso de Suelos,Excretas en pasturas,Otras Ganaderías,3D1c3,4,"0,06",Emisión
5377,2004,1,Uso de Suelos,Excretas en pasturas,Otras Ganaderías,3D1c3,4,"0,08",Emisión
5378,2005,1,Uso de Suelos,Excretas en pasturas,Otras Ganaderías,3D1c3,4,"0,09",Emisión
5379,2006,1,Uso de Suelos,Excretas en pasturas,Otras Ganaderías,3D1c3,4,"0,11",Emisión
5380,2007,1,Uso de Suelos,Excretas en pasturas,Otras Ganaderías,3D1c3,4,"0,11",Emisión
5381,2008,1,Uso de Suelos,Excretas en pasturas,Otras Ganaderías,3D1c3,4,"0,14",Emisión
5382,2009,1,Uso de Suelos,Excretas en pasturas,Otras Ganaderías,3D1c3,4,"0,14",Emisión
5383,2010,1,Uso de Suelos,Excretas en pasturas,Otras Ganaderías,3D1c3,4,"0,14",Emisión
5384,2011,1,Uso de Suelos,Excretas en pasturas,Otras Ganaderías,3D1c3,4,"0,15",Emisión
5385,2012,1,Uso de Suelos,Excretas en pasturas,Otras Ganaderías,3D1c3,4,"0,15",Emisión
5386,2013,1,Uso de Suelos,Excretas en pasturas,Otras Ganaderías,3D1c3,4,"0,19",Emisión
5387,2014,1,Uso de Suelos,Excretas en pasturas,Otras Ganaderías,3D1c3,4,"0,21",Emisión
5388,2015,1,Uso de Suelos,Excretas en pasturas,Otras Ganaderías,3D1c3,4,"0,21",Emisión
5389,2016,1,Uso de Suelos,Excretas en pasturas,Otras Ganaderías,3D1c3,4,"0,23",Emisión
5390,2017,1,Uso de Suelos,Excretas en pasturas,Otras Ganaderías,3D1c3,4,"0,23",Emisión
5391,2018,1,Uso de Suelos,Excretas en pasturas,Otras Ganaderías,3D1c3,4,"0,25",Emisión
5392,2019,1,Uso de Suelos,Excretas en pasturas,Otras Ganaderías,3D1c3,4,"0,24",Emisión
5393,2020,1,Uso de Suelos,Excretas en pasturas,Otras Ganaderías,3D1c3,4,"0,25",Emisión
5394,2021,1,Uso de Suelos,Excretas en pasturas,Otras Ganaderías,3D1c3,4,"0,25",Emisión
5395,2022,1,Uso de Suelos,Excretas en pasturas,Otras Ganaderías,3D1c3,4,"0,26",Emisión
5396,1990,1,Uso de Suelos,Excretas en pasturas,Otras Ganaderías,3D1c4a,4,"0,0",Sin emisión/remoción
5397,1991,1,Uso de Suelos,Excretas en pasturas,Otras Ganaderías,3D1c4a,4,"0,0",Sin emisión/remoción
5398,1992,1,Uso de Suelos,Excretas en pasturas,Otras Ganaderías,3D1c4a,4,"0,0",Sin emisión/remoción
5399,1993,1,Uso de Suelos,Excretas en pasturas,Otras Ganaderías,3D1c4a,4,"0,0",Sin emisión/remoción
5400,1994,1,Uso de Suelos,Excretas en pasturas,Otras Ganaderías,3D1c4a,4,"0,0",Sin emisión/remoción
5401,1995,1,Uso de Suelos,Excretas en pasturas,Otras Ganaderías,3D1c4a,4,"0,0",Sin emisión/remoción
5402,1996,1,Uso de Suelos,Excretas en pasturas,Otras Ganaderías,3D1c4a,4,"0,0",Sin emisión/remoción
5403,1997,1,Uso de Suelos,Excretas en pasturas,Otras Ganaderías,3D1c4a,4,"0,0",Sin emisión/remoción
5404,1998,1,Uso de Suelos,Excretas en pasturas,Otras Ganaderías,3D1c4a,4,"0,0",Sin emisión/remoción
5405,1999,1,Uso de Suelos,Excretas en pasturas,Otras Ganaderías,3D1c4a,4,"0,0",Sin emisión/remoción
5406,2000,1,Uso de Suelos,Excretas en pasturas,Otras Ganaderías,3D1c4a,4,"0,0",Sin emisión/remoción
5407,2001,1,Uso de Suelos,Excretas en pasturas,Otras Ganaderías,3D1c4a,4,"0,0",Sin emisión/remoción
5408,2002,1,Uso de Suelos,Excretas en pasturas,Otras Ganaderías,3D1c4a,4,"0,0",Sin emisión/remoción
5409,2003,1,Uso de Suelos,Excretas en pasturas,Otras Ganaderías,3D1c4a,4,"0,0",Sin emisión/remoción
5410,2004,1,Uso de Suelos,Excretas en pasturas,Otras Ganaderías,3D1c4a,4,"0,0",Sin emisión/remoción
5411,2005,1,Uso de Suelos,Excretas en pasturas,Otras Ganaderías,3D1c4a,4,"0,0",Sin emisión/remoción
5412,2006,1,Uso de Suelos,Excretas en pasturas,Otras Ganaderías,3D1c4a,4,"0,0",Sin emisión/remoción
5413,2007,1,Uso de Suelos,Excretas en pasturas,Otras Ganaderías,3D1c4a,4,"0,0",Sin emisión/remoción
5414,2008,1,Uso de Suelos,Excretas en pasturas,Otras Ganaderías,3D1c4a,4,"0,0",Sin emisión/remoción
5415,2009,1,Uso de Suelos,Excretas en pasturas,Otras Ganaderías,3D1c4a,4,"0,0",Sin emisión/remoción
5416,2010,1,Uso de Suelos,Excretas en pasturas,Otras Ganaderías,3D1c4a,4,"0,0",Sin emisión/remoción
5417,2011,1,Uso de Suelos,Excretas en pasturas,Otras Ganaderías,3D1c4a,4,"0,01",Emisión
5418,2012,1,Uso de Suelos,Excretas en pasturas,Otras Ganaderías,3D1c4a,4,"0,01",Emisión
5419,2013,1,Uso de Suelos,Excretas en pasturas,Otras Ganaderías,3D1c4a,4,"0,01",Emisión
5420,2014,1,Uso de Suelos,Excretas en pasturas,Otras Ganaderías,3D1c4a,4,"0,01",Emisión
5421,2015,1,Uso de Suelos,Excretas en pasturas,Otras Ganaderías,3D1c4a,4,"0,01",Emisión
5422,2016,1,Uso de Suelos,Excretas en pasturas,Otras Ganaderías,3D1c4a,4,"0,01",Emisión
5423,2017,1,Uso de Suelos,Excretas en pasturas,Otras Ganaderías,3D1c4a,4,"0,01",Emisión
5424,2018,1,Uso de Suelos,Excretas en pasturas,Otras Ganaderías,3D1c4a,4,"0,01",Emisión
5425,2019,1,Uso de Suelos,Excretas en pasturas,Otras Ganaderías,3D1c4a,4,"0,01",Emisión
5426,2020,1,Uso de Suelos,Excretas en pasturas,Otras Ganaderías,3D1c4a,4,"0,01",Emisión
5427,2021,1,Uso de Suelos,Excretas en pasturas,Otras Ganaderías,3D1c4a,4,"0,01",Emisión
5428,2022,1,Uso de Suelos,Excretas en pasturas,Otras Ganaderías,3D1c4a,4,"0,01",Emisión
5429,1990,1,Uso de Suelos,Excretas en pasturas,Otras Ganaderías,3D1c4b,4,"0,0",Sin emisión/remoción
5430,1991,1,Uso de Suelos,Excretas en pasturas,Otras Ganaderías,3D1c4b,4,"0,0",Sin emisión/remoción
5431,1992,1,Uso de Suelos,Excretas en pasturas,Otras Ganaderías,3D1c4b,4,"0,0",Sin emisión/remoción
5432,1993,1,Uso de Suelos,Excretas en pasturas,Otras Ganaderías,3D1c4b,4,"0,0",Sin emisión/remoción
5433,1994,1,Uso de Suelos,Excretas en pasturas,Otras Ganaderías,3D1c4b,4,"0,0",Sin emisión/remoción
5434,1995,1,Uso de Suelos,Excretas en pasturas,Otras Ganaderías,3D1c4b,4,"0,0",Sin emisión/remoción
5435,1996,1,Uso de Suelos,Excretas en pasturas,Otras Ganaderías,3D1c4b,4,"0,0",Sin emisión/remoción
5436,1997,1,Uso de Suelos,Excretas en pasturas,Otras Ganaderías,3D1c4b,4,"0,0",Sin emisión/remoción
5437,1998,1,Uso de Suelos,Excretas en pasturas,Otras Ganaderías,3D1c4b,4,"0,0",Sin emisión/remoción
5438,1999,1,Uso de Suelos,Excretas en pasturas,Otras Ganaderías,3D1c4b,4,"0,0",Sin emisión/remoción
5439,2000,1,Uso de Suelos,Excretas en pasturas,Otras Ganaderías,3D1c4b,4,"0,0",Sin emisión/remoción
5440,2001,1,Uso de Suelos,Excretas en pasturas,Otras Ganaderías,3D1c4b,4,"0,0",Sin emisión/remoción
5441,2002,1,Uso de Suelos,Excretas en pasturas,Otras Ganaderías,3D1c4b,4,"0,0",Sin emisión/remoción
5442,2003,1,Uso de Suelos,Excretas en pasturas,Otras Ganaderías,3D1c4b,4,"0,0",Sin emisión/remoción
5443,2004,1,Uso de Suelos,Excretas en pasturas,Otras Ganaderías,3D1c4b,4,"0,0",Sin emisión/remoción
5444,2005,1,Uso de Suelos,Excretas en pasturas,Otras Ganaderías,3D1c4b,4,"0,0",Sin emisión/remoción
5445,2006,1,Uso de Suelos,Excretas en pasturas,Otras Ganaderías,3D1c4b,4,"0,0",Sin emisión/remoción
5446,2007,1,Uso de Suelos,Excretas en pasturas,Otras Ganaderías,3D1c4b,4,"0,0",Sin emisión/remoción
5447,2008,1,Uso de Suelos,Excretas en pasturas,Otras Ganaderías,3D1c4b,4,"0,0",Sin emisión/remoción
5448,2009,1,Uso de Suelos,Excretas en pasturas,Otras Ganaderías,3D1c4b,4,"0,0",Sin emisión/remoción
5449,2010,1,Uso de Suelos,Excretas en pasturas,Otras Ganaderías,3D1c4b,4,"0,0",Sin emisión/remoción
5450,2011,1,Uso de Suelos,Excretas en pasturas,Otras Ganaderías,3D1c4b,4,"0,0",Sin emisión/remoción
5451,2012,1,Uso de Suelos,Excretas en pasturas,Otras Ganaderías,3D1c4b,4,"0,0",Sin emisión/remoción
5452,2013,1,Uso de Suelos,Excretas en pasturas,Otras Ganaderías,3D1c4b,4,"0,0",Sin emisión/remoción
5453,2014,1,Uso de Suelos,Excretas en pasturas,Otras Ganaderías,3D1c4b,4,"0,0",Sin emisión/remoción
5454,2015,1,Uso de Suelos,Excretas en pasturas,Otras Ganaderías,3D1c4b,4,"0,0",Sin emisión/remoción
5455,2016,1,Uso de Suelos,Excretas en pasturas,Otras Ganaderías,3D1c4b,4,"0,0",Sin emisión/remoción
5456,2017,1,Uso de Suelos,Excretas en pasturas,Otras Ganaderías,3D1c4b,4,"0,0",Sin emisión/remoción
5457,2018,1,Uso de Suelos,Excretas en pasturas,Otras Ganaderías,3D1c4b,4,"0,0",Sin emisión/remoción
5458,2019,1,Uso de Suelos,Excretas en pasturas,Otras Ganaderías,3D1c4b,4,"0,0",Sin emisión/remoción
5459,2020,1,Uso de Suelos,Excretas en pasturas,Otras Ganaderías,3D1c4b,4,"0,0",Sin emisión/remoción
5460,2021,1,Uso de Suelos,Excretas en pasturas,Otras Ganaderías,3D1c4b,4,"0,0",Sin emisión/remoción
5461,2022,1,Uso de Suelos,Excretas en pasturas,Otras Ganaderías,3D1c4b,4,"0,0",Sin emisión/remoción
5462,1990,1,Uso de Suelos,Excretas en pasturas,Otras Ganaderías,3D1c4d,4,"0,01",Emisión
5463,1991,1,Uso de Suelos,Excretas en pasturas,Otras Ganaderías,3D1c4d,4,"0,01",Emisión
5464,1992,1,Uso de Suelos,Excretas en pasturas,Otras Ganaderías,3D1c4d,4,"0,01",Emisión
5465,1993,1,Uso de Suelos,Excretas en pasturas,Otras Ganaderías,3D1c4d,4,"0,02",Emisión
5466,1994,1,Uso de Suelos,Excretas en pasturas,Otras Ganaderías,3D1c4d,4,"0,01",Emisión
5467,1995,1,Uso de Suelos,Excretas en pasturas,Otras Ganaderías,3D1c4d,4,"0,01",Emisión
5468,1996,1,Uso de Suelos,Excretas en pasturas,Otras Ganaderías,3D1c4d,4,"0,01",Emisión
5469,1997,1,Uso de Suelos,Excretas en pasturas,Otras Ganaderías,3D1c4d,4,"0,01",Emisión
5470,1998,1,Uso de Suelos,Excretas en pasturas,Otras Ganaderías,3D1c4d,4,"0,01",Emisión
5471,1999,1,Uso de Suelos,Excretas en pasturas,Otras Ganaderías,3D1c4d,4,"0,01",Emisión
5472,2000,1,Uso de Suelos,Excretas en pasturas,Otras Ganaderías,3D1c4d,4,"0,01",Emisión
5473,2001,1,Uso de Suelos,Excretas en pasturas,Otras Ganaderías,3D1c4d,4,"0,01",Emisión
5474,2002,1,Uso de Suelos,Excretas en pasturas,Otras Ganaderías,3D1c4d,4,"0,02",Emisión
5475,2003,1,Uso de Suelos,Excretas en pasturas,Otras Ganaderías,3D1c4d,4,"0,02",Emisión
5476,2004,1,Uso de Suelos,Excretas en pasturas,Otras Ganaderías,3D1c4d,4,"0,02",Emisión
5477,2005,1,Uso de Suelos,Excretas en pasturas,Otras Ganaderías,3D1c4d,4,"0,02",Emisión
5478,2006,1,Uso de Suelos,Excretas en pasturas,Otras Ganaderías,3D1c4d,4,"0,02",Emisión
5479,2007,1,Uso de Suelos,Excretas en pasturas,Otras Ganaderías,3D1c4d,4,"0,02",Emisión
5480,2008,1,Uso de Suelos,Excretas en pasturas,Otras Ganaderías,3D1c4d,4,"0,01",Emisión
5481,2009,1,Uso de Suelos,Excretas en pasturas,Otras Ganaderías,3D1c4d,4,"0,02",Emisión
5482,2010,1,Uso de Suelos,Excretas en pasturas,Otras Ganaderías,3D1c4d,4,"0,02",Emisión
5483,2011,1,Uso de Suelos,Excretas en pasturas,Otras Ganaderías,3D1c4d,4,"0,02",Emisión
5484,2012,1,Uso de Suelos,Excretas en pasturas,Otras Ganaderías,3D1c4d,4,"0,02",Emisión
5485,2013,1,Uso de Suelos,Excretas en pasturas,Otras Ganaderías,3D1c4d,4,"0,02",Emisión
5486,2014,1,Uso de Suelos,Excretas en pasturas,Otras Ganaderías,3D1c4d,4,"0,02",Emisión
5487,2015,1,Uso de Suelos,Excretas en pasturas,Otras Ganaderías,3D1c4d,4,"0,02",Emisión
5488,2016,1,Uso de Suelos,Excretas en pasturas,Otras Ganaderías,3D1c4d,4,"0,02",Emisión
5489,2017,1,Uso de Suelos,Excretas en pasturas,Otras Ganaderías,3D1c4d,4,"0,02",Emisión
5490,2018,1,Uso de Suelos,Excretas en pasturas,Otras Ganaderías,3D1c4d,4,"0,02",Emisión
5491,2019,1,Uso de Suelos,Excretas en pasturas,Otras Ganaderías,3D1c4d,4,"0,02",Emisión
5492,2020,1,Uso de Suelos,Excretas en pasturas,Otras Ganaderías,3D1c4d,4,"0,02",Emisión
5493,2021,1,Uso de Suelos,Excretas en pasturas,Otras Ganaderías,3D1c4d,4,"0,02",Emisión
5494,2022,1,Uso de Suelos,Excretas en pasturas,Otras Ganaderías,3D1c4d,4,"0,01",Emisión
5495,1990,1,Uso de Suelos,Excretas en pasturas,Otras Ganaderías,3D1c4e,4,"0,1",Emisión
5496,1991,1,Uso de Suelos,Excretas en pasturas,Otras Ganaderías,3D1c4e,4,"0,1",Emisión
5497,1992,1,Uso de Suelos,Excretas en pasturas,Otras Ganaderías,3D1c4e,4,"0,1",Emisión
5498,1993,1,Uso de Suelos,Excretas en pasturas,Otras Ganaderías,3D1c4e,4,"0,1",Emisión
5499,1994,1,Uso de Suelos,Excretas en pasturas,Otras Ganaderías,3D1c4e,4,"0,1",Emisión
5500,1995,1,Uso de Suelos,Excretas en pasturas,Otras Ganaderías,3D1c4e,4,"0,1",Emisión
5501,1996,1,Uso de Suelos,Excretas en pasturas,Otras Ganaderías,3D1c4e,4,"0,1",Emisión
5502,1997,1,Uso de Suelos,Excretas en pasturas,Otras Ganaderías,3D1c4e,4,"0,1",Emisión
5503,1998,1,Uso de Suelos,Excretas en pasturas,Otras Ganaderías,3D1c4e,4,"0,1",Emisión
5504,1999,1,Uso de Suelos,Excretas en pasturas,Otras Ganaderías,3D1c4e,4,"0,1",Emisión
5505,2000,1,Uso de Suelos,Excretas en pasturas,Otras Ganaderías,3D1c4e,4,"0,1",Emisión
5506,2001,1,Uso de Suelos,Excretas en pasturas,Otras Ganaderías,3D1c4e,4,"0,1",Emisión
5507,2002,1,Uso de Suelos,Excretas en pasturas,Otras Ganaderías,3D1c4e,4,"0,1",Emisión
5508,2003,1,Uso de Suelos,Excretas en pasturas,Otras Ganaderías,3D1c4e,4,"0,1",Emisión
5509,2004,1,Uso de Suelos,Excretas en pasturas,Otras Ganaderías,3D1c4e,4,"0,1",Emisión
5510,2005,1,Uso de Suelos,Excretas en pasturas,Otras Ganaderías,3D1c4e,4,"0,1",Emisión
5511,2006,1,Uso de Suelos,Excretas en pasturas,Otras Ganaderías,3D1c4e,4,"0,1",Emisión
5512,2007,1,Uso de Suelos,Excretas en pasturas,Otras Ganaderías,3D1c4e,4,"0,1",Emisión
5513,2008,1,Uso de Suelos,Excretas en pasturas,Otras Ganaderías,3D1c4e,4,"0,09",Emisión
5514,2009,1,Uso de Suelos,Excretas en pasturas,Otras Ganaderías,3D1c4e,4,"0,1",Emisión
5515,2010,1,Uso de Suelos,Excretas en pasturas,Otras Ganaderías,3D1c4e,4,"0,09",Emisión
5516,2011,1,Uso de Suelos,Excretas en pasturas,Otras Ganaderías,3D1c4e,4,"0,1",Emisión
5517,2012,1,Uso de Suelos,Excretas en pasturas,Otras Ganaderías,3D1c4e,4,"0,1",Emisión
5518,2013,1,Uso de Suelos,Excretas en pasturas,Otras Ganaderías,3D1c4e,4,"0,11",Emisión
5519,2014,1,Uso de Suelos,Excretas en pasturas,Otras Ganaderías,3D1c4e,4,"0,11",Emisión
5520,2015,1,Uso de Suelos,Excretas en pasturas,Otras Ganaderías,3D1c4e,4,"0,12",Emisión
5521,2016,1,Uso de Suelos,Excretas en pasturas,Otras Ganaderías,3D1c4e,4,"0,12",Emisión
5522,2017,1,Uso de Suelos,Excretas en pasturas,Otras Ganaderías,3D1c4e,4,"0,12",Emisión
5523,2018,1,Uso de Suelos,Excretas en pasturas,Otras Ganaderías,3D1c4e,4,"0,13",Emisión
5524,2019,1,Uso de Suelos,Excretas en pasturas,Otras Ganaderías,3D1c4e,4,"0,13",Emisión
5525,2020,1,Uso de Suelos,Excretas en pasturas,Otras Ganaderías,3D1c4e,4,"0,13",Emisión
5526,2021,1,Uso de Suelos,Excretas en pasturas,Otras Ganaderías,3D1c4e,4,"0,12",Emisión
5527,2022,1,Uso de Suelos,Excretas en pasturas,Otras Ganaderías,3D1c4e,4,"0,12",Emisión
5528,1990,1,Uso de Suelos,Excretas en pasturas,Otras Ganaderías,3D1c4f,4,"0,0",Sin emisión/remoción
5529,1991,1,Uso de Suelos,Excretas en pasturas,Otras Ganaderías,3D1c4f,4,"0,0",Sin emisión/remoción
5530,1992,1,Uso de Suelos,Excretas en pasturas,Otras Ganaderías,3D1c4f,4,"0,0",Sin emisión/remoción
5531,1993,1,Uso de Suelos,Excretas en pasturas,Otras Ganaderías,3D1c4f,4,"0,0",Sin emisión/remoción
5532,1994,1,Uso de Suelos,Excretas en pasturas,Otras Ganaderías,3D1c4f,4,"0,0",Sin emisión/remoción
5533,1995,1,Uso de Suelos,Excretas en pasturas,Otras Ganaderías,3D1c4f,4,"0,0",Sin emisión/remoción
5534,1996,1,Uso de Suelos,Excretas en pasturas,Otras Ganaderías,3D1c4f,4,"0,0",Sin emisión/remoción
5535,1997,1,Uso de Suelos,Excretas en pasturas,Otras Ganaderías,3D1c4f,4,"0,0",Sin emisión/remoción
5536,1998,1,Uso de Suelos,Excretas en pasturas,Otras Ganaderías,3D1c4f,4,"0,0",Sin emisión/remoción
5537,1999,1,Uso de Suelos,Excretas en pasturas,Otras Ganaderías,3D1c4f,4,"0,0",Sin emisión/remoción
5538,2000,1,Uso de Suelos,Excretas en pasturas,Otras Ganaderías,3D1c4f,4,"0,0",Sin emisión/remoción
5539,2001,1,Uso de Suelos,Excretas en pasturas,Otras Ganaderías,3D1c4f,4,"0,0",Sin emisión/remoción
5540,2002,1,Uso de Suelos,Excretas en pasturas,Otras Ganaderías,3D1c4f,4,"0,0",Sin emisión/remoción
5541,2003,1,Uso de Suelos,Excretas en pasturas,Otras Ganaderías,3D1c4f,4,"0,0",Sin emisión/remoción
5542,2004,1,Uso de Suelos,Excretas en pasturas,Otras Ganaderías,3D1c4f,4,"0,0",Sin emisión/remoción
5543,2005,1,Uso de Suelos,Excretas en pasturas,Otras Ganaderías,3D1c4f,4,"0,0",Sin emisión/remoción
5544,2006,1,Uso de Suelos,Excretas en pasturas,Otras Ganaderías,3D1c4f,4,"0,0",Sin emisión/remoción
5545,2007,1,Uso de Suelos,Excretas en pasturas,Otras Ganaderías,3D1c4f,4,"0,0",Sin emisión/remoción
5546,2008,1,Uso de Suelos,Excretas en pasturas,Otras Ganaderías,3D1c4f,4,"0,0",Sin emisión/remoción
5547,2009,1,Uso de Suelos,Excretas en pasturas,Otras Ganaderías,3D1c4f,4,"0,0",Sin emisión/remoción
5548,2010,1,Uso de Suelos,Excretas en pasturas,Otras Ganaderías,3D1c4f,4,"0,0",Sin emisión/remoción
5549,2011,1,Uso de Suelos,Excretas en pasturas,Otras Ganaderías,3D1c4f,4,"0,0",Sin emisión/remoción
5550,2012,1,Uso de Suelos,Excretas en pasturas,Otras Ganaderías,3D1c4f,4,"0,0",Sin emisión/remoción
5551,2013,1,Uso de Suelos,Excretas en pasturas,Otras Ganaderías,3D1c4f,4,"0,0",Sin emisión/remoción
5552,2014,1,Uso de Suelos,Excretas en pasturas,Otras Ganaderías,3D1c4f,4,"0,0",Sin emisión/remoción
5553,2015,1,Uso de Suelos,Excretas en pasturas,Otras Ganaderías,3D1c4f,4,"0,0",Sin emisión/remoción
5554,2016,1,Uso de Suelos,Excretas en pasturas,Otras Ganaderías,3D1c4f,4,"0,0",Sin emisión/remoción
5555,2017,1,Uso de Suelos,Excretas en pasturas,Otras Ganaderías,3D1c4f,4,"0,0",Sin emisión/remoción
5556,2018,1,Uso de Suelos,Excretas en pasturas,Otras Ganaderías,3D1c4f,4,"0,0",Sin emisión/remoción
5557,2019,1,Uso de Suelos,Excretas en pasturas,Otras Ganaderías,3D1c4f,4,"0,0",Sin emisión/remoción
5558,2020,1,Uso de Suelos,Excretas en pasturas,Otras Ganaderías,3D1c4f,4,"0,0",Sin emisión/remoción
5559,2021,1,Uso de Suelos,Excretas en pasturas,Otras Ganaderías,3D1c4f,4,"0,0",Sin emisión/remoción
5560,2022,1,Uso de Suelos,Excretas en pasturas,Otras Ganaderías,3D1c4f,4,"0,0",Sin emisión/remoción
5561,1990,1,Uso de Suelos,Uso de Suelos,Residuos de cosecha,3D1d,4,"2,27",Emisión
5562,1991,1,Uso de Suelos,Uso de Suelos,Residuos de cosecha,3D1d,4,"2,41",Emisión
5563,1992,1,Uso de Suelos,Uso de Suelos,Residuos de cosecha,3D1d,4,"2,4",Emisión
5564,1993,1,Uso de Suelos,Uso de Suelos,Residuos de cosecha,3D1d,4,"2,3",Emisión
5565,1994,1,Uso de Suelos,Uso de Suelos,Residuos de cosecha,3D1d,4,"2,28",Emisión
5566,1995,1,Uso de Suelos,Uso de Suelos,Residuos de cosecha,3D1d,4,"2,33",Emisión
5567,1996,1,Uso de Suelos,Uso de Suelos,Residuos de cosecha,3D1d,4,"2,27",Emisión
5568,1997,1,Uso de Suelos,Uso de Suelos,Residuos de cosecha,3D1d,4,"2,36",Emisión
5569,1998,1,Uso de Suelos,Uso de Suelos,Residuos de cosecha,3D1d,4,"2,66",Emisión
5570,1999,1,Uso de Suelos,Uso de Suelos,Residuos de cosecha,3D1d,4,"2,49",Emisión
5571,2000,1,Uso de Suelos,Uso de Suelos,Residuos de cosecha,3D1d,4,"2,58",Emisión
5572,2001,1,Uso de Suelos,Uso de Suelos,Residuos de cosecha,3D1d,4,"2,7",Emisión
5573,2002,1,Uso de Suelos,Uso de Suelos,Residuos de cosecha,3D1d,4,"2,72",Emisión
5574,2003,1,Uso de Suelos,Uso de Suelos,Residuos de cosecha,3D1d,4,"2,77",Emisión
5575,2004,1,Uso de Suelos,Uso de Suelos,Residuos de cosecha,3D1d,4,"2,79",Emisión
5576,2005,1,Uso de Suelos,Uso de Suelos,Residuos de cosecha,3D1d,4,"3,1",Emisión
5577,2006,1,Uso de Suelos,Uso de Suelos,Residuos de cosecha,3D1d,4,"3,03",Emisión
5578,2007,1,Uso de Suelos,Uso de Suelos,Residuos de cosecha,3D1d,4,"3,36",Emisión
5579,2008,1,Uso de Suelos,Uso de Suelos,Residuos de cosecha,3D1d,4,"3,38",Emisión
5580,2009,1,Uso de Suelos,Uso de Suelos,Residuos de cosecha,3D1d,4,"2,69",Emisión
5581,2010,1,Uso de Suelos,Uso de Suelos,Residuos de cosecha,3D1d,4,"3,41",Emisión
5582,2011,1,Uso de Suelos,Uso de Suelos,Residuos de cosecha,3D1d,4,"3,64",Emisión
5583,2012,1,Uso de Suelos,Uso de Suelos,Residuos de cosecha,3D1d,4,"3,41",Emisión
5584,2013,1,Uso de Suelos,Uso de Suelos,Residuos de cosecha,3D1d,4,"3,58",Emisión
5585,2014,1,Uso de Suelos,Uso de Suelos,Residuos de cosecha,3D1d,4,"3,87",Emisión
5586,2015,1,Uso de Suelos,Uso de Suelos,Residuos de cosecha,3D1d,4,"4,12",Emisión
5587,2016,1,Uso de Suelos,Uso de Suelos,Residuos de cosecha,3D1d,4,"4,09",Emisión
5588,2017,1,Uso de Suelos,Uso de Suelos,Residuos de cosecha,3D1d,4,"4,37",Emisión
5589,2018,1,Uso de Suelos,Uso de Suelos,Residuos de cosecha,3D1d,4,"3,95",Emisión
5590,2019,1,Uso de Suelos,Uso de Suelos,Residuos de cosecha,3D1d,4,"4,68",Emisión
5591,2020,1,Uso de Suelos,Uso de Suelos,Residuos de cosecha,3D1d,4,"4,48",Emisión
5592,2021,1,Uso de Suelos,Uso de Suelos,Residuos de cosecha,3D1d,4,"4,54",Emisión
5593,2022,1,Uso de Suelos,Uso de Suelos,Residuos de cosecha,3D1d,4,"4,54",Emisión
5594,1990,1,Uso de Suelos,Cambio de carbono en suelos,Mineralización de N por pérdida de materia orgánica de suelos,3D1e,4,"0,81",Emisión
5595,1991,1,Uso de Suelos,Cambio de carbono en suelos,Mineralización de N por pérdida de materia orgánica de suelos,3D1e,4,"0,92",Emisión
5596,1992,1,Uso de Suelos,Cambio de carbono en suelos,Mineralización de N por pérdida de materia orgánica de suelos,3D1e,4,"0,93",Emisión
5597,1993,1,Uso de Suelos,Cambio de carbono en suelos,Mineralización de N por pérdida de materia orgánica de suelos,3D1e,4,"0,82",Emisión
5598,1994,1,Uso de Suelos,Cambio de carbono en suelos,Mineralización de N por pérdida de materia orgánica de suelos,3D1e,4,"0,93",Emisión
5599,1995,1,Uso de Suelos,Cambio de carbono en suelos,Mineralización de N por pérdida de materia orgánica de suelos,3D1e,4,"1,1",Emisión
5600,1996,1,Uso de Suelos,Cambio de carbono en suelos,Mineralización de N por pérdida de materia orgánica de suelos,3D1e,4,"1,15",Emisión
5601,1997,1,Uso de Suelos,Cambio de carbono en suelos,Mineralización de N por pérdida de materia orgánica de suelos,3D1e,4,"1,42",Emisión
5602,1998,1,Uso de Suelos,Cambio de carbono en suelos,Mineralización de N por pérdida de materia orgánica de suelos,3D1e,4,"1,35",Emisión
5603,1999,1,Uso de Suelos,Cambio de carbono en suelos,Mineralización de N por pérdida de materia orgánica de suelos,3D1e,4,"1,29",Emisión
5604,2000,1,Uso de Suelos,Cambio de carbono en suelos,Mineralización de N por pérdida de materia orgánica de suelos,3D1e,4,"1,16",Emisión
5605,2001,1,Uso de Suelos,Cambio de carbono en suelos,Mineralización de N por pérdida de materia orgánica de suelos,3D1e,4,"0,95",Emisión
5606,2002,1,Uso de Suelos,Cambio de carbono en suelos,Mineralización de N por pérdida de materia orgánica de suelos,3D1e,4,"0,78",Emisión
5607,2003,1,Uso de Suelos,Cambio de carbono en suelos,Mineralización de N por pérdida de materia orgánica de suelos,3D1e,4,"0,73",Emisión
5608,2004,1,Uso de Suelos,Cambio de carbono en suelos,Mineralización de N por pérdida de materia orgánica de suelos,3D1e,4,"0,84",Emisión
5609,2005,1,Uso de Suelos,Cambio de carbono en suelos,Mineralización de N por pérdida de materia orgánica de suelos,3D1e,4,"0,92",Emisión
5610,2006,1,Uso de Suelos,Cambio de carbono en suelos,Mineralización de N por pérdida de materia orgánica de suelos,3D1e,4,"0,91",Emisión
5611,2007,1,Uso de Suelos,Cambio de carbono en suelos,Mineralización de N por pérdida de materia orgánica de suelos,3D1e,4,"1,27",Emisión
5612,2008,1,Uso de Suelos,Cambio de carbono en suelos,Mineralización de N por pérdida de materia orgánica de suelos,3D1e,4,"1,35",Emisión
5613,2009,1,Uso de Suelos,Cambio de carbono en suelos,Mineralización de N por pérdida de materia orgánica de suelos,3D1e,4,"1,24",Emisión
5614,2010,1,Uso de Suelos,Cambio de carbono en suelos,Mineralización de N por pérdida de materia orgánica de suelos,3D1e,4,"1,18",Emisión
5615,2011,1,Uso de Suelos,Cambio de carbono en suelos,Mineralización de N por pérdida de materia orgánica de suelos,3D1e,4,"1,52",Emisión
5616,2012,1,Uso de Suelos,Cambio de carbono en suelos,Mineralización de N por pérdida de materia orgánica de suelos,3D1e,4,"1,39",Emisión
5617,2013,1,Uso de Suelos,Cambio de carbono en suelos,Mineralización de N por pérdida de materia orgánica de suelos,3D1e,4,"1,35",Emisión
5618,2014,1,Uso de Suelos,Cambio de carbono en suelos,Mineralización de N por pérdida de materia orgánica de suelos,3D1e,4,"1,4",Emisión
5619,2015,1,Uso de Suelos,Cambio de carbono en suelos,Mineralización de N por pérdida de materia orgánica de suelos,3D1e,4,"1,12",Emisión
5620,2016,1,Uso de Suelos,Cambio de carbono en suelos,Mineralización de N por pérdida de materia orgánica de suelos,3D1e,4,"1,02",Emisión
5621,2017,1,Uso de Suelos,Cambio de carbono en suelos,Mineralización de N por pérdida de materia orgánica de suelos,3D1e,4,"0,72",Emisión
5622,2018,1,Uso de Suelos,Cambio de carbono en suelos,Mineralización de N por pérdida de materia orgánica de suelos,3D1e,4,"0,71",Emisión
5623,2019,1,Uso de Suelos,Cambio de carbono en suelos,Mineralización de N por pérdida de materia orgánica de suelos,3D1e,4,"0,63",Emisión
5624,2020,1,Uso de Suelos,Cambio de carbono en suelos,Mineralización de N por pérdida de materia orgánica de suelos,3D1e,4,"0,7",Emisión
5625,2021,1,Uso de Suelos,Cambio de carbono en suelos,Mineralización de N por pérdida de materia orgánica de suelos,3D1e,4,"0,82",Emisión
5626,2022,1,Uso de Suelos,Cambio de carbono en suelos,Mineralización de N por pérdida de materia orgánica de suelos,3D1e,4,"0,99",Emisión
5627,1990,1,Uso de Suelos,Uso de Suelos,Fertilizantes sintéticos,3D2ai,4,"0,05",Emisión
5628,1991,1,Uso de Suelos,Uso de Suelos,Fertilizantes sintéticos,3D2ai,4,"0,05",Emisión
5629,1992,1,Uso de Suelos,Uso de Suelos,Fertilizantes sintéticos,3D2ai,4,"0,05",Emisión
5630,1993,1,Uso de Suelos,Uso de Suelos,Fertilizantes sintéticos,3D2ai,4,"0,05",Emisión
5631,1994,1,Uso de Suelos,Uso de Suelos,Fertilizantes sintéticos,3D2ai,4,"0,08",Emisión
5632,1995,1,Uso de Suelos,Uso de Suelos,Fertilizantes sintéticos,3D2ai,4,"0,08",Emisión
5633,1996,1,Uso de Suelos,Uso de Suelos,Fertilizantes sintéticos,3D2ai,4,"0,14",Emisión
5634,1997,1,Uso de Suelos,Uso de Suelos,Fertilizantes sintéticos,3D2ai,4,"0,14",Emisión
5635,1998,1,Uso de Suelos,Uso de Suelos,Fertilizantes sintéticos,3D2ai,4,"0,14",Emisión
5636,1999,1,Uso de Suelos,Uso de Suelos,Fertilizantes sintéticos,3D2ai,4,"0,19",Emisión
5637,2000,1,Uso de Suelos,Uso de Suelos,Fertilizantes sintéticos,3D2ai,4,"0,19",Emisión
5638,2001,1,Uso de Suelos,Uso de Suelos,Fertilizantes sintéticos,3D2ai,4,"0,2",Emisión
5639,2002,1,Uso de Suelos,Uso de Suelos,Fertilizantes sintéticos,3D2ai,4,"0,19",Emisión
5640,2003,1,Uso de Suelos,Uso de Suelos,Fertilizantes sintéticos,3D2ai,4,"0,24",Emisión
5641,2004,1,Uso de Suelos,Uso de Suelos,Fertilizantes sintéticos,3D2ai,4,"0,28",Emisión
5642,2005,1,Uso de Suelos,Uso de Suelos,Fertilizantes sintéticos,3D2ai,4,"0,25",Emisión
5643,2006,1,Uso de Suelos,Uso de Suelos,Fertilizantes sintéticos,3D2ai,4,"0,31",Emisión
5644,2007,1,Uso de Suelos,Uso de Suelos,Fertilizantes sintéticos,3D2ai,4,"0,29",Emisión
5645,2008,1,Uso de Suelos,Uso de Suelos,Fertilizantes sintéticos,3D2ai,4,"0,26",Emisión
5646,2009,1,Uso de Suelos,Uso de Suelos,Fertilizantes sintéticos,3D2ai,4,"0,25",Emisión
5647,2010,1,Uso de Suelos,Uso de Suelos,Fertilizantes sintéticos,3D2ai,4,"0,33",Emisión
5648,2011,1,Uso de Suelos,Uso de Suelos,Fertilizantes sintéticos,3D2ai,4,"0,36",Emisión
5649,2012,1,Uso de Suelos,Uso de Suelos,Fertilizantes sintéticos,3D2ai,4,"0,3",Emisión
5650,2013,1,Uso de Suelos,Uso de Suelos,Fertilizantes sintéticos,3D2ai,4,"0,33",Emisión
5651,2014,1,Uso de Suelos,Uso de Suelos,Fertilizantes sintéticos,3D2ai,4,"0,33",Emisión
5652,2015,1,Uso de Suelos,Uso de Suelos,Fertilizantes sintéticos,3D2ai,4,"0,25",Emisión
5653,2016,1,Uso de Suelos,Uso de Suelos,Fertilizantes sintéticos,3D2ai,4,"0,38",Emisión
5654,2017,1,Uso de Suelos,Uso de Suelos,Fertilizantes sintéticos,3D2ai,4,"0,41",Emisión
5655,2018,1,Uso de Suelos,Uso de Suelos,Fertilizantes sintéticos,3D2ai,4,"0,48",Emisión
5656,2019,1,Uso de Suelos,Uso de Suelos,Fertilizantes sintéticos,3D2ai,4,"0,53",Emisión
5657,2020,1,Uso de Suelos,Uso de Suelos,Fertilizantes sintéticos,3D2ai,4,"0,6",Emisión
5658,2021,1,Uso de Suelos,Uso de Suelos,Fertilizantes sintéticos,3D2ai,4,"0,65",Emisión
5659,2022,1,Uso de Suelos,Uso de Suelos,Fertilizantes sintéticos,3D2ai,4,"0,55",Emisión
5660,1990,1,Uso de Suelos,Fertilizantes orgánicos,Bovinos Lecheros,3D2aii1a,4,"0,01",Emisión
5661,1991,1,Uso de Suelos,Fertilizantes orgánicos,Bovinos Lecheros,3D2aii1a,4,"0,01",Emisión
5662,1992,1,Uso de Suelos,Fertilizantes orgánicos,Bovinos Lecheros,3D2aii1a,4,"0,01",Emisión
5663,1993,1,Uso de Suelos,Fertilizantes orgánicos,Bovinos Lecheros,3D2aii1a,4,"0,01",Emisión
5664,1994,1,Uso de Suelos,Fertilizantes orgánicos,Bovinos Lecheros,3D2aii1a,4,"0,01",Emisión
5665,1995,1,Uso de Suelos,Fertilizantes orgánicos,Bovinos Lecheros,3D2aii1a,4,"0,01",Emisión
5666,1996,1,Uso de Suelos,Fertilizantes orgánicos,Bovinos Lecheros,3D2aii1a,4,"0,01",Emisión
5667,1997,1,Uso de Suelos,Fertilizantes orgánicos,Bovinos Lecheros,3D2aii1a,4,"0,01",Emisión
5668,1998,1,Uso de Suelos,Fertilizantes orgánicos,Bovinos Lecheros,3D2aii1a,4,"0,01",Emisión
5669,1999,1,Uso de Suelos,Fertilizantes orgánicos,Bovinos Lecheros,3D2aii1a,4,"0,01",Emisión
5670,2000,1,Uso de Suelos,Fertilizantes orgánicos,Bovinos Lecheros,3D2aii1a,4,"0,01",Emisión
5671,2001,1,Uso de Suelos,Fertilizantes orgánicos,Bovinos Lecheros,3D2aii1a,4,"0,01",Emisión
5672,2002,1,Uso de Suelos,Fertilizantes orgánicos,Bovinos Lecheros,3D2aii1a,4,"0,01",Emisión
5673,2003,1,Uso de Suelos,Fertilizantes orgánicos,Bovinos Lecheros,3D2aii1a,4,"0,01",Emisión
5674,2004,1,Uso de Suelos,Fertilizantes orgánicos,Bovinos Lecheros,3D2aii1a,4,"0,01",Emisión
5675,2005,1,Uso de Suelos,Fertilizantes orgánicos,Bovinos Lecheros,3D2aii1a,4,"0,01",Emisión
5676,2006,1,Uso de Suelos,Fertilizantes orgánicos,Bovinos Lecheros,3D2aii1a,4,"0,01",Emisión
5677,2007,1,Uso de Suelos,Fertilizantes orgánicos,Bovinos Lecheros,3D2aii1a,4,"0,01",Emisión
5678,2008,1,Uso de Suelos,Fertilizantes orgánicos,Bovinos Lecheros,3D2aii1a,4,"0,01",Emisión
5679,2009,1,Uso de Suelos,Fertilizantes orgánicos,Bovinos Lecheros,3D2aii1a,4,"0,01",Emisión
5680,2010,1,Uso de Suelos,Fertilizantes orgánicos,Bovinos Lecheros,3D2aii1a,4,"0,01",Emisión
5681,2011,1,Uso de Suelos,Fertilizantes orgánicos,Bovinos Lecheros,3D2aii1a,4,"0,01",Emisión
5682,2012,1,Uso de Suelos,Fertilizantes orgánicos,Bovinos Lecheros,3D2aii1a,4,"0,01",Emisión
5683,2013,1,Uso de Suelos,Fertilizantes orgánicos,Bovinos Lecheros,3D2aii1a,4,"0,01",Emisión
5684,2014,1,Uso de Suelos,Fertilizantes orgánicos,Bovinos Lecheros,3D2aii1a,4,"0,01",Emisión
5685,2015,1,Uso de Suelos,Fertilizantes orgánicos,Bovinos Lecheros,3D2aii1a,4,"0,01",Emisión
5686,2016,1,Uso de Suelos,Fertilizantes orgánicos,Bovinos Lecheros,3D2aii1a,4,"0,01",Emisión
5687,2017,1,Uso de Suelos,Fertilizantes orgánicos,Bovinos Lecheros,3D2aii1a,4,"0,01",Emisión
5688,2018,1,Uso de Suelos,Fertilizantes orgánicos,Bovinos Lecheros,3D2aii1a,4,"0,01",Emisión
5689,2019,1,Uso de Suelos,Fertilizantes orgánicos,Bovinos Lecheros,3D2aii1a,4,"0,01",Emisión
5690,2020,1,Uso de Suelos,Fertilizantes orgánicos,Bovinos Lecheros,3D2aii1a,4,"0,01",Emisión
5691,2021,1,Uso de Suelos,Fertilizantes orgánicos,Bovinos Lecheros,3D2aii1a,4,"0,01",Emisión
5692,2022,1,Uso de Suelos,Fertilizantes orgánicos,Bovinos Lecheros,3D2aii1a,4,"0,01",Emisión
5693,1990,1,Uso de Suelos,Fertilizantes orgánicos,Bovinos de Carne,3D2aii1b,4,"0,01",Emisión
5694,1991,1,Uso de Suelos,Fertilizantes orgánicos,Bovinos de Carne,3D2aii1b,4,"0,01",Emisión
5695,1992,1,Uso de Suelos,Fertilizantes orgánicos,Bovinos de Carne,3D2aii1b,4,"0,01",Emisión
5696,1993,1,Uso de Suelos,Fertilizantes orgánicos,Bovinos de Carne,3D2aii1b,4,"0,01",Emisión
5697,1994,1,Uso de Suelos,Fertilizantes orgánicos,Bovinos de Carne,3D2aii1b,4,"0,01",Emisión
5698,1995,1,Uso de Suelos,Fertilizantes orgánicos,Bovinos de Carne,3D2aii1b,4,"0,01",Emisión
5699,1996,1,Uso de Suelos,Fertilizantes orgánicos,Bovinos de Carne,3D2aii1b,4,"0,01",Emisión
5700,1997,1,Uso de Suelos,Fertilizantes orgánicos,Bovinos de Carne,3D2aii1b,4,"0,01",Emisión
5701,1998,1,Uso de Suelos,Fertilizantes orgánicos,Bovinos de Carne,3D2aii1b,4,"0,01",Emisión
5702,1999,1,Uso de Suelos,Fertilizantes orgánicos,Bovinos de Carne,3D2aii1b,4,"0,01",Emisión
5703,2000,1,Uso de Suelos,Fertilizantes orgánicos,Bovinos de Carne,3D2aii1b,4,"0,01",Emisión
5704,2001,1,Uso de Suelos,Fertilizantes orgánicos,Bovinos de Carne,3D2aii1b,4,"0,02",Emisión
5705,2002,1,Uso de Suelos,Fertilizantes orgánicos,Bovinos de Carne,3D2aii1b,4,"0,04",Emisión
5706,2003,1,Uso de Suelos,Fertilizantes orgánicos,Bovinos de Carne,3D2aii1b,4,"0,06",Emisión
5707,2004,1,Uso de Suelos,Fertilizantes orgánicos,Bovinos de Carne,3D2aii1b,4,"0,08",Emisión
5708,2005,1,Uso de Suelos,Fertilizantes orgánicos,Bovinos de Carne,3D2aii1b,4,"0,1",Emisión
5709,2006,1,Uso de Suelos,Fertilizantes orgánicos,Bovinos de Carne,3D2aii1b,4,"0,11",Emisión
5710,2007,1,Uso de Suelos,Fertilizantes orgánicos,Bovinos de Carne,3D2aii1b,4,"0,13",Emisión
5711,2008,1,Uso de Suelos,Fertilizantes orgánicos,Bovinos de Carne,3D2aii1b,4,"0,14",Emisión
5712,2009,1,Uso de Suelos,Fertilizantes orgánicos,Bovinos de Carne,3D2aii1b,4,"0,13",Emisión
5713,2010,1,Uso de Suelos,Fertilizantes orgánicos,Bovinos de Carne,3D2aii1b,4,"0,12",Emisión
5714,2011,1,Uso de Suelos,Fertilizantes orgánicos,Bovinos de Carne,3D2aii1b,4,"0,11",Emisión
5715,2012,1,Uso de Suelos,Fertilizantes orgánicos,Bovinos de Carne,3D2aii1b,4,"0,1",Emisión
5716,2013,1,Uso de Suelos,Fertilizantes orgánicos,Bovinos de Carne,3D2aii1b,4,"0,1",Emisión
5717,2014,1,Uso de Suelos,Fertilizantes orgánicos,Bovinos de Carne,3D2aii1b,4,"0,1",Emisión
5718,2015,1,Uso de Suelos,Fertilizantes orgánicos,Bovinos de Carne,3D2aii1b,4,"0,11",Emisión
5719,2016,1,Uso de Suelos,Fertilizantes orgánicos,Bovinos de Carne,3D2aii1b,4,"0,11",Emisión
5720,2017,1,Uso de Suelos,Fertilizantes orgánicos,Bovinos de Carne,3D2aii1b,4,"0,1",Emisión
5721,2018,1,Uso de Suelos,Fertilizantes orgánicos,Bovinos de Carne,3D2aii1b,4,"0,1",Emisión
5722,2019,1,Uso de Suelos,Fertilizantes orgánicos,Bovinos de Carne,3D2aii1b,4,"0,1",Emisión
5723,2020,1,Uso de Suelos,Fertilizantes orgánicos,Bovinos de Carne,3D2aii1b,4,"0,1",Emisión
5724,2021,1,Uso de Suelos,Fertilizantes orgánicos,Bovinos de Carne,3D2aii1b,4,"0,1",Emisión
5725,2022,1,Uso de Suelos,Fertilizantes orgánicos,Bovinos de Carne,3D2aii1b,4,"0,1",Emisión
5726,1990,1,Uso de Suelos,Fertilizantes orgánicos,Otras Ganaderías,3D2aii3,4,"0,01",Emisión
5727,1991,1,Uso de Suelos,Fertilizantes orgánicos,Otras Ganaderías,3D2aii3,4,"0,01",Emisión
5728,1992,1,Uso de Suelos,Fertilizantes orgánicos,Otras Ganaderías,3D2aii3,4,"0,01",Emisión
5729,1993,1,Uso de Suelos,Fertilizantes orgánicos,Otras Ganaderías,3D2aii3,4,"0,01",Emisión
5730,1994,1,Uso de Suelos,Fertilizantes orgánicos,Otras Ganaderías,3D2aii3,4,"0,01",Emisión
5731,1995,1,Uso de Suelos,Fertilizantes orgánicos,Otras Ganaderías,3D2aii3,4,"0,01",Emisión
5732,1996,1,Uso de Suelos,Fertilizantes orgánicos,Otras Ganaderías,3D2aii3,4,"0,01",Emisión
5733,1997,1,Uso de Suelos,Fertilizantes orgánicos,Otras Ganaderías,3D2aii3,4,"0,01",Emisión
5734,1998,1,Uso de Suelos,Fertilizantes orgánicos,Otras Ganaderías,3D2aii3,4,"0,01",Emisión
5735,1999,1,Uso de Suelos,Fertilizantes orgánicos,Otras Ganaderías,3D2aii3,4,"0,01",Emisión
5736,2000,1,Uso de Suelos,Fertilizantes orgánicos,Otras Ganaderías,3D2aii3,4,"0,01",Emisión
5737,2001,1,Uso de Suelos,Fertilizantes orgánicos,Otras Ganaderías,3D2aii3,4,"0,01",Emisión
5738,2002,1,Uso de Suelos,Fertilizantes orgánicos,Otras Ganaderías,3D2aii3,4,"0,01",Emisión
5739,2003,1,Uso de Suelos,Fertilizantes orgánicos,Otras Ganaderías,3D2aii3,4,"0,01",Emisión
5740,2004,1,Uso de Suelos,Fertilizantes orgánicos,Otras Ganaderías,3D2aii3,4,"0,01",Emisión
5741,2005,1,Uso de Suelos,Fertilizantes orgánicos,Otras Ganaderías,3D2aii3,4,"0,01",Emisión
5742,2006,1,Uso de Suelos,Fertilizantes orgánicos,Otras Ganaderías,3D2aii3,4,"0,01",Emisión
5743,2007,1,Uso de Suelos,Fertilizantes orgánicos,Otras Ganaderías,3D2aii3,4,"0,01",Emisión
5744,2008,1,Uso de Suelos,Fertilizantes orgánicos,Otras Ganaderías,3D2aii3,4,"0,02",Emisión
5745,2009,1,Uso de Suelos,Fertilizantes orgánicos,Otras Ganaderías,3D2aii3,4,"0,02",Emisión
5746,2010,1,Uso de Suelos,Fertilizantes orgánicos,Otras Ganaderías,3D2aii3,4,"0,02",Emisión
5747,2011,1,Uso de Suelos,Fertilizantes orgánicos,Otras Ganaderías,3D2aii3,4,"0,02",Emisión
5748,2012,1,Uso de Suelos,Fertilizantes orgánicos,Otras Ganaderías,3D2aii3,4,"0,02",Emisión
5749,2013,1,Uso de Suelos,Fertilizantes orgánicos,Otras Ganaderías,3D2aii3,4,"0,02",Emisión
5750,2014,1,Uso de Suelos,Fertilizantes orgánicos,Otras Ganaderías,3D2aii3,4,"0,03",Emisión
5751,2015,1,Uso de Suelos,Fertilizantes orgánicos,Otras Ganaderías,3D2aii3,4,"0,03",Emisión
5752,2016,1,Uso de Suelos,Fertilizantes orgánicos,Otras Ganaderías,3D2aii3,4,"0,03",Emisión
5753,2017,1,Uso de Suelos,Fertilizantes orgánicos,Otras Ganaderías,3D2aii3,4,"0,03",Emisión
5754,2018,1,Uso de Suelos,Fertilizantes orgánicos,Otras Ganaderías,3D2aii3,4,"0,03",Emisión
5755,2019,1,Uso de Suelos,Fertilizantes orgánicos,Otras Ganaderías,3D2aii3,4,"0,03",Emisión
5756,2020,1,Uso de Suelos,Fertilizantes orgánicos,Otras Ganaderías,3D2aii3,4,"0,03",Emisión
5757,2021,1,Uso de Suelos,Fertilizantes orgánicos,Otras Ganaderías,3D2aii3,4,"0,03",Emisión
5758,2022,1,Uso de Suelos,Fertilizantes orgánicos,Otras Ganaderías,3D2aii3,4,"0,03",Emisión
5759,1990,1,Uso de Suelos,Fertilizantes orgánicos,Otras Ganaderías,3D2aii4g,4,"0,01",Emisión
5760,1991,1,Uso de Suelos,Fertilizantes orgánicos,Otras Ganaderías,3D2aii4g,4,"0,01",Emisión
5761,1992,1,Uso de Suelos,Fertilizantes orgánicos,Otras Ganaderías,3D2aii4g,4,"0,01",Emisión
5762,1993,1,Uso de Suelos,Fertilizantes orgánicos,Otras Ganaderías,3D2aii4g,4,"0,01",Emisión
5763,1994,1,Uso de Suelos,Fertilizantes orgánicos,Otras Ganaderías,3D2aii4g,4,"0,01",Emisión
5764,1995,1,Uso de Suelos,Fertilizantes orgánicos,Otras Ganaderías,3D2aii4g,4,"0,01",Emisión
5765,1996,1,Uso de Suelos,Fertilizantes orgánicos,Otras Ganaderías,3D2aii4g,4,"0,01",Emisión
5766,1997,1,Uso de Suelos,Fertilizantes orgánicos,Otras Ganaderías,3D2aii4g,4,"0,01",Emisión
5767,1998,1,Uso de Suelos,Fertilizantes orgánicos,Otras Ganaderías,3D2aii4g,4,"0,01",Emisión
5768,1999,1,Uso de Suelos,Fertilizantes orgánicos,Otras Ganaderías,3D2aii4g,4,"0,01",Emisión
5769,2000,1,Uso de Suelos,Fertilizantes orgánicos,Otras Ganaderías,3D2aii4g,4,"0,02",Emisión
5770,2001,1,Uso de Suelos,Fertilizantes orgánicos,Otras Ganaderías,3D2aii4g,4,"0,02",Emisión
5771,2002,1,Uso de Suelos,Fertilizantes orgánicos,Otras Ganaderías,3D2aii4g,4,"0,02",Emisión
5772,2003,1,Uso de Suelos,Fertilizantes orgánicos,Otras Ganaderías,3D2aii4g,4,"0,02",Emisión
5773,2004,1,Uso de Suelos,Fertilizantes orgánicos,Otras Ganaderías,3D2aii4g,4,"0,02",Emisión
5774,2005,1,Uso de Suelos,Fertilizantes orgánicos,Otras Ganaderías,3D2aii4g,4,"0,02",Emisión
5775,2006,1,Uso de Suelos,Fertilizantes orgánicos,Otras Ganaderías,3D2aii4g,4,"0,03",Emisión
5776,2007,1,Uso de Suelos,Fertilizantes orgánicos,Otras Ganaderías,3D2aii4g,4,"0,03",Emisión
5777,2008,1,Uso de Suelos,Fertilizantes orgánicos,Otras Ganaderías,3D2aii4g,4,"0,03",Emisión
5778,2009,1,Uso de Suelos,Fertilizantes orgánicos,Otras Ganaderías,3D2aii4g,4,"0,03",Emisión
5779,2010,1,Uso de Suelos,Fertilizantes orgánicos,Otras Ganaderías,3D2aii4g,4,"0,03",Emisión
5780,2011,1,Uso de Suelos,Fertilizantes orgánicos,Otras Ganaderías,3D2aii4g,4,"0,04",Emisión
5781,2012,1,Uso de Suelos,Fertilizantes orgánicos,Otras Ganaderías,3D2aii4g,4,"0,04",Emisión
5782,2013,1,Uso de Suelos,Fertilizantes orgánicos,Otras Ganaderías,3D2aii4g,4,"0,04",Emisión
5783,2014,1,Uso de Suelos,Fertilizantes orgánicos,Otras Ganaderías,3D2aii4g,4,"0,04",Emisión
5784,2015,1,Uso de Suelos,Fertilizantes orgánicos,Otras Ganaderías,3D2aii4g,4,"0,04",Emisión
5785,2016,1,Uso de Suelos,Fertilizantes orgánicos,Otras Ganaderías,3D2aii4g,4,"0,04",Emisión
5786,2017,1,Uso de Suelos,Fertilizantes orgánicos,Otras Ganaderías,3D2aii4g,4,"0,04",Emisión
5787,2018,1,Uso de Suelos,Fertilizantes orgánicos,Otras Ganaderías,3D2aii4g,4,"0,04",Emisión
5788,2019,1,Uso de Suelos,Fertilizantes orgánicos,Otras Ganaderías,3D2aii4g,4,"0,04",Emisión
5789,2020,1,Uso de Suelos,Fertilizantes orgánicos,Otras Ganaderías,3D2aii4g,4,"0,04",Emisión
5790,2021,1,Uso de Suelos,Fertilizantes orgánicos,Otras Ganaderías,3D2aii4g,4,"0,04",Emisión
5791,2022,1,Uso de Suelos,Fertilizantes orgánicos,Otras Ganaderías,3D2aii4g,4,"0,04",Emisión
5792,1990,1,Uso de Suelos,Excretas en pasturas,Bovinos Lecheros,3D2aiii1a,4,"0,2",Emisión
5793,1991,1,Uso de Suelos,Excretas en pasturas,Bovinos Lecheros,3D2aiii1a,4,"0,2",Emisión
5794,1992,1,Uso de Suelos,Excretas en pasturas,Bovinos Lecheros,3D2aiii1a,4,"0,21",Emisión
5795,1993,1,Uso de Suelos,Excretas en pasturas,Bovinos Lecheros,3D2aiii1a,4,"0,21",Emisión
5796,1994,1,Uso de Suelos,Excretas en pasturas,Bovinos Lecheros,3D2aiii1a,4,"0,22",Emisión
5797,1995,1,Uso de Suelos,Excretas en pasturas,Bovinos Lecheros,3D2aiii1a,4,"0,22",Emisión
5798,1996,1,Uso de Suelos,Excretas en pasturas,Bovinos Lecheros,3D2aiii1a,4,"0,22",Emisión
5799,1997,1,Uso de Suelos,Excretas en pasturas,Bovinos Lecheros,3D2aiii1a,4,"0,22",Emisión
5800,1998,1,Uso de Suelos,Excretas en pasturas,Bovinos Lecheros,3D2aiii1a,4,"0,22",Emisión
5801,1999,1,Uso de Suelos,Excretas en pasturas,Bovinos Lecheros,3D2aiii1a,4,"0,23",Emisión
5802,2000,1,Uso de Suelos,Excretas en pasturas,Bovinos Lecheros,3D2aiii1a,4,"0,23",Emisión
5803,2001,1,Uso de Suelos,Excretas en pasturas,Bovinos Lecheros,3D2aiii1a,4,"0,23",Emisión
5804,2002,1,Uso de Suelos,Excretas en pasturas,Bovinos Lecheros,3D2aiii1a,4,"0,22",Emisión
5805,2003,1,Uso de Suelos,Excretas en pasturas,Bovinos Lecheros,3D2aiii1a,4,"0,21",Emisión
5806,2004,1,Uso de Suelos,Excretas en pasturas,Bovinos Lecheros,3D2aiii1a,4,"0,22",Emisión
5807,2005,1,Uso de Suelos,Excretas en pasturas,Bovinos Lecheros,3D2aiii1a,4,"0,22",Emisión
5808,2006,1,Uso de Suelos,Excretas en pasturas,Bovinos Lecheros,3D2aiii1a,4,"0,22",Emisión
5809,2007,1,Uso de Suelos,Excretas en pasturas,Bovinos Lecheros,3D2aiii1a,4,"0,21",Emisión
5810,2008,1,Uso de Suelos,Excretas en pasturas,Bovinos Lecheros,3D2aiii1a,4,"0,22",Emisión
5811,2009,1,Uso de Suelos,Excretas en pasturas,Bovinos Lecheros,3D2aiii1a,4,"0,22",Emisión
5812,2010,1,Uso de Suelos,Excretas en pasturas,Bovinos Lecheros,3D2aiii1a,4,"0,22",Emisión
5813,2011,1,Uso de Suelos,Excretas en pasturas,Bovinos Lecheros,3D2aiii1a,4,"0,22",Emisión
5814,2012,1,Uso de Suelos,Excretas en pasturas,Bovinos Lecheros,3D2aiii1a,4,"0,23",Emisión
5815,2013,1,Uso de Suelos,Excretas en pasturas,Bovinos Lecheros,3D2aiii1a,4,"0,23",Emisión
5816,2014,1,Uso de Suelos,Excretas en pasturas,Bovinos Lecheros,3D2aiii1a,4,"0,23",Emisión
5817,2015,1,Uso de Suelos,Excretas en pasturas,Bovinos Lecheros,3D2aiii1a,4,"0,23",Emisión
5818,2016,1,Uso de Suelos,Excretas en pasturas,Bovinos Lecheros,3D2aiii1a,4,"0,22",Emisión
5819,2017,1,Uso de Suelos,Excretas en pasturas,Bovinos Lecheros,3D2aiii1a,4,"0,21",Emisión
5820,2018,1,Uso de Suelos,Excretas en pasturas,Bovinos Lecheros,3D2aiii1a,4,"0,22",Emisión
5821,2019,1,Uso de Suelos,Excretas en pasturas,Bovinos Lecheros,3D2aiii1a,4,"0,21",Emisión
5822,2020,1,Uso de Suelos,Excretas en pasturas,Bovinos Lecheros,3D2aiii1a,4,"0,21",Emisión
5823,2021,1,Uso de Suelos,Excretas en pasturas,Bovinos Lecheros,3D2aiii1a,4,"0,21",Emisión
5824,2022,1,Uso de Suelos,Excretas en pasturas,Bovinos Lecheros,3D2aiii1a,4,"0,21",Emisión
5825,1990,1,Uso de Suelos,Excretas en pasturas,Bovinos de Carne,3D2aiii1b,4,"1,6",Emisión
5826,1991,1,Uso de Suelos,Excretas en pasturas,Bovinos de Carne,3D2aiii1b,4,"1,63",Emisión
5827,1992,1,Uso de Suelos,Excretas en pasturas,Bovinos de Carne,3D2aiii1b,4,"1,65",Emisión
5828,1993,1,Uso de Suelos,Excretas en pasturas,Bovinos de Carne,3D2aiii1b,4,"1,7",Emisión
5829,1994,1,Uso de Suelos,Excretas en pasturas,Bovinos de Carne,3D2aiii1b,4,"1,7",Emisión
5830,1995,1,Uso de Suelos,Excretas en pasturas,Bovinos de Carne,3D2aiii1b,4,"1,67",Emisión
5831,1996,1,Uso de Suelos,Excretas en pasturas,Bovinos de Carne,3D2aiii1b,4,"1,6",Emisión
5832,1997,1,Uso de Suelos,Excretas en pasturas,Bovinos de Carne,3D2aiii1b,4,"1,57",Emisión
5833,1998,1,Uso de Suelos,Excretas en pasturas,Bovinos de Carne,3D2aiii1b,4,"1,48",Emisión
5834,1999,1,Uso de Suelos,Excretas en pasturas,Bovinos de Carne,3D2aiii1b,4,"1,54",Emisión
5835,2000,1,Uso de Suelos,Excretas en pasturas,Bovinos de Carne,3D2aiii1b,4,"1,52",Emisión
5836,2001,1,Uso de Suelos,Excretas en pasturas,Bovinos de Carne,3D2aiii1b,4,"1,49",Emisión
5837,2002,1,Uso de Suelos,Excretas en pasturas,Bovinos de Carne,3D2aiii1b,4,"1,54",Emisión
5838,2003,1,Uso de Suelos,Excretas en pasturas,Bovinos de Carne,3D2aiii1b,4,"1,56",Emisión
5839,2004,1,Uso de Suelos,Excretas en pasturas,Bovinos de Carne,3D2aiii1b,4,"1,56",Emisión
5840,2005,1,Uso de Suelos,Excretas en pasturas,Bovinos de Carne,3D2aiii1b,4,"1,54",Emisión
5841,2006,1,Uso de Suelos,Excretas en pasturas,Bovinos de Carne,3D2aiii1b,4,"1,52",Emisión
5842,2007,1,Uso de Suelos,Excretas en pasturas,Bovinos de Carne,3D2aiii1b,4,"1,49",Emisión
5843,2008,1,Uso de Suelos,Excretas en pasturas,Bovinos de Carne,3D2aiii1b,4,"1,31",Emisión
5844,2009,1,Uso de Suelos,Excretas en pasturas,Bovinos de Carne,3D2aiii1b,4,"1,24",Emisión
5845,2010,1,Uso de Suelos,Excretas en pasturas,Bovinos de Carne,3D2aiii1b,4,"1,12",Emisión
5846,2011,1,Uso de Suelos,Excretas en pasturas,Bovinos de Carne,3D2aiii1b,4,"1,08",Emisión
5847,2012,1,Uso de Suelos,Excretas en pasturas,Bovinos de Carne,3D2aiii1b,4,"1,11",Emisión
5848,2013,1,Uso de Suelos,Excretas en pasturas,Bovinos de Carne,3D2aiii1b,4,"1,13",Emisión
5849,2014,1,Uso de Suelos,Excretas en pasturas,Bovinos de Carne,3D2aiii1b,4,"1,15",Emisión
5850,2015,1,Uso de Suelos,Excretas en pasturas,Bovinos de Carne,3D2aiii1b,4,"1,14",Emisión
5851,2016,1,Uso de Suelos,Excretas en pasturas,Bovinos de Carne,3D2aiii1b,4,"1,15",Emisión
5852,2017,1,Uso de Suelos,Excretas en pasturas,Bovinos de Carne,3D2aiii1b,4,"1,19",Emisión
5853,2018,1,Uso de Suelos,Excretas en pasturas,Bovinos de Carne,3D2aiii1b,4,"1,19",Emisión
5854,2019,1,Uso de Suelos,Excretas en pasturas,Bovinos de Carne,3D2aiii1b,4,"1,2",Emisión
5855,2020,1,Uso de Suelos,Excretas en pasturas,Bovinos de Carne,3D2aiii1b,4,"1,18",Emisión
5856,2021,1,Uso de Suelos,Excretas en pasturas,Bovinos de Carne,3D2aiii1b,4,"1,19",Emisión
5857,2022,1,Uso de Suelos,Excretas en pasturas,Bovinos de Carne,3D2aiii1b,4,"1,18",Emisión
5858,1990,1,Uso de Suelos,Excretas en pasturas,Otras Ganaderías,3D2aiii2,4,"0,06",Emisión
5859,1991,1,Uso de Suelos,Excretas en pasturas,Otras Ganaderías,3D2aiii2,4,"0,06",Emisión
5860,1992,1,Uso de Suelos,Excretas en pasturas,Otras Ganaderías,3D2aiii2,4,"0,06",Emisión
5861,1993,1,Uso de Suelos,Excretas en pasturas,Otras Ganaderías,3D2aiii2,4,"0,06",Emisión
5862,1994,1,Uso de Suelos,Excretas en pasturas,Otras Ganaderías,3D2aiii2,4,"0,05",Emisión
5863,1995,1,Uso de Suelos,Excretas en pasturas,Otras Ganaderías,3D2aiii2,4,"0,05",Emisión
5864,1996,1,Uso de Suelos,Excretas en pasturas,Otras Ganaderías,3D2aiii2,4,"0,05",Emisión
5865,1997,1,Uso de Suelos,Excretas en pasturas,Otras Ganaderías,3D2aiii2,4,"0,04",Emisión
5866,1998,1,Uso de Suelos,Excretas en pasturas,Otras Ganaderías,3D2aiii2,4,"0,04",Emisión
5867,1999,1,Uso de Suelos,Excretas en pasturas,Otras Ganaderías,3D2aiii2,4,"0,04",Emisión
5868,2000,1,Uso de Suelos,Excretas en pasturas,Otras Ganaderías,3D2aiii2,4,"0,04",Emisión
5869,2001,1,Uso de Suelos,Excretas en pasturas,Otras Ganaderías,3D2aiii2,4,"0,04",Emisión
5870,2002,1,Uso de Suelos,Excretas en pasturas,Otras Ganaderías,3D2aiii2,4,"0,04",Emisión
5871,2003,1,Uso de Suelos,Excretas en pasturas,Otras Ganaderías,3D2aiii2,4,"0,04",Emisión
5872,2004,1,Uso de Suelos,Excretas en pasturas,Otras Ganaderías,3D2aiii2,4,"0,05",Emisión
5873,2005,1,Uso de Suelos,Excretas en pasturas,Otras Ganaderías,3D2aiii2,4,"0,05",Emisión
5874,2006,1,Uso de Suelos,Excretas en pasturas,Otras Ganaderías,3D2aiii2,4,"0,05",Emisión
5875,2007,1,Uso de Suelos,Excretas en pasturas,Otras Ganaderías,3D2aiii2,4,"0,05",Emisión
5876,2008,1,Uso de Suelos,Excretas en pasturas,Otras Ganaderías,3D2aiii2,4,"0,05",Emisión
5877,2009,1,Uso de Suelos,Excretas en pasturas,Otras Ganaderías,3D2aiii2,4,"0,05",Emisión
5878,2010,1,Uso de Suelos,Excretas en pasturas,Otras Ganaderías,3D2aiii2,4,"0,05",Emisión
5879,2011,1,Uso de Suelos,Excretas en pasturas,Otras Ganaderías,3D2aiii2,4,"0,05",Emisión
5880,2012,1,Uso de Suelos,Excretas en pasturas,Otras Ganaderías,3D2aiii2,4,"0,05",Emisión
5881,2013,1,Uso de Suelos,Excretas en pasturas,Otras Ganaderías,3D2aiii2,4,"0,05",Emisión
5882,2014,1,Uso de Suelos,Excretas en pasturas,Otras Ganaderías,3D2aiii2,4,"0,05",Emisión
5883,2015,1,Uso de Suelos,Excretas en pasturas,Otras Ganaderías,3D2aiii2,4,"0,05",Emisión
5884,2016,1,Uso de Suelos,Excretas en pasturas,Otras Ganaderías,3D2aiii2,4,"0,05",Emisión
5885,2017,1,Uso de Suelos,Excretas en pasturas,Otras Ganaderías,3D2aiii2,4,"0,05",Emisión
5886,2018,1,Uso de Suelos,Excretas en pasturas,Otras Ganaderías,3D2aiii2,4,"0,05",Emisión
5887,2019,1,Uso de Suelos,Excretas en pasturas,Otras Ganaderías,3D2aiii2,4,"0,05",Emisión
5888,2020,1,Uso de Suelos,Excretas en pasturas,Otras Ganaderías,3D2aiii2,4,"0,05",Emisión
5889,2021,1,Uso de Suelos,Excretas en pasturas,Otras Ganaderías,3D2aiii2,4,"0,04",Emisión
5890,2022,1,Uso de Suelos,Excretas en pasturas,Otras Ganaderías,3D2aiii2,4,"0,04",Emisión
5891,1990,1,Uso de Suelos,Excretas en pasturas,Otras Ganaderías,3D2aiii3,4,"0,01",Emisión
5892,1991,1,Uso de Suelos,Excretas en pasturas,Otras Ganaderías,3D2aiii3,4,"0,01",Emisión
5893,1992,1,Uso de Suelos,Excretas en pasturas,Otras Ganaderías,3D2aiii3,4,"0,01",Emisión
5894,1993,1,Uso de Suelos,Excretas en pasturas,Otras Ganaderías,3D2aiii3,4,"0,01",Emisión
5895,1994,1,Uso de Suelos,Excretas en pasturas,Otras Ganaderías,3D2aiii3,4,"0,01",Emisión
5896,1995,1,Uso de Suelos,Excretas en pasturas,Otras Ganaderías,3D2aiii3,4,"0,01",Emisión
5897,1996,1,Uso de Suelos,Excretas en pasturas,Otras Ganaderías,3D2aiii3,4,"0,01",Emisión
5898,1997,1,Uso de Suelos,Excretas en pasturas,Otras Ganaderías,3D2aiii3,4,"0,01",Emisión
5899,1998,1,Uso de Suelos,Excretas en pasturas,Otras Ganaderías,3D2aiii3,4,"0,01",Emisión
5900,1999,1,Uso de Suelos,Excretas en pasturas,Otras Ganaderías,3D2aiii3,4,"0,01",Emisión
5901,2000,1,Uso de Suelos,Excretas en pasturas,Otras Ganaderías,3D2aiii3,4,"0,01",Emisión
5902,2001,1,Uso de Suelos,Excretas en pasturas,Otras Ganaderías,3D2aiii3,4,"0,01",Emisión
5903,2002,1,Uso de Suelos,Excretas en pasturas,Otras Ganaderías,3D2aiii3,4,"0,01",Emisión
5904,2003,1,Uso de Suelos,Excretas en pasturas,Otras Ganaderías,3D2aiii3,4,"0,01",Emisión
5905,2004,1,Uso de Suelos,Excretas en pasturas,Otras Ganaderías,3D2aiii3,4,"0,01",Emisión
5906,2005,1,Uso de Suelos,Excretas en pasturas,Otras Ganaderías,3D2aiii3,4,"0,01",Emisión
5907,2006,1,Uso de Suelos,Excretas en pasturas,Otras Ganaderías,3D2aiii3,4,"0,01",Emisión
5908,2007,1,Uso de Suelos,Excretas en pasturas,Otras Ganaderías,3D2aiii3,4,"0,01",Emisión
5909,2008,1,Uso de Suelos,Excretas en pasturas,Otras Ganaderías,3D2aiii3,4,"0,01",Emisión
5910,2009,1,Uso de Suelos,Excretas en pasturas,Otras Ganaderías,3D2aiii3,4,"0,01",Emisión
5911,2010,1,Uso de Suelos,Excretas en pasturas,Otras Ganaderías,3D2aiii3,4,"0,01",Emisión
5912,2011,1,Uso de Suelos,Excretas en pasturas,Otras Ganaderías,3D2aiii3,4,"0,01",Emisión
5913,2012,1,Uso de Suelos,Excretas en pasturas,Otras Ganaderías,3D2aiii3,4,"0,02",Emisión
5914,2013,1,Uso de Suelos,Excretas en pasturas,Otras Ganaderías,3D2aiii3,4,"0,02",Emisión
5915,2014,1,Uso de Suelos,Excretas en pasturas,Otras Ganaderías,3D2aiii3,4,"0,02",Emisión
5916,2015,1,Uso de Suelos,Excretas en pasturas,Otras Ganaderías,3D2aiii3,4,"0,02",Emisión
5917,2016,1,Uso de Suelos,Excretas en pasturas,Otras Ganaderías,3D2aiii3,4,"0,02",Emisión
5918,2017,1,Uso de Suelos,Excretas en pasturas,Otras Ganaderías,3D2aiii3,4,"0,02",Emisión
5919,2018,1,Uso de Suelos,Excretas en pasturas,Otras Ganaderías,3D2aiii3,4,"0,02",Emisión
5920,2019,1,Uso de Suelos,Excretas en pasturas,Otras Ganaderías,3D2aiii3,4,"0,02",Emisión
5921,2020,1,Uso de Suelos,Excretas en pasturas,Otras Ganaderías,3D2aiii3,4,"0,02",Emisión
5922,2021,1,Uso de Suelos,Excretas en pasturas,Otras Ganaderías,3D2aiii3,4,"0,02",Emisión
5923,2022,1,Uso de Suelos,Excretas en pasturas,Otras Ganaderías,3D2aiii3,4,"0,03",Emisión
5924,1990,1,Uso de Suelos,Excretas en pasturas,Otras Ganaderías,3D2aiii4a,4,"0,0",Sin emisión/remoción
5925,1991,1,Uso de Suelos,Excretas en pasturas,Otras Ganaderías,3D2aiii4a,4,"0,0",Sin emisión/remoción
5926,1992,1,Uso de Suelos,Excretas en pasturas,Otras Ganaderías,3D2aiii4a,4,"0,0",Sin emisión/remoción
5927,1993,1,Uso de Suelos,Excretas en pasturas,Otras Ganaderías,3D2aiii4a,4,"0,0",Sin emisión/remoción
5928,1994,1,Uso de Suelos,Excretas en pasturas,Otras Ganaderías,3D2aiii4a,4,"0,0",Sin emisión/remoción
5929,1995,1,Uso de Suelos,Excretas en pasturas,Otras Ganaderías,3D2aiii4a,4,"0,0",Sin emisión/remoción
5930,1996,1,Uso de Suelos,Excretas en pasturas,Otras Ganaderías,3D2aiii4a,4,"0,0",Sin emisión/remoción
5931,1997,1,Uso de Suelos,Excretas en pasturas,Otras Ganaderías,3D2aiii4a,4,"0,0",Sin emisión/remoción
5932,1998,1,Uso de Suelos,Excretas en pasturas,Otras Ganaderías,3D2aiii4a,4,"0,0",Sin emisión/remoción
5933,1999,1,Uso de Suelos,Excretas en pasturas,Otras Ganaderías,3D2aiii4a,4,"0,0",Sin emisión/remoción
5934,2000,1,Uso de Suelos,Excretas en pasturas,Otras Ganaderías,3D2aiii4a,4,"0,0",Sin emisión/remoción
5935,2001,1,Uso de Suelos,Excretas en pasturas,Otras Ganaderías,3D2aiii4a,4,"0,0",Sin emisión/remoción
5936,2002,1,Uso de Suelos,Excretas en pasturas,Otras Ganaderías,3D2aiii4a,4,"0,0",Sin emisión/remoción
5937,2003,1,Uso de Suelos,Excretas en pasturas,Otras Ganaderías,3D2aiii4a,4,"0,0",Sin emisión/remoción
5938,2004,1,Uso de Suelos,Excretas en pasturas,Otras Ganaderías,3D2aiii4a,4,"0,0",Sin emisión/remoción
5939,2005,1,Uso de Suelos,Excretas en pasturas,Otras Ganaderías,3D2aiii4a,4,"0,0",Sin emisión/remoción
5940,2006,1,Uso de Suelos,Excretas en pasturas,Otras Ganaderías,3D2aiii4a,4,"0,0",Sin emisión/remoción
5941,2007,1,Uso de Suelos,Excretas en pasturas,Otras Ganaderías,3D2aiii4a,4,"0,0",Sin emisión/remoción
5942,2008,1,Uso de Suelos,Excretas en pasturas,Otras Ganaderías,3D2aiii4a,4,"0,0",Sin emisión/remoción
5943,2009,1,Uso de Suelos,Excretas en pasturas,Otras Ganaderías,3D2aiii4a,4,"0,0",Sin emisión/remoción
5944,2010,1,Uso de Suelos,Excretas en pasturas,Otras Ganaderías,3D2aiii4a,4,"0,0",Sin emisión/remoción
5945,2011,1,Uso de Suelos,Excretas en pasturas,Otras Ganaderías,3D2aiii4a,4,"0,0",Sin emisión/remoción
5946,2012,1,Uso de Suelos,Excretas en pasturas,Otras Ganaderías,3D2aiii4a,4,"0,0",Sin emisión/remoción
5947,2013,1,Uso de Suelos,Excretas en pasturas,Otras Ganaderías,3D2aiii4a,4,"0,0",Sin emisión/remoción
5948,2014,1,Uso de Suelos,Excretas en pasturas,Otras Ganaderías,3D2aiii4a,4,"0,0",Sin emisión/remoción
5949,2015,1,Uso de Suelos,Excretas en pasturas,Otras Ganaderías,3D2aiii4a,4,"0,0",Sin emisión/remoción
5950,2016,1,Uso de Suelos,Excretas en pasturas,Otras Ganaderías,3D2aiii4a,4,"0,0",Sin emisión/remoción
5951,2017,1,Uso de Suelos,Excretas en pasturas,Otras Ganaderías,3D2aiii4a,4,"0,0",Sin emisión/remoción
5952,2018,1,Uso de Suelos,Excretas en pasturas,Otras Ganaderías,3D2aiii4a,4,"0,0",Sin emisión/remoción
5953,2019,1,Uso de Suelos,Excretas en pasturas,Otras Ganaderías,3D2aiii4a,4,"0,01",Emisión
5954,2020,1,Uso de Suelos,Excretas en pasturas,Otras Ganaderías,3D2aiii4a,4,"0,01",Emisión
5955,2021,1,Uso de Suelos,Excretas en pasturas,Otras Ganaderías,3D2aiii4a,4,"0,01",Emisión
5956,2022,1,Uso de Suelos,Excretas en pasturas,Otras Ganaderías,3D2aiii4a,4,"0,01",Emisión
5957,1990,1,Uso de Suelos,Excretas en pasturas,Otras Ganaderías,3D2aiii4b,4,"0,0",Sin emisión/remoción
5958,1991,1,Uso de Suelos,Excretas en pasturas,Otras Ganaderías,3D2aiii4b,4,"0,0",Sin emisión/remoción
5959,1992,1,Uso de Suelos,Excretas en pasturas,Otras Ganaderías,3D2aiii4b,4,"0,0",Sin emisión/remoción
5960,1993,1,Uso de Suelos,Excretas en pasturas,Otras Ganaderías,3D2aiii4b,4,"0,0",Sin emisión/remoción
5961,1994,1,Uso de Suelos,Excretas en pasturas,Otras Ganaderías,3D2aiii4b,4,"0,0",Sin emisión/remoción
5962,1995,1,Uso de Suelos,Excretas en pasturas,Otras Ganaderías,3D2aiii4b,4,"0,0",Sin emisión/remoción
5963,1996,1,Uso de Suelos,Excretas en pasturas,Otras Ganaderías,3D2aiii4b,4,"0,0",Sin emisión/remoción
5964,1997,1,Uso de Suelos,Excretas en pasturas,Otras Ganaderías,3D2aiii4b,4,"0,0",Sin emisión/remoción
5965,1998,1,Uso de Suelos,Excretas en pasturas,Otras Ganaderías,3D2aiii4b,4,"0,0",Sin emisión/remoción
5966,1999,1,Uso de Suelos,Excretas en pasturas,Otras Ganaderías,3D2aiii4b,4,"0,0",Sin emisión/remoción
5967,2000,1,Uso de Suelos,Excretas en pasturas,Otras Ganaderías,3D2aiii4b,4,"0,0",Sin emisión/remoción
5968,2001,1,Uso de Suelos,Excretas en pasturas,Otras Ganaderías,3D2aiii4b,4,"0,0",Sin emisión/remoción
5969,2002,1,Uso de Suelos,Excretas en pasturas,Otras Ganaderías,3D2aiii4b,4,"0,0",Sin emisión/remoción
5970,2003,1,Uso de Suelos,Excretas en pasturas,Otras Ganaderías,3D2aiii4b,4,"0,0",Sin emisión/remoción
5971,2004,1,Uso de Suelos,Excretas en pasturas,Otras Ganaderías,3D2aiii4b,4,"0,0",Sin emisión/remoción
5972,2005,1,Uso de Suelos,Excretas en pasturas,Otras Ganaderías,3D2aiii4b,4,"0,0",Sin emisión/remoción
5973,2006,1,Uso de Suelos,Excretas en pasturas,Otras Ganaderías,3D2aiii4b,4,"0,0",Sin emisión/remoción
5974,2007,1,Uso de Suelos,Excretas en pasturas,Otras Ganaderías,3D2aiii4b,4,"0,0",Sin emisión/remoción
5975,2008,1,Uso de Suelos,Excretas en pasturas,Otras Ganaderías,3D2aiii4b,4,"0,0",Sin emisión/remoción
5976,2009,1,Uso de Suelos,Excretas en pasturas,Otras Ganaderías,3D2aiii4b,4,"0,0",Sin emisión/remoción
5977,2010,1,Uso de Suelos,Excretas en pasturas,Otras Ganaderías,3D2aiii4b,4,"0,0",Sin emisión/remoción
5978,2011,1,Uso de Suelos,Excretas en pasturas,Otras Ganaderías,3D2aiii4b,4,"0,0",Sin emisión/remoción
5979,2012,1,Uso de Suelos,Excretas en pasturas,Otras Ganaderías,3D2aiii4b,4,"0,0",Sin emisión/remoción
5980,2013,1,Uso de Suelos,Excretas en pasturas,Otras Ganaderías,3D2aiii4b,4,"0,0",Sin emisión/remoción
5981,2014,1,Uso de Suelos,Excretas en pasturas,Otras Ganaderías,3D2aiii4b,4,"0,0",Sin emisión/remoción
5982,2015,1,Uso de Suelos,Excretas en pasturas,Otras Ganaderías,3D2aiii4b,4,"0,0",Sin emisión/remoción
5983,2016,1,Uso de Suelos,Excretas en pasturas,Otras Ganaderías,3D2aiii4b,4,"0,0",Sin emisión/remoción
5984,2017,1,Uso de Suelos,Excretas en pasturas,Otras Ganaderías,3D2aiii4b,4,"0,0",Sin emisión/remoción
5985,2018,1,Uso de Suelos,Excretas en pasturas,Otras Ganaderías,3D2aiii4b,4,"0,0",Sin emisión/remoción
5986,2019,1,Uso de Suelos,Excretas en pasturas,Otras Ganaderías,3D2aiii4b,4,"0,0",Sin emisión/remoción
5987,2020,1,Uso de Suelos,Excretas en pasturas,Otras Ganaderías,3D2aiii4b,4,"0,0",Sin emisión/remoción
5988,2021,1,Uso de Suelos,Excretas en pasturas,Otras Ganaderías,3D2aiii4b,4,"0,0",Sin emisión/remoción
5989,2022,1,Uso de Suelos,Excretas en pasturas,Otras Ganaderías,3D2aiii4b,4,"0,0",Sin emisión/remoción
5990,1990,1,Uso de Suelos,Excretas en pasturas,Otras Ganaderías,3D2aiii4d,4,"0,01",Emisión
5991,1991,1,Uso de Suelos,Excretas en pasturas,Otras Ganaderías,3D2aiii4d,4,"0,01",Emisión
5992,1992,1,Uso de Suelos,Excretas en pasturas,Otras Ganaderías,3D2aiii4d,4,"0,01",Emisión
5993,1993,1,Uso de Suelos,Excretas en pasturas,Otras Ganaderías,3D2aiii4d,4,"0,01",Emisión
5994,1994,1,Uso de Suelos,Excretas en pasturas,Otras Ganaderías,3D2aiii4d,4,"0,01",Emisión
5995,1995,1,Uso de Suelos,Excretas en pasturas,Otras Ganaderías,3D2aiii4d,4,"0,01",Emisión
5996,1996,1,Uso de Suelos,Excretas en pasturas,Otras Ganaderías,3D2aiii4d,4,"0,01",Emisión
5997,1997,1,Uso de Suelos,Excretas en pasturas,Otras Ganaderías,3D2aiii4d,4,"0,01",Emisión
5998,1998,1,Uso de Suelos,Excretas en pasturas,Otras Ganaderías,3D2aiii4d,4,"0,01",Emisión
5999,1999,1,Uso de Suelos,Excretas en pasturas,Otras Ganaderías,3D2aiii4d,4,"0,01",Emisión
6000,2000,1,Uso de Suelos,Excretas en pasturas,Otras Ganaderías,3D2aiii4d,4,"0,01",Emisión
6001,2001,1,Uso de Suelos,Excretas en pasturas,Otras Ganaderías,3D2aiii4d,4,"0,01",Emisión
6002,2002,1,Uso de Suelos,Excretas en pasturas,Otras Ganaderías,3D2aiii4d,4,"0,01",Emisión
6003,2003,1,Uso de Suelos,Excretas en pasturas,Otras Ganaderías,3D2aiii4d,4,"0,01",Emisión
6004,2004,1,Uso de Suelos,Excretas en pasturas,Otras Ganaderías,3D2aiii4d,4,"0,01",Emisión
6005,2005,1,Uso de Suelos,Excretas en pasturas,Otras Ganaderías,3D2aiii4d,4,"0,01",Emisión
6006,2006,1,Uso de Suelos,Excretas en pasturas,Otras Ganaderías,3D2aiii4d,4,"0,01",Emisión
6007,2007,1,Uso de Suelos,Excretas en pasturas,Otras Ganaderías,3D2aiii4d,4,"0,01",Emisión
6008,2008,1,Uso de Suelos,Excretas en pasturas,Otras Ganaderías,3D2aiii4d,4,"0,01",Emisión
6009,2009,1,Uso de Suelos,Excretas en pasturas,Otras Ganaderías,3D2aiii4d,4,"0,01",Emisión
6010,2010,1,Uso de Suelos,Excretas en pasturas,Otras Ganaderías,3D2aiii4d,4,"0,01",Emisión
6011,2011,1,Uso de Suelos,Excretas en pasturas,Otras Ganaderías,3D2aiii4d,4,"0,01",Emisión
6012,2012,1,Uso de Suelos,Excretas en pasturas,Otras Ganaderías,3D2aiii4d,4,"0,01",Emisión
6013,2013,1,Uso de Suelos,Excretas en pasturas,Otras Ganaderías,3D2aiii4d,4,"0,01",Emisión
6014,2014,1,Uso de Suelos,Excretas en pasturas,Otras Ganaderías,3D2aiii4d,4,"0,01",Emisión
6015,2015,1,Uso de Suelos,Excretas en pasturas,Otras Ganaderías,3D2aiii4d,4,"0,01",Emisión
6016,2016,1,Uso de Suelos,Excretas en pasturas,Otras Ganaderías,3D2aiii4d,4,"0,01",Emisión
6017,2017,1,Uso de Suelos,Excretas en pasturas,Otras Ganaderías,3D2aiii4d,4,"0,01",Emisión
6018,2018,1,Uso de Suelos,Excretas en pasturas,Otras Ganaderías,3D2aiii4d,4,"0,01",Emisión
6019,2019,1,Uso de Suelos,Excretas en pasturas,Otras Ganaderías,3D2aiii4d,4,"0,01",Emisión
6020,2020,1,Uso de Suelos,Excretas en pasturas,Otras Ganaderías,3D2aiii4d,4,"0,01",Emisión
6021,1990,1,Uso de Suelos,Excretas en pasturas,Otras Ganaderías,3D2aiii4e,4,"0,07",Emisión
6022,1991,1,Uso de Suelos,Excretas en pasturas,Otras Ganaderías,3D2aiii4e,4,"0,07",Emisión
6023,1992,1,Uso de Suelos,Excretas en pasturas,Otras Ganaderías,3D2aiii4e,4,"0,07",Emisión
6024,1993,1,Uso de Suelos,Excretas en pasturas,Otras Ganaderías,3D2aiii4e,4,"0,07",Emisión
6025,1994,1,Uso de Suelos,Excretas en pasturas,Otras Ganaderías,3D2aiii4e,4,"0,07",Emisión
6026,1995,1,Uso de Suelos,Excretas en pasturas,Otras Ganaderías,3D2aiii4e,4,"0,07",Emisión
6027,1996,1,Uso de Suelos,Excretas en pasturas,Otras Ganaderías,3D2aiii4e,4,"0,07",Emisión
6028,1997,1,Uso de Suelos,Excretas en pasturas,Otras Ganaderías,3D2aiii4e,4,"0,07",Emisión
6029,1998,1,Uso de Suelos,Excretas en pasturas,Otras Ganaderías,3D2aiii4e,4,"0,07",Emisión
6030,1999,1,Uso de Suelos,Excretas en pasturas,Otras Ganaderías,3D2aiii4e,4,"0,07",Emisión
6031,2000,1,Uso de Suelos,Excretas en pasturas,Otras Ganaderías,3D2aiii4e,4,"0,07",Emisión
6032,2001,1,Uso de Suelos,Excretas en pasturas,Otras Ganaderías,3D2aiii4e,4,"0,07",Emisión
6033,2002,1,Uso de Suelos,Excretas en pasturas,Otras Ganaderías,3D2aiii4e,4,"0,07",Emisión
6034,2003,1,Uso de Suelos,Excretas en pasturas,Otras Ganaderías,3D2aiii4e,4,"0,07",Emisión
6035,2004,1,Uso de Suelos,Excretas en pasturas,Otras Ganaderías,3D2aiii4e,4,"0,07",Emisión
6036,2005,1,Uso de Suelos,Excretas en pasturas,Otras Ganaderías,3D2aiii4e,4,"0,07",Emisión
6037,2006,1,Uso de Suelos,Excretas en pasturas,Otras Ganaderías,3D2aiii4e,4,"0,07",Emisión
6038,2007,1,Uso de Suelos,Excretas en pasturas,Otras Ganaderías,3D2aiii4e,4,"0,07",Emisión
6039,2008,1,Uso de Suelos,Excretas en pasturas,Otras Ganaderías,3D2aiii4e,4,"0,07",Emisión
6040,2009,1,Uso de Suelos,Excretas en pasturas,Otras Ganaderías,3D2aiii4e,4,"0,07",Emisión
6041,2010,1,Uso de Suelos,Excretas en pasturas,Otras Ganaderías,3D2aiii4e,4,"0,07",Emisión
6042,2011,1,Uso de Suelos,Excretas en pasturas,Otras Ganaderías,3D2aiii4e,4,"0,07",Emisión
6043,2012,1,Uso de Suelos,Excretas en pasturas,Otras Ganaderías,3D2aiii4e,4,"0,07",Emisión
6044,2013,1,Uso de Suelos,Excretas en pasturas,Otras Ganaderías,3D2aiii4e,4,"0,08",Emisión
6045,2014,1,Uso de Suelos,Excretas en pasturas,Otras Ganaderías,3D2aiii4e,4,"0,08",Emisión
6046,2015,1,Uso de Suelos,Excretas en pasturas,Otras Ganaderías,3D2aiii4e,4,"0,09",Emisión
6047,2016,1,Uso de Suelos,Excretas en pasturas,Otras Ganaderías,3D2aiii4e,4,"0,09",Emisión
6048,2017,1,Uso de Suelos,Excretas en pasturas,Otras Ganaderías,3D2aiii4e,4,"0,09",Emisión
6049,2018,1,Uso de Suelos,Excretas en pasturas,Otras Ganaderías,3D2aiii4e,4,"0,09",Emisión
6050,2019,1,Uso de Suelos,Excretas en pasturas,Otras Ganaderías,3D2aiii4e,4,"0,09",Emisión
6051,2020,1,Uso de Suelos,Excretas en pasturas,Otras Ganaderías,3D2aiii4e,4,"0,09",Emisión
6052,2021,1,Uso de Suelos,Excretas en pasturas,Otras Ganaderías,3D2aiii4e,4,"0,09",Emisión
6053,2022,1,Uso de Suelos,Excretas en pasturas,Otras Ganaderías,3D2aiii4e,4,"0,09",Emisión
6054,1990,1,Uso de Suelos,Excretas en pasturas,Otras Ganaderías,3D2aiii4f,4,"0,0",Sin emisión/remoción
6055,1991,1,Uso de Suelos,Excretas en pasturas,Otras Ganaderías,3D2aiii4f,4,"0,0",Sin emisión/remoción
6056,1992,1,Uso de Suelos,Excretas en pasturas,Otras Ganaderías,3D2aiii4f,4,"0,0",Sin emisión/remoción
6057,1993,1,Uso de Suelos,Excretas en pasturas,Otras Ganaderías,3D2aiii4f,4,"0,0",Sin emisión/remoción
6058,1994,1,Uso de Suelos,Excretas en pasturas,Otras Ganaderías,3D2aiii4f,4,"0,0",Sin emisión/remoción
6059,1995,1,Uso de Suelos,Excretas en pasturas,Otras Ganaderías,3D2aiii4f,4,"0,0",Sin emisión/remoción
6060,1996,1,Uso de Suelos,Excretas en pasturas,Otras Ganaderías,3D2aiii4f,4,"0,0",Sin emisión/remoción
6061,1997,1,Uso de Suelos,Excretas en pasturas,Otras Ganaderías,3D2aiii4f,4,"0,0",Sin emisión/remoción
6062,1998,1,Uso de Suelos,Excretas en pasturas,Otras Ganaderías,3D2aiii4f,4,"0,0",Sin emisión/remoción
6063,1999,1,Uso de Suelos,Excretas en pasturas,Otras Ganaderías,3D2aiii4f,4,"0,0",Sin emisión/remoción
6064,2000,1,Uso de Suelos,Excretas en pasturas,Otras Ganaderías,3D2aiii4f,4,"0,0",Sin emisión/remoción
6065,2001,1,Uso de Suelos,Excretas en pasturas,Otras Ganaderías,3D2aiii4f,4,"0,0",Sin emisión/remoción
6066,2002,1,Uso de Suelos,Excretas en pasturas,Otras Ganaderías,3D2aiii4f,4,"0,0",Sin emisión/remoción
6067,2003,1,Uso de Suelos,Excretas en pasturas,Otras Ganaderías,3D2aiii4f,4,"0,0",Sin emisión/remoción
6068,2004,1,Uso de Suelos,Excretas en pasturas,Otras Ganaderías,3D2aiii4f,4,"0,0",Sin emisión/remoción
6069,2005,1,Uso de Suelos,Excretas en pasturas,Otras Ganaderías,3D2aiii4f,4,"0,0",Sin emisión/remoción
6070,2006,1,Uso de Suelos,Excretas en pasturas,Otras Ganaderías,3D2aiii4f,4,"0,0",Sin emisión/remoción
6071,2007,1,Uso de Suelos,Excretas en pasturas,Otras Ganaderías,3D2aiii4f,4,"0,0",Sin emisión/remoción
6072,2008,1,Uso de Suelos,Excretas en pasturas,Otras Ganaderías,3D2aiii4f,4,"0,0",Sin emisión/remoción
6073,2009,1,Uso de Suelos,Excretas en pasturas,Otras Ganaderías,3D2aiii4f,4,"0,0",Sin emisión/remoción
6074,2010,1,Uso de Suelos,Excretas en pasturas,Otras Ganaderías,3D2aiii4f,4,"0,0",Sin emisión/remoción
6075,2011,1,Uso de Suelos,Excretas en pasturas,Otras Ganaderías,3D2aiii4f,4,"0,0",Sin emisión/remoción
6076,2012,1,Uso de Suelos,Excretas en pasturas,Otras Ganaderías,3D2aiii4f,4,"0,0",Sin emisión/remoción
6077,2013,1,Uso de Suelos,Excretas en pasturas,Otras Ganaderías,3D2aiii4f,4,"0,0",Sin emisión/remoción
6078,2014,1,Uso de Suelos,Excretas en pasturas,Otras Ganaderías,3D2aiii4f,4,"0,0",Sin emisión/remoción
6079,2015,1,Uso de Suelos,Excretas en pasturas,Otras Ganaderías,3D2aiii4f,4,"0,0",Sin emisión/remoción
6080,2016,1,Uso de Suelos,Excretas en pasturas,Otras Ganaderías,3D2aiii4f,4,"0,0",Sin emisión/remoción
6081,2017,1,Uso de Suelos,Excretas en pasturas,Otras Ganaderías,3D2aiii4f,4,"0,0",Sin emisión/remoción
6082,2018,1,Uso de Suelos,Excretas en pasturas,Otras Ganaderías,3D2aiii4f,4,"0,0",Sin emisión/remoción
6083,2019,1,Uso de Suelos,Excretas en pasturas,Otras Ganaderías,3D2aiii4f,4,"0,0",Sin emisión/remoción
6084,2020,1,Uso de Suelos,Excretas en pasturas,Otras Ganaderías,3D2aiii4f,4,"0,0",Sin emisión/remoción
6085,2021,1,Uso de Suelos,Excretas en pasturas,Otras Ganaderías,3D2aiii4f,4,"0,0",Sin emisión/remoción
6086,2022,1,Uso de Suelos,Excretas en pasturas,Otras Ganaderías,3D2aiii4f,4,"0,0",Sin emisión/remoción
6087,1990,1,Uso de Suelos,Uso de Suelos,Fertilizantes sintéticos,3D2bi,4,"0,11",Emisión
6088,1991,1,Uso de Suelos,Uso de Suelos,Fertilizantes sintéticos,3D2bi,4,"0,11",Emisión
6089,1992,1,Uso de Suelos,Uso de Suelos,Fertilizantes sintéticos,3D2bi,4,"0,11",Emisión
6090,1993,1,Uso de Suelos,Uso de Suelos,Fertilizantes sintéticos,3D2bi,4,"0,11",Emisión
6091,1994,1,Uso de Suelos,Uso de Suelos,Fertilizantes sintéticos,3D2bi,4,"0,17",Emisión
6092,1995,1,Uso de Suelos,Uso de Suelos,Fertilizantes sintéticos,3D2bi,4,"0,19",Emisión
6093,1996,1,Uso de Suelos,Uso de Suelos,Fertilizantes sintéticos,3D2bi,4,"0,33",Emisión
6094,1997,1,Uso de Suelos,Uso de Suelos,Fertilizantes sintéticos,3D2bi,4,"0,31",Emisión
6095,1998,1,Uso de Suelos,Uso de Suelos,Fertilizantes sintéticos,3D2bi,4,"0,31",Emisión
6096,1999,1,Uso de Suelos,Uso de Suelos,Fertilizantes sintéticos,3D2bi,4,"0,42",Emisión
6097,2000,1,Uso de Suelos,Uso de Suelos,Fertilizantes sintéticos,3D2bi,4,"0,42",Emisión
6098,2001,1,Uso de Suelos,Uso de Suelos,Fertilizantes sintéticos,3D2bi,4,"0,46",Emisión
6099,2002,1,Uso de Suelos,Uso de Suelos,Fertilizantes sintéticos,3D2bi,4,"0,42",Emisión
6100,2003,1,Uso de Suelos,Uso de Suelos,Fertilizantes sintéticos,3D2bi,4,"0,55",Emisión
6101,2004,1,Uso de Suelos,Uso de Suelos,Fertilizantes sintéticos,3D2bi,4,"0,64",Emisión
6102,2005,1,Uso de Suelos,Uso de Suelos,Fertilizantes sintéticos,3D2bi,4,"0,56",Emisión
6103,2006,1,Uso de Suelos,Uso de Suelos,Fertilizantes sintéticos,3D2bi,4,"0,7",Emisión
6104,2007,1,Uso de Suelos,Uso de Suelos,Fertilizantes sintéticos,3D2bi,4,"0,64",Emisión
6105,2008,1,Uso de Suelos,Uso de Suelos,Fertilizantes sintéticos,3D2bi,4,"0,59",Emisión
6106,2009,1,Uso de Suelos,Uso de Suelos,Fertilizantes sintéticos,3D2bi,4,"0,57",Emisión
6107,2010,1,Uso de Suelos,Uso de Suelos,Fertilizantes sintéticos,3D2bi,4,"0,73",Emisión
6108,2011,1,Uso de Suelos,Uso de Suelos,Fertilizantes sintéticos,3D2bi,4,"0,81",Emisión
6109,2012,1,Uso de Suelos,Uso de Suelos,Fertilizantes sintéticos,3D2bi,4,"0,68",Emisión
6110,2013,1,Uso de Suelos,Uso de Suelos,Fertilizantes sintéticos,3D2bi,4,"0,73",Emisión
6111,2014,1,Uso de Suelos,Uso de Suelos,Fertilizantes sintéticos,3D2bi,4,"0,74",Emisión
6112,2015,1,Uso de Suelos,Uso de Suelos,Fertilizantes sintéticos,3D2bi,4,"0,56",Emisión
6113,2016,1,Uso de Suelos,Uso de Suelos,Fertilizantes sintéticos,3D2bi,4,"0,86",Emisión
6114,2017,1,Uso de Suelos,Uso de Suelos,Fertilizantes sintéticos,3D2bi,4,"0,91",Emisión
6115,2018,1,Uso de Suelos,Uso de Suelos,Fertilizantes sintéticos,3D2bi,4,"1,08",Emisión
6116,2019,1,Uso de Suelos,Uso de Suelos,Fertilizantes sintéticos,3D2bi,4,"1,19",Emisión
6117,2020,1,Uso de Suelos,Uso de Suelos,Fertilizantes sintéticos,3D2bi,4,"1,34",Emisión
6118,2021,1,Uso de Suelos,Uso de Suelos,Fertilizantes sintéticos,3D2bi,4,"1,46",Emisión
6119,2022,1,Uso de Suelos,Uso de Suelos,Fertilizantes sintéticos,3D2bi,4,"1,23",Emisión
6120,1990,1,Uso de Suelos,Fertilizantes orgánicos,Bovinos Lecheros,3D2bii1a,4,"0,01",Emisión
6121,1991,1,Uso de Suelos,Fertilizantes orgánicos,Bovinos Lecheros,3D2bii1a,4,"0,01",Emisión
6122,1992,1,Uso de Suelos,Fertilizantes orgánicos,Bovinos Lecheros,3D2bii1a,4,"0,01",Emisión
6123,1993,1,Uso de Suelos,Fertilizantes orgánicos,Bovinos Lecheros,3D2bii1a,4,"0,01",Emisión
6124,1994,1,Uso de Suelos,Fertilizantes orgánicos,Bovinos Lecheros,3D2bii1a,4,"0,01",Emisión
6125,1995,1,Uso de Suelos,Fertilizantes orgánicos,Bovinos Lecheros,3D2bii1a,4,"0,01",Emisión
6126,1996,1,Uso de Suelos,Fertilizantes orgánicos,Bovinos Lecheros,3D2bii1a,4,"0,01",Emisión
6127,1997,1,Uso de Suelos,Fertilizantes orgánicos,Bovinos Lecheros,3D2bii1a,4,"0,01",Emisión
6128,1998,1,Uso de Suelos,Fertilizantes orgánicos,Bovinos Lecheros,3D2bii1a,4,"0,01",Emisión
6129,1999,1,Uso de Suelos,Fertilizantes orgánicos,Bovinos Lecheros,3D2bii1a,4,"0,02",Emisión
6130,2000,1,Uso de Suelos,Fertilizantes orgánicos,Bovinos Lecheros,3D2bii1a,4,"0,01",Emisión
6131,2001,1,Uso de Suelos,Fertilizantes orgánicos,Bovinos Lecheros,3D2bii1a,4,"0,01",Emisión
6132,2002,1,Uso de Suelos,Fertilizantes orgánicos,Bovinos Lecheros,3D2bii1a,4,"0,01",Emisión
6133,2003,1,Uso de Suelos,Fertilizantes orgánicos,Bovinos Lecheros,3D2bii1a,4,"0,01",Emisión
6134,2004,1,Uso de Suelos,Fertilizantes orgánicos,Bovinos Lecheros,3D2bii1a,4,"0,01",Emisión
6135,2005,1,Uso de Suelos,Fertilizantes orgánicos,Bovinos Lecheros,3D2bii1a,4,"0,01",Emisión
6136,2006,1,Uso de Suelos,Fertilizantes orgánicos,Bovinos Lecheros,3D2bii1a,4,"0,01",Emisión
6137,2007,1,Uso de Suelos,Fertilizantes orgánicos,Bovinos Lecheros,3D2bii1a,4,"0,01",Emisión
6138,2008,1,Uso de Suelos,Fertilizantes orgánicos,Bovinos Lecheros,3D2bii1a,4,"0,01",Emisión
6139,2009,1,Uso de Suelos,Fertilizantes orgánicos,Bovinos Lecheros,3D2bii1a,4,"0,01",Emisión
6140,2010,1,Uso de Suelos,Fertilizantes orgánicos,Bovinos Lecheros,3D2bii1a,4,"0,01",Emisión
6141,2011,1,Uso de Suelos,Fertilizantes orgánicos,Bovinos Lecheros,3D2bii1a,4,"0,02",Emisión
6142,2012,1,Uso de Suelos,Fertilizantes orgánicos,Bovinos Lecheros,3D2bii1a,4,"0,02",Emisión
6143,2013,1,Uso de Suelos,Fertilizantes orgánicos,Bovinos Lecheros,3D2bii1a,4,"0,02",Emisión
6144,2014,1,Uso de Suelos,Fertilizantes orgánicos,Bovinos Lecheros,3D2bii1a,4,"0,02",Emisión
6145,2015,1,Uso de Suelos,Fertilizantes orgánicos,Bovinos Lecheros,3D2bii1a,4,"0,02",Emisión
6146,2016,1,Uso de Suelos,Fertilizantes orgánicos,Bovinos Lecheros,3D2bii1a,4,"0,01",Emisión
6147,2017,1,Uso de Suelos,Fertilizantes orgánicos,Bovinos Lecheros,3D2bii1a,4,"0,01",Emisión
6148,2018,1,Uso de Suelos,Fertilizantes orgánicos,Bovinos Lecheros,3D2bii1a,4,"0,01",Emisión
6149,2019,1,Uso de Suelos,Fertilizantes orgánicos,Bovinos Lecheros,3D2bii1a,4,"0,01",Emisión
6150,2020,1,Uso de Suelos,Fertilizantes orgánicos,Bovinos Lecheros,3D2bii1a,4,"0,01",Emisión
6151,2021,1,Uso de Suelos,Fertilizantes orgánicos,Bovinos Lecheros,3D2bii1a,4,"0,01",Emisión
6152,2022,1,Uso de Suelos,Fertilizantes orgánicos,Bovinos Lecheros,3D2bii1a,4,"0,01",Emisión
6153,1990,1,Uso de Suelos,Fertilizantes orgánicos,Bovinos de Carne,3D2bii1b,4,"0,01",Emisión
6154,1991,1,Uso de Suelos,Fertilizantes orgánicos,Bovinos de Carne,3D2bii1b,4,"0,01",Emisión
6155,1992,1,Uso de Suelos,Fertilizantes orgánicos,Bovinos de Carne,3D2bii1b,4,"0,01",Emisión
6156,1993,1,Uso de Suelos,Fertilizantes orgánicos,Bovinos de Carne,3D2bii1b,4,"0,01",Emisión
6157,1994,1,Uso de Suelos,Fertilizantes orgánicos,Bovinos de Carne,3D2bii1b,4,"0,01",Emisión
6158,1995,1,Uso de Suelos,Fertilizantes orgánicos,Bovinos de Carne,3D2bii1b,4,"0,01",Emisión
6159,1996,1,Uso de Suelos,Fertilizantes orgánicos,Bovinos de Carne,3D2bii1b,4,"0,01",Emisión
6160,1997,1,Uso de Suelos,Fertilizantes orgánicos,Bovinos de Carne,3D2bii1b,4,"0,01",Emisión
6161,1998,1,Uso de Suelos,Fertilizantes orgánicos,Bovinos de Carne,3D2bii1b,4,"0,01",Emisión
6162,1999,1,Uso de Suelos,Fertilizantes orgánicos,Bovinos de Carne,3D2bii1b,4,"0,01",Emisión
6163,2000,1,Uso de Suelos,Fertilizantes orgánicos,Bovinos de Carne,3D2bii1b,4,"0,01",Emisión
6164,2001,1,Uso de Suelos,Fertilizantes orgánicos,Bovinos de Carne,3D2bii1b,4,"0,03",Emisión
6165,2002,1,Uso de Suelos,Fertilizantes orgánicos,Bovinos de Carne,3D2bii1b,4,"0,05",Emisión
6166,2003,1,Uso de Suelos,Fertilizantes orgánicos,Bovinos de Carne,3D2bii1b,4,"0,08",Emisión
6167,2004,1,Uso de Suelos,Fertilizantes orgánicos,Bovinos de Carne,3D2bii1b,4,"0,1",Emisión
6168,2005,1,Uso de Suelos,Fertilizantes orgánicos,Bovinos de Carne,3D2bii1b,4,"0,12",Emisión
6169,2006,1,Uso de Suelos,Fertilizantes orgánicos,Bovinos de Carne,3D2bii1b,4,"0,14",Emisión
6170,2007,1,Uso de Suelos,Fertilizantes orgánicos,Bovinos de Carne,3D2bii1b,4,"0,16",Emisión
6171,2008,1,Uso de Suelos,Fertilizantes orgánicos,Bovinos de Carne,3D2bii1b,4,"0,17",Emisión
6172,2009,1,Uso de Suelos,Fertilizantes orgánicos,Bovinos de Carne,3D2bii1b,4,"0,16",Emisión
6173,2010,1,Uso de Suelos,Fertilizantes orgánicos,Bovinos de Carne,3D2bii1b,4,"0,15",Emisión
6174,2011,1,Uso de Suelos,Fertilizantes orgánicos,Bovinos de Carne,3D2bii1b,4,"0,14",Emisión
6175,2012,1,Uso de Suelos,Fertilizantes orgánicos,Bovinos de Carne,3D2bii1b,4,"0,13",Emisión
6176,2013,1,Uso de Suelos,Fertilizantes orgánicos,Bovinos de Carne,3D2bii1b,4,"0,13",Emisión
6177,2014,1,Uso de Suelos,Fertilizantes orgánicos,Bovinos de Carne,3D2bii1b,4,"0,12",Emisión
6178,2015,1,Uso de Suelos,Fertilizantes orgánicos,Bovinos de Carne,3D2bii1b,4,"0,14",Emisión
6179,2016,1,Uso de Suelos,Fertilizantes orgánicos,Bovinos de Carne,3D2bii1b,4,"0,13",Emisión
6180,2017,1,Uso de Suelos,Fertilizantes orgánicos,Bovinos de Carne,3D2bii1b,4,"0,13",Emisión
6181,2018,1,Uso de Suelos,Fertilizantes orgánicos,Bovinos de Carne,3D2bii1b,4,"0,13",Emisión
6182,2019,1,Uso de Suelos,Fertilizantes orgánicos,Bovinos de Carne,3D2bii1b,4,"0,13",Emisión
6183,2020,1,Uso de Suelos,Fertilizantes orgánicos,Bovinos de Carne,3D2bii1b,4,"0,13",Emisión
6184,2021,1,Uso de Suelos,Fertilizantes orgánicos,Bovinos de Carne,3D2bii1b,4,"0,12",Emisión
6185,2022,1,Uso de Suelos,Fertilizantes orgánicos,Bovinos de Carne,3D2bii1b,4,"0,12",Emisión
6186,1990,1,Uso de Suelos,Fertilizantes orgánicos,Otras Ganaderías,3D2bii3,4,"0,01",Emisión
6187,1991,1,Uso de Suelos,Fertilizantes orgánicos,Otras Ganaderías,3D2bii3,4,"0,01",Emisión
6188,1992,1,Uso de Suelos,Fertilizantes orgánicos,Otras Ganaderías,3D2bii3,4,"0,01",Emisión
6189,1993,1,Uso de Suelos,Fertilizantes orgánicos,Otras Ganaderías,3D2bii3,4,"0,01",Emisión
6190,1994,1,Uso de Suelos,Fertilizantes orgánicos,Otras Ganaderías,3D2bii3,4,"0,01",Emisión
6191,1995,1,Uso de Suelos,Fertilizantes orgánicos,Otras Ganaderías,3D2bii3,4,"0,01",Emisión
6192,1996,1,Uso de Suelos,Fertilizantes orgánicos,Otras Ganaderías,3D2bii3,4,"0,01",Emisión
6193,1997,1,Uso de Suelos,Fertilizantes orgánicos,Otras Ganaderías,3D2bii3,4,"0,01",Emisión
6194,1998,1,Uso de Suelos,Fertilizantes orgánicos,Otras Ganaderías,3D2bii3,4,"0,01",Emisión
6195,1999,1,Uso de Suelos,Fertilizantes orgánicos,Otras Ganaderías,3D2bii3,4,"0,01",Emisión
6196,2000,1,Uso de Suelos,Fertilizantes orgánicos,Otras Ganaderías,3D2bii3,4,"0,01",Emisión
6197,2001,1,Uso de Suelos,Fertilizantes orgánicos,Otras Ganaderías,3D2bii3,4,"0,01",Emisión
6198,2002,1,Uso de Suelos,Fertilizantes orgánicos,Otras Ganaderías,3D2bii3,4,"0,01",Emisión
6199,2003,1,Uso de Suelos,Fertilizantes orgánicos,Otras Ganaderías,3D2bii3,4,"0,01",Emisión
6200,2004,1,Uso de Suelos,Fertilizantes orgánicos,Otras Ganaderías,3D2bii3,4,"0,01",Emisión
6201,2005,1,Uso de Suelos,Fertilizantes orgánicos,Otras Ganaderías,3D2bii3,4,"0,01",Emisión
6202,2006,1,Uso de Suelos,Fertilizantes orgánicos,Otras Ganaderías,3D2bii3,4,"0,02",Emisión
6203,2007,1,Uso de Suelos,Fertilizantes orgánicos,Otras Ganaderías,3D2bii3,4,"0,02",Emisión
6204,2008,1,Uso de Suelos,Fertilizantes orgánicos,Otras Ganaderías,3D2bii3,4,"0,02",Emisión
6205,2009,1,Uso de Suelos,Fertilizantes orgánicos,Otras Ganaderías,3D2bii3,4,"0,02",Emisión
6206,2010,1,Uso de Suelos,Fertilizantes orgánicos,Otras Ganaderías,3D2bii3,4,"0,02",Emisión
6207,2011,1,Uso de Suelos,Fertilizantes orgánicos,Otras Ganaderías,3D2bii3,4,"0,02",Emisión
6208,2012,1,Uso de Suelos,Fertilizantes orgánicos,Otras Ganaderías,3D2bii3,4,"0,02",Emisión
6209,2013,1,Uso de Suelos,Fertilizantes orgánicos,Otras Ganaderías,3D2bii3,4,"0,03",Emisión
6210,2014,1,Uso de Suelos,Fertilizantes orgánicos,Otras Ganaderías,3D2bii3,4,"0,03",Emisión
6211,2015,1,Uso de Suelos,Fertilizantes orgánicos,Otras Ganaderías,3D2bii3,4,"0,03",Emisión
6212,2016,1,Uso de Suelos,Fertilizantes orgánicos,Otras Ganaderías,3D2bii3,4,"0,03",Emisión
6213,2017,1,Uso de Suelos,Fertilizantes orgánicos,Otras Ganaderías,3D2bii3,4,"0,03",Emisión
6214,2018,1,Uso de Suelos,Fertilizantes orgánicos,Otras Ganaderías,3D2bii3,4,"0,04",Emisión
6215,2019,1,Uso de Suelos,Fertilizantes orgánicos,Otras Ganaderías,3D2bii3,4,"0,03",Emisión
6216,2020,1,Uso de Suelos,Fertilizantes orgánicos,Otras Ganaderías,3D2bii3,4,"0,04",Emisión
6217,2021,1,Uso de Suelos,Fertilizantes orgánicos,Otras Ganaderías,3D2bii3,4,"0,04",Emisión
6218,2022,1,Uso de Suelos,Fertilizantes orgánicos,Otras Ganaderías,3D2bii3,4,"0,04",Emisión
6219,1990,1,Uso de Suelos,Fertilizantes orgánicos,Otras Ganaderías,3D2bii4g,4,"0,01",Emisión
6220,1991,1,Uso de Suelos,Fertilizantes orgánicos,Otras Ganaderías,3D2bii4g,4,"0,01",Emisión
6221,1992,1,Uso de Suelos,Fertilizantes orgánicos,Otras Ganaderías,3D2bii4g,4,"0,01",Emisión
6222,1993,1,Uso de Suelos,Fertilizantes orgánicos,Otras Ganaderías,3D2bii4g,4,"0,01",Emisión
6223,1994,1,Uso de Suelos,Fertilizantes orgánicos,Otras Ganaderías,3D2bii4g,4,"0,01",Emisión
6224,1995,1,Uso de Suelos,Fertilizantes orgánicos,Otras Ganaderías,3D2bii4g,4,"0,01",Emisión
6225,1996,1,Uso de Suelos,Fertilizantes orgánicos,Otras Ganaderías,3D2bii4g,4,"0,01",Emisión
6226,1997,1,Uso de Suelos,Fertilizantes orgánicos,Otras Ganaderías,3D2bii4g,4,"0,01",Emisión
6227,1998,1,Uso de Suelos,Fertilizantes orgánicos,Otras Ganaderías,3D2bii4g,4,"0,02",Emisión
6228,1999,1,Uso de Suelos,Fertilizantes orgánicos,Otras Ganaderías,3D2bii4g,4,"0,02",Emisión
6229,2000,1,Uso de Suelos,Fertilizantes orgánicos,Otras Ganaderías,3D2bii4g,4,"0,02",Emisión
6230,2001,1,Uso de Suelos,Fertilizantes orgánicos,Otras Ganaderías,3D2bii4g,4,"0,02",Emisión
6231,2002,1,Uso de Suelos,Fertilizantes orgánicos,Otras Ganaderías,3D2bii4g,4,"0,02",Emisión
6232,2003,1,Uso de Suelos,Fertilizantes orgánicos,Otras Ganaderías,3D2bii4g,4,"0,02",Emisión
6233,2004,1,Uso de Suelos,Fertilizantes orgánicos,Otras Ganaderías,3D2bii4g,4,"0,03",Emisión
6234,2005,1,Uso de Suelos,Fertilizantes orgánicos,Otras Ganaderías,3D2bii4g,4,"0,03",Emisión
6235,2006,1,Uso de Suelos,Fertilizantes orgánicos,Otras Ganaderías,3D2bii4g,4,"0,03",Emisión
6236,2007,1,Uso de Suelos,Fertilizantes orgánicos,Otras Ganaderías,3D2bii4g,4,"0,03",Emisión
6237,2008,1,Uso de Suelos,Fertilizantes orgánicos,Otras Ganaderías,3D2bii4g,4,"0,04",Emisión
6238,2009,1,Uso de Suelos,Fertilizantes orgánicos,Otras Ganaderías,3D2bii4g,4,"0,04",Emisión
6239,2010,1,Uso de Suelos,Fertilizantes orgánicos,Otras Ganaderías,3D2bii4g,4,"0,04",Emisión
6240,2011,1,Uso de Suelos,Fertilizantes orgánicos,Otras Ganaderías,3D2bii4g,4,"0,04",Emisión
6241,2012,1,Uso de Suelos,Fertilizantes orgánicos,Otras Ganaderías,3D2bii4g,4,"0,05",Emisión
6242,2013,1,Uso de Suelos,Fertilizantes orgánicos,Otras Ganaderías,3D2bii4g,4,"0,05",Emisión
6243,2014,1,Uso de Suelos,Fertilizantes orgánicos,Otras Ganaderías,3D2bii4g,4,"0,05",Emisión
6244,2015,1,Uso de Suelos,Fertilizantes orgánicos,Otras Ganaderías,3D2bii4g,4,"0,05",Emisión
6245,2016,1,Uso de Suelos,Fertilizantes orgánicos,Otras Ganaderías,3D2bii4g,4,"0,05",Emisión
6246,2017,1,Uso de Suelos,Fertilizantes orgánicos,Otras Ganaderías,3D2bii4g,4,"0,05",Emisión
6247,2018,1,Uso de Suelos,Fertilizantes orgánicos,Otras Ganaderías,3D2bii4g,4,"0,05",Emisión
6248,2019,1,Uso de Suelos,Fertilizantes orgánicos,Otras Ganaderías,3D2bii4g,4,"0,05",Emisión
6249,2020,1,Uso de Suelos,Fertilizantes orgánicos,Otras Ganaderías,3D2bii4g,4,"0,05",Emisión
6250,2021,1,Uso de Suelos,Fertilizantes orgánicos,Otras Ganaderías,3D2bii4g,4,"0,05",Emisión
6251,2022,1,Uso de Suelos,Fertilizantes orgánicos,Otras Ganaderías,3D2bii4g,4,"0,05",Emisión
6252,1990,1,Uso de Suelos,Excretas en pasturas,Bovinos Lecheros,3D2biii1a,4,"0,25",Emisión
6253,1991,1,Uso de Suelos,Excretas en pasturas,Bovinos Lecheros,3D2biii1a,4,"0,25",Emisión
6254,1992,1,Uso de Suelos,Excretas en pasturas,Bovinos Lecheros,3D2biii1a,4,"0,26",Emisión
6255,1993,1,Uso de Suelos,Excretas en pasturas,Bovinos Lecheros,3D2biii1a,4,"0,27",Emisión
6256,1994,1,Uso de Suelos,Excretas en pasturas,Bovinos Lecheros,3D2biii1a,4,"0,28",Emisión
6257,1995,1,Uso de Suelos,Excretas en pasturas,Bovinos Lecheros,3D2biii1a,4,"0,28",Emisión
6258,1996,1,Uso de Suelos,Excretas en pasturas,Bovinos Lecheros,3D2biii1a,4,"0,28",Emisión
6259,1997,1,Uso de Suelos,Excretas en pasturas,Bovinos Lecheros,3D2biii1a,4,"0,28",Emisión
6260,1998,1,Uso de Suelos,Excretas en pasturas,Bovinos Lecheros,3D2biii1a,4,"0,28",Emisión
6261,1999,1,Uso de Suelos,Excretas en pasturas,Bovinos Lecheros,3D2biii1a,4,"0,29",Emisión
6262,2000,1,Uso de Suelos,Excretas en pasturas,Bovinos Lecheros,3D2biii1a,4,"0,29",Emisión
6263,2001,1,Uso de Suelos,Excretas en pasturas,Bovinos Lecheros,3D2biii1a,4,"0,28",Emisión
6264,2002,1,Uso de Suelos,Excretas en pasturas,Bovinos Lecheros,3D2biii1a,4,"0,27",Emisión
6265,2003,1,Uso de Suelos,Excretas en pasturas,Bovinos Lecheros,3D2biii1a,4,"0,26",Emisión
6266,2004,1,Uso de Suelos,Excretas en pasturas,Bovinos Lecheros,3D2biii1a,4,"0,27",Emisión
6267,2005,1,Uso de Suelos,Excretas en pasturas,Bovinos Lecheros,3D2biii1a,4,"0,27",Emisión
6268,2006,1,Uso de Suelos,Excretas en pasturas,Bovinos Lecheros,3D2biii1a,4,"0,28",Emisión
6269,2007,1,Uso de Suelos,Excretas en pasturas,Bovinos Lecheros,3D2biii1a,4,"0,27",Emisión
6270,2008,1,Uso de Suelos,Excretas en pasturas,Bovinos Lecheros,3D2biii1a,4,"0,27",Emisión
6271,2009,1,Uso de Suelos,Excretas en pasturas,Bovinos Lecheros,3D2biii1a,4,"0,28",Emisión
6272,2010,1,Uso de Suelos,Excretas en pasturas,Bovinos Lecheros,3D2biii1a,4,"0,28",Emisión
6273,2011,1,Uso de Suelos,Excretas en pasturas,Bovinos Lecheros,3D2biii1a,4,"0,28",Emisión
6274,2012,1,Uso de Suelos,Excretas en pasturas,Bovinos Lecheros,3D2biii1a,4,"0,29",Emisión
6275,2013,1,Uso de Suelos,Excretas en pasturas,Bovinos Lecheros,3D2biii1a,4,"0,29",Emisión
6276,2014,1,Uso de Suelos,Excretas en pasturas,Bovinos Lecheros,3D2biii1a,4,"0,29",Emisión
6277,2015,1,Uso de Suelos,Excretas en pasturas,Bovinos Lecheros,3D2biii1a,4,"0,29",Emisión
6278,2016,1,Uso de Suelos,Excretas en pasturas,Bovinos Lecheros,3D2biii1a,4,"0,27",Emisión
6279,2017,1,Uso de Suelos,Excretas en pasturas,Bovinos Lecheros,3D2biii1a,4,"0,27",Emisión
6280,2018,1,Uso de Suelos,Excretas en pasturas,Bovinos Lecheros,3D2biii1a,4,"0,27",Emisión
6281,2019,1,Uso de Suelos,Excretas en pasturas,Bovinos Lecheros,3D2biii1a,4,"0,26",Emisión
6282,2020,1,Uso de Suelos,Excretas en pasturas,Bovinos Lecheros,3D2biii1a,4,"0,26",Emisión
6283,2021,1,Uso de Suelos,Excretas en pasturas,Bovinos Lecheros,3D2biii1a,4,"0,26",Emisión
6284,2022,1,Uso de Suelos,Excretas en pasturas,Bovinos Lecheros,3D2biii1a,4,"0,26",Emisión
6285,1990,1,Uso de Suelos,Excretas en pasturas,Bovinos de Carne,3D2biii1b,4,"2,01",Emisión
6286,1991,1,Uso de Suelos,Excretas en pasturas,Bovinos de Carne,3D2biii1b,4,"2,04",Emisión
6287,1992,1,Uso de Suelos,Excretas en pasturas,Bovinos de Carne,3D2biii1b,4,"2,08",Emisión
6288,1993,1,Uso de Suelos,Excretas en pasturas,Bovinos de Carne,3D2biii1b,4,"2,13",Emisión
6289,1994,1,Uso de Suelos,Excretas en pasturas,Bovinos de Carne,3D2biii1b,4,"2,14",Emisión
6290,1995,1,Uso de Suelos,Excretas en pasturas,Bovinos de Carne,3D2biii1b,4,"2,1",Emisión
6291,1996,1,Uso de Suelos,Excretas en pasturas,Bovinos de Carne,3D2biii1b,4,"2,01",Emisión
6292,1997,1,Uso de Suelos,Excretas en pasturas,Bovinos de Carne,3D2biii1b,4,"1,97",Emisión
6293,1998,1,Uso de Suelos,Excretas en pasturas,Bovinos de Carne,3D2biii1b,4,"1,86",Emisión
6294,1999,1,Uso de Suelos,Excretas en pasturas,Bovinos de Carne,3D2biii1b,4,"1,94",Emisión
6295,2000,1,Uso de Suelos,Excretas en pasturas,Bovinos de Carne,3D2biii1b,4,"1,92",Emisión
6296,2001,1,Uso de Suelos,Excretas en pasturas,Bovinos de Carne,3D2biii1b,4,"1,87",Emisión
6297,2002,1,Uso de Suelos,Excretas en pasturas,Bovinos de Carne,3D2biii1b,4,"1,94",Emisión
6298,2003,1,Uso de Suelos,Excretas en pasturas,Bovinos de Carne,3D2biii1b,4,"1,97",Emisión
6299,2004,1,Uso de Suelos,Excretas en pasturas,Bovinos de Carne,3D2biii1b,4,"1,96",Emisión
6300,2005,1,Uso de Suelos,Excretas en pasturas,Bovinos de Carne,3D2biii1b,4,"1,93",Emisión
6301,2006,1,Uso de Suelos,Excretas en pasturas,Bovinos de Carne,3D2biii1b,4,"1,91",Emisión
6302,2007,1,Uso de Suelos,Excretas en pasturas,Bovinos de Carne,3D2biii1b,4,"1,88",Emisión
6303,2008,1,Uso de Suelos,Excretas en pasturas,Bovinos de Carne,3D2biii1b,4,"1,65",Emisión
6304,2009,1,Uso de Suelos,Excretas en pasturas,Bovinos de Carne,3D2biii1b,4,"1,56",Emisión
6305,2010,1,Uso de Suelos,Excretas en pasturas,Bovinos de Carne,3D2biii1b,4,"1,41",Emisión
6306,2011,1,Uso de Suelos,Excretas en pasturas,Bovinos de Carne,3D2biii1b,4,"1,35",Emisión
6307,2012,1,Uso de Suelos,Excretas en pasturas,Bovinos de Carne,3D2biii1b,4,"1,39",Emisión
6308,2013,1,Uso de Suelos,Excretas en pasturas,Bovinos de Carne,3D2biii1b,4,"1,42",Emisión
6309,2014,1,Uso de Suelos,Excretas en pasturas,Bovinos de Carne,3D2biii1b,4,"1,45",Emisión
6310,2015,1,Uso de Suelos,Excretas en pasturas,Bovinos de Carne,3D2biii1b,4,"1,43",Emisión
6311,2016,1,Uso de Suelos,Excretas en pasturas,Bovinos de Carne,3D2biii1b,4,"1,44",Emisión
6312,2017,1,Uso de Suelos,Excretas en pasturas,Bovinos de Carne,3D2biii1b,4,"1,49",Emisión
6313,2018,1,Uso de Suelos,Excretas en pasturas,Bovinos de Carne,3D2biii1b,4,"1,5",Emisión
6314,2019,1,Uso de Suelos,Excretas en pasturas,Bovinos de Carne,3D2biii1b,4,"1,5",Emisión
6315,2020,1,Uso de Suelos,Excretas en pasturas,Bovinos de Carne,3D2biii1b,4,"1,48",Emisión
6316,2021,1,Uso de Suelos,Excretas en pasturas,Bovinos de Carne,3D2biii1b,4,"1,5",Emisión
6317,2022,1,Uso de Suelos,Excretas en pasturas,Bovinos de Carne,3D2biii1b,4,"1,48",Emisión
6318,1990,1,Uso de Suelos,Excretas en pasturas,Otras Ganaderías,3D2biii2,4,"0,08",Emisión
6319,1991,1,Uso de Suelos,Excretas en pasturas,Otras Ganaderías,3D2biii2,4,"0,08",Emisión
6320,1992,1,Uso de Suelos,Excretas en pasturas,Otras Ganaderías,3D2biii2,4,"0,08",Emisión
6321,1993,1,Uso de Suelos,Excretas en pasturas,Otras Ganaderías,3D2biii2,4,"0,07",Emisión
6322,1994,1,Uso de Suelos,Excretas en pasturas,Otras Ganaderías,3D2biii2,4,"0,07",Emisión
6323,1995,1,Uso de Suelos,Excretas en pasturas,Otras Ganaderías,3D2biii2,4,"0,06",Emisión
6324,1996,1,Uso de Suelos,Excretas en pasturas,Otras Ganaderías,3D2biii2,4,"0,06",Emisión
6325,1997,1,Uso de Suelos,Excretas en pasturas,Otras Ganaderías,3D2biii2,4,"0,05",Emisión
6326,1998,1,Uso de Suelos,Excretas en pasturas,Otras Ganaderías,3D2biii2,4,"0,05",Emisión
6327,1999,1,Uso de Suelos,Excretas en pasturas,Otras Ganaderías,3D2biii2,4,"0,05",Emisión
6328,2000,1,Uso de Suelos,Excretas en pasturas,Otras Ganaderías,3D2biii2,4,"0,05",Emisión
6329,2001,1,Uso de Suelos,Excretas en pasturas,Otras Ganaderías,3D2biii2,4,"0,05",Emisión
6330,2002,1,Uso de Suelos,Excretas en pasturas,Otras Ganaderías,3D2biii2,4,"0,05",Emisión
6331,2003,1,Uso de Suelos,Excretas en pasturas,Otras Ganaderías,3D2biii2,4,"0,06",Emisión
6332,2004,1,Uso de Suelos,Excretas en pasturas,Otras Ganaderías,3D2biii2,4,"0,06",Emisión
6333,2005,1,Uso de Suelos,Excretas en pasturas,Otras Ganaderías,3D2biii2,4,"0,06",Emisión
6334,2006,1,Uso de Suelos,Excretas en pasturas,Otras Ganaderías,3D2biii2,4,"0,06",Emisión
6335,2007,1,Uso de Suelos,Excretas en pasturas,Otras Ganaderías,3D2biii2,4,"0,06",Emisión
6336,2008,1,Uso de Suelos,Excretas en pasturas,Otras Ganaderías,3D2biii2,4,"0,06",Emisión
6337,2009,1,Uso de Suelos,Excretas en pasturas,Otras Ganaderías,3D2biii2,4,"0,06",Emisión
6338,2010,1,Uso de Suelos,Excretas en pasturas,Otras Ganaderías,3D2biii2,4,"0,06",Emisión
6339,2011,1,Uso de Suelos,Excretas en pasturas,Otras Ganaderías,3D2biii2,4,"0,06",Emisión
6340,2012,1,Uso de Suelos,Excretas en pasturas,Otras Ganaderías,3D2biii2,4,"0,06",Emisión
6341,2013,1,Uso de Suelos,Excretas en pasturas,Otras Ganaderías,3D2biii2,4,"0,06",Emisión
6342,2014,1,Uso de Suelos,Excretas en pasturas,Otras Ganaderías,3D2biii2,4,"0,06",Emisión
6343,2015,1,Uso de Suelos,Excretas en pasturas,Otras Ganaderías,3D2biii2,4,"0,06",Emisión
6344,2016,1,Uso de Suelos,Excretas en pasturas,Otras Ganaderías,3D2biii2,4,"0,06",Emisión
6345,2017,1,Uso de Suelos,Excretas en pasturas,Otras Ganaderías,3D2biii2,4,"0,06",Emisión
6346,2018,1,Uso de Suelos,Excretas en pasturas,Otras Ganaderías,3D2biii2,4,"0,06",Emisión
6347,2019,1,Uso de Suelos,Excretas en pasturas,Otras Ganaderías,3D2biii2,4,"0,06",Emisión
6348,2020,1,Uso de Suelos,Excretas en pasturas,Otras Ganaderías,3D2biii2,4,"0,06",Emisión
6349,2021,1,Uso de Suelos,Excretas en pasturas,Otras Ganaderías,3D2biii2,4,"0,05",Emisión
6350,2022,1,Uso de Suelos,Excretas en pasturas,Otras Ganaderías,3D2biii2,4,"0,05",Emisión
6351,1990,1,Uso de Suelos,Excretas en pasturas,Otras Ganaderías,3D2biii3,4,"0,01",Emisión
6352,1991,1,Uso de Suelos,Excretas en pasturas,Otras Ganaderías,3D2biii3,4,"0,01",Emisión
6353,1992,1,Uso de Suelos,Excretas en pasturas,Otras Ganaderías,3D2biii3,4,"0,01",Emisión
6354,1993,1,Uso de Suelos,Excretas en pasturas,Otras Ganaderías,3D2biii3,4,"0,01",Emisión
6355,1994,1,Uso de Suelos,Excretas en pasturas,Otras Ganaderías,3D2biii3,4,"0,01",Emisión
6356,1995,1,Uso de Suelos,Excretas en pasturas,Otras Ganaderías,3D2biii3,4,"0,01",Emisión
6357,1996,1,Uso de Suelos,Excretas en pasturas,Otras Ganaderías,3D2biii3,4,"0,01",Emisión
6358,1997,1,Uso de Suelos,Excretas en pasturas,Otras Ganaderías,3D2biii3,4,"0,01",Emisión
6359,1998,1,Uso de Suelos,Excretas en pasturas,Otras Ganaderías,3D2biii3,4,"0,01",Emisión
6360,1999,1,Uso de Suelos,Excretas en pasturas,Otras Ganaderías,3D2biii3,4,"0,01",Emisión
6361,2000,1,Uso de Suelos,Excretas en pasturas,Otras Ganaderías,3D2biii3,4,"0,01",Emisión
6362,2001,1,Uso de Suelos,Excretas en pasturas,Otras Ganaderías,3D2biii3,4,"0,01",Emisión
6363,2002,1,Uso de Suelos,Excretas en pasturas,Otras Ganaderías,3D2biii3,4,"0,01",Emisión
6364,2003,1,Uso de Suelos,Excretas en pasturas,Otras Ganaderías,3D2biii3,4,"0,01",Emisión
6365,2004,1,Uso de Suelos,Excretas en pasturas,Otras Ganaderías,3D2biii3,4,"0,01",Emisión
6366,2005,1,Uso de Suelos,Excretas en pasturas,Otras Ganaderías,3D2biii3,4,"0,01",Emisión
6367,2006,1,Uso de Suelos,Excretas en pasturas,Otras Ganaderías,3D2biii3,4,"0,01",Emisión
6368,2007,1,Uso de Suelos,Excretas en pasturas,Otras Ganaderías,3D2biii3,4,"0,01",Emisión
6369,2008,1,Uso de Suelos,Excretas en pasturas,Otras Ganaderías,3D2biii3,4,"0,02",Emisión
6370,2009,1,Uso de Suelos,Excretas en pasturas,Otras Ganaderías,3D2biii3,4,"0,02",Emisión
6371,2010,1,Uso de Suelos,Excretas en pasturas,Otras Ganaderías,3D2biii3,4,"0,02",Emisión
6372,2011,1,Uso de Suelos,Excretas en pasturas,Otras Ganaderías,3D2biii3,4,"0,02",Emisión
6373,2012,1,Uso de Suelos,Excretas en pasturas,Otras Ganaderías,3D2biii3,4,"0,02",Emisión
6374,2013,1,Uso de Suelos,Excretas en pasturas,Otras Ganaderías,3D2biii3,4,"0,02",Emisión
6375,2014,1,Uso de Suelos,Excretas en pasturas,Otras Ganaderías,3D2biii3,4,"0,02",Emisión
6376,2015,1,Uso de Suelos,Excretas en pasturas,Otras Ganaderías,3D2biii3,4,"0,02",Emisión
6377,2016,1,Uso de Suelos,Excretas en pasturas,Otras Ganaderías,3D2biii3,4,"0,03",Emisión
6378,2017,1,Uso de Suelos,Excretas en pasturas,Otras Ganaderías,3D2biii3,4,"0,03",Emisión
6379,2018,1,Uso de Suelos,Excretas en pasturas,Otras Ganaderías,3D2biii3,4,"0,03",Emisión
6380,2019,1,Uso de Suelos,Excretas en pasturas,Otras Ganaderías,3D2biii3,4,"0,03",Emisión
6381,2020,1,Uso de Suelos,Excretas en pasturas,Otras Ganaderías,3D2biii3,4,"0,03",Emisión
6382,2021,1,Uso de Suelos,Excretas en pasturas,Otras Ganaderías,3D2biii3,4,"0,03",Emisión
6383,2022,1,Uso de Suelos,Excretas en pasturas,Otras Ganaderías,3D2biii3,4,"0,03",Emisión
6384,1990,1,Uso de Suelos,Excretas en pasturas,Otras Ganaderías,3D2biii4a,4,"0,0",Sin emisión/remoción
6385,1991,1,Uso de Suelos,Excretas en pasturas,Otras Ganaderías,3D2biii4a,4,"0,0",Sin emisión/remoción
6386,1992,1,Uso de Suelos,Excretas en pasturas,Otras Ganaderías,3D2biii4a,4,"0,0",Sin emisión/remoción
6387,1993,1,Uso de Suelos,Excretas en pasturas,Otras Ganaderías,3D2biii4a,4,"0,0",Sin emisión/remoción
6388,1994,1,Uso de Suelos,Excretas en pasturas,Otras Ganaderías,3D2biii4a,4,"0,0",Sin emisión/remoción
6389,1995,1,Uso de Suelos,Excretas en pasturas,Otras Ganaderías,3D2biii4a,4,"0,0",Sin emisión/remoción
6390,1996,1,Uso de Suelos,Excretas en pasturas,Otras Ganaderías,3D2biii4a,4,"0,0",Sin emisión/remoción
6391,1997,1,Uso de Suelos,Excretas en pasturas,Otras Ganaderías,3D2biii4a,4,"0,0",Sin emisión/remoción
6392,1998,1,Uso de Suelos,Excretas en pasturas,Otras Ganaderías,3D2biii4a,4,"0,0",Sin emisión/remoción
6393,1999,1,Uso de Suelos,Excretas en pasturas,Otras Ganaderías,3D2biii4a,4,"0,0",Sin emisión/remoción
6394,2000,1,Uso de Suelos,Excretas en pasturas,Otras Ganaderías,3D2biii4a,4,"0,0",Sin emisión/remoción
6395,2001,1,Uso de Suelos,Excretas en pasturas,Otras Ganaderías,3D2biii4a,4,"0,0",Sin emisión/remoción
6396,2002,1,Uso de Suelos,Excretas en pasturas,Otras Ganaderías,3D2biii4a,4,"0,0",Sin emisión/remoción
6397,2003,1,Uso de Suelos,Excretas en pasturas,Otras Ganaderías,3D2biii4a,4,"0,0",Sin emisión/remoción
6398,2004,1,Uso de Suelos,Excretas en pasturas,Otras Ganaderías,3D2biii4a,4,"0,0",Sin emisión/remoción
6399,2005,1,Uso de Suelos,Excretas en pasturas,Otras Ganaderías,3D2biii4a,4,"0,0",Sin emisión/remoción
6400,2006,1,Uso de Suelos,Excretas en pasturas,Otras Ganaderías,3D2biii4a,4,"0,0",Sin emisión/remoción
6401,2007,1,Uso de Suelos,Excretas en pasturas,Otras Ganaderías,3D2biii4a,4,"0,0",Sin emisión/remoción
6402,2008,1,Uso de Suelos,Excretas en pasturas,Otras Ganaderías,3D2biii4a,4,"0,0",Sin emisión/remoción
6403,2009,1,Uso de Suelos,Excretas en pasturas,Otras Ganaderías,3D2biii4a,4,"0,0",Sin emisión/remoción
6404,2010,1,Uso de Suelos,Excretas en pasturas,Otras Ganaderías,3D2biii4a,4,"0,0",Sin emisión/remoción
6405,2011,1,Uso de Suelos,Excretas en pasturas,Otras Ganaderías,3D2biii4a,4,"0,0",Sin emisión/remoción
6406,2012,1,Uso de Suelos,Excretas en pasturas,Otras Ganaderías,3D2biii4a,4,"0,0",Sin emisión/remoción
6407,2013,1,Uso de Suelos,Excretas en pasturas,Otras Ganaderías,3D2biii4a,4,"0,0",Sin emisión/remoción
6408,2014,1,Uso de Suelos,Excretas en pasturas,Otras Ganaderías,3D2biii4a,4,"0,0",Sin emisión/remoción
6409,2015,1,Uso de Suelos,Excretas en pasturas,Otras Ganaderías,3D2biii4a,4,"0,01",Emisión
6410,2016,1,Uso de Suelos,Excretas en pasturas,Otras Ganaderías,3D2biii4a,4,"0,01",Emisión
6411,2017,1,Uso de Suelos,Excretas en pasturas,Otras Ganaderías,3D2biii4a,4,"0,01",Emisión
6412,2018,1,Uso de Suelos,Excretas en pasturas,Otras Ganaderías,3D2biii4a,4,"0,01",Emisión
6413,2019,1,Uso de Suelos,Excretas en pasturas,Otras Ganaderías,3D2biii4a,4,"0,01",Emisión
6414,2020,1,Uso de Suelos,Excretas en pasturas,Otras Ganaderías,3D2biii4a,4,"0,01",Emisión
6415,2021,1,Uso de Suelos,Excretas en pasturas,Otras Ganaderías,3D2biii4a,4,"0,01",Emisión
6416,2022,1,Uso de Suelos,Excretas en pasturas,Otras Ganaderías,3D2biii4a,4,"0,01",Emisión
6417,1990,1,Uso de Suelos,Excretas en pasturas,Otras Ganaderías,3D2biii4b,4,"0,0",Sin emisión/remoción
6418,1991,1,Uso de Suelos,Excretas en pasturas,Otras Ganaderías,3D2biii4b,4,"0,0",Sin emisión/remoción
6419,1992,1,Uso de Suelos,Excretas en pasturas,Otras Ganaderías,3D2biii4b,4,"0,0",Sin emisión/remoción
6420,1993,1,Uso de Suelos,Excretas en pasturas,Otras Ganaderías,3D2biii4b,4,"0,0",Sin emisión/remoción
6421,1994,1,Uso de Suelos,Excretas en pasturas,Otras Ganaderías,3D2biii4b,4,"0,0",Sin emisión/remoción
6422,1995,1,Uso de Suelos,Excretas en pasturas,Otras Ganaderías,3D2biii4b,4,"0,0",Sin emisión/remoción
6423,1996,1,Uso de Suelos,Excretas en pasturas,Otras Ganaderías,3D2biii4b,4,"0,0",Sin emisión/remoción
6424,1997,1,Uso de Suelos,Excretas en pasturas,Otras Ganaderías,3D2biii4b,4,"0,0",Sin emisión/remoción
6425,1998,1,Uso de Suelos,Excretas en pasturas,Otras Ganaderías,3D2biii4b,4,"0,0",Sin emisión/remoción
6426,1999,1,Uso de Suelos,Excretas en pasturas,Otras Ganaderías,3D2biii4b,4,"0,0",Sin emisión/remoción
6427,2000,1,Uso de Suelos,Excretas en pasturas,Otras Ganaderías,3D2biii4b,4,"0,0",Sin emisión/remoción
6428,2001,1,Uso de Suelos,Excretas en pasturas,Otras Ganaderías,3D2biii4b,4,"0,0",Sin emisión/remoción
6429,2002,1,Uso de Suelos,Excretas en pasturas,Otras Ganaderías,3D2biii4b,4,"0,0",Sin emisión/remoción
6430,2003,1,Uso de Suelos,Excretas en pasturas,Otras Ganaderías,3D2biii4b,4,"0,0",Sin emisión/remoción
6431,2004,1,Uso de Suelos,Excretas en pasturas,Otras Ganaderías,3D2biii4b,4,"0,0",Sin emisión/remoción
6432,2005,1,Uso de Suelos,Excretas en pasturas,Otras Ganaderías,3D2biii4b,4,"0,0",Sin emisión/remoción
6433,2006,1,Uso de Suelos,Excretas en pasturas,Otras Ganaderías,3D2biii4b,4,"0,0",Sin emisión/remoción
6434,2007,1,Uso de Suelos,Excretas en pasturas,Otras Ganaderías,3D2biii4b,4,"0,0",Sin emisión/remoción
6435,2008,1,Uso de Suelos,Excretas en pasturas,Otras Ganaderías,3D2biii4b,4,"0,0",Sin emisión/remoción
6436,2009,1,Uso de Suelos,Excretas en pasturas,Otras Ganaderías,3D2biii4b,4,"0,0",Sin emisión/remoción
6437,2010,1,Uso de Suelos,Excretas en pasturas,Otras Ganaderías,3D2biii4b,4,"0,0",Sin emisión/remoción
6438,2011,1,Uso de Suelos,Excretas en pasturas,Otras Ganaderías,3D2biii4b,4,"0,0",Sin emisión/remoción
6439,2012,1,Uso de Suelos,Excretas en pasturas,Otras Ganaderías,3D2biii4b,4,"0,0",Sin emisión/remoción
6440,2013,1,Uso de Suelos,Excretas en pasturas,Otras Ganaderías,3D2biii4b,4,"0,0",Sin emisión/remoción
6441,2014,1,Uso de Suelos,Excretas en pasturas,Otras Ganaderías,3D2biii4b,4,"0,0",Sin emisión/remoción
6442,2015,1,Uso de Suelos,Excretas en pasturas,Otras Ganaderías,3D2biii4b,4,"0,0",Sin emisión/remoción
6443,2016,1,Uso de Suelos,Excretas en pasturas,Otras Ganaderías,3D2biii4b,4,"0,0",Sin emisión/remoción
6444,2017,1,Uso de Suelos,Excretas en pasturas,Otras Ganaderías,3D2biii4b,4,"0,0",Sin emisión/remoción
6445,2018,1,Uso de Suelos,Excretas en pasturas,Otras Ganaderías,3D2biii4b,4,"0,0",Sin emisión/remoción
6446,2019,1,Uso de Suelos,Excretas en pasturas,Otras Ganaderías,3D2biii4b,4,"0,0",Sin emisión/remoción
6447,2020,1,Uso de Suelos,Excretas en pasturas,Otras Ganaderías,3D2biii4b,4,"0,0",Sin emisión/remoción
6448,2021,1,Uso de Suelos,Excretas en pasturas,Otras Ganaderías,3D2biii4b,4,"0,0",Sin emisión/remoción
6449,2022,1,Uso de Suelos,Excretas en pasturas,Otras Ganaderías,3D2biii4b,4,"0,0",Sin emisión/remoción
6450,2021,1,Uso de Suelos,Excretas en pasturas,Otras Ganaderías,3D2biii4d,4,"0,01",Emisión
6451,2022,1,Uso de Suelos,Excretas en pasturas,Otras Ganaderías,3D2biii4d,4,"0,01",Emisión
6452,1990,1,Uso de Suelos,Excretas en pasturas,Otras Ganaderías,3D2biii4d,4,"0,01",Emisión
6453,1991,1,Uso de Suelos,Excretas en pasturas,Otras Ganaderías,3D2biii4d,4,"0,01",Emisión
6454,1992,1,Uso de Suelos,Excretas en pasturas,Otras Ganaderías,3D2biii4d,4,"0,01",Emisión
6455,1993,1,Uso de Suelos,Excretas en pasturas,Otras Ganaderías,3D2biii4d,4,"0,01",Emisión
6456,1994,1,Uso de Suelos,Excretas en pasturas,Otras Ganaderías,3D2biii4d,4,"0,01",Emisión
6457,1995,1,Uso de Suelos,Excretas en pasturas,Otras Ganaderías,3D2biii4d,4,"0,01",Emisión
6458,1996,1,Uso de Suelos,Excretas en pasturas,Otras Ganaderías,3D2biii4d,4,"0,01",Emisión
6459,1997,1,Uso de Suelos,Excretas en pasturas,Otras Ganaderías,3D2biii4d,4,"0,01",Emisión
6460,1998,1,Uso de Suelos,Excretas en pasturas,Otras Ganaderías,3D2biii4d,4,"0,01",Emisión
6461,1999,1,Uso de Suelos,Excretas en pasturas,Otras Ganaderías,3D2biii4d,4,"0,01",Emisión
6462,2000,1,Uso de Suelos,Excretas en pasturas,Otras Ganaderías,3D2biii4d,4,"0,01",Emisión
6463,2001,1,Uso de Suelos,Excretas en pasturas,Otras Ganaderías,3D2biii4d,4,"0,01",Emisión
6464,2002,1,Uso de Suelos,Excretas en pasturas,Otras Ganaderías,3D2biii4d,4,"0,01",Emisión
6465,2003,1,Uso de Suelos,Excretas en pasturas,Otras Ganaderías,3D2biii4d,4,"0,01",Emisión
6466,2004,1,Uso de Suelos,Excretas en pasturas,Otras Ganaderías,3D2biii4d,4,"0,01",Emisión
6467,2005,1,Uso de Suelos,Excretas en pasturas,Otras Ganaderías,3D2biii4d,4,"0,01",Emisión
6468,2006,1,Uso de Suelos,Excretas en pasturas,Otras Ganaderías,3D2biii4d,4,"0,01",Emisión
6469,2007,1,Uso de Suelos,Excretas en pasturas,Otras Ganaderías,3D2biii4d,4,"0,01",Emisión
6470,2008,1,Uso de Suelos,Excretas en pasturas,Otras Ganaderías,3D2biii4d,4,"0,01",Emisión
6471,2009,1,Uso de Suelos,Excretas en pasturas,Otras Ganaderías,3D2biii4d,4,"0,01",Emisión
6472,2010,1,Uso de Suelos,Excretas en pasturas,Otras Ganaderías,3D2biii4d,4,"0,01",Emisión
6473,2011,1,Uso de Suelos,Excretas en pasturas,Otras Ganaderías,3D2biii4d,4,"0,01",Emisión
6474,2012,1,Uso de Suelos,Excretas en pasturas,Otras Ganaderías,3D2biii4d,4,"0,01",Emisión
6475,2013,1,Uso de Suelos,Excretas en pasturas,Otras Ganaderías,3D2biii4d,4,"0,01",Emisión
6476,2014,1,Uso de Suelos,Excretas en pasturas,Otras Ganaderías,3D2biii4d,4,"0,01",Emisión
6477,2015,1,Uso de Suelos,Excretas en pasturas,Otras Ganaderías,3D2biii4d,4,"0,02",Emisión
6478,2016,1,Uso de Suelos,Excretas en pasturas,Otras Ganaderías,3D2biii4d,4,"0,02",Emisión
6479,2017,1,Uso de Suelos,Excretas en pasturas,Otras Ganaderías,3D2biii4d,4,"0,02",Emisión
6480,2018,1,Uso de Suelos,Excretas en pasturas,Otras Ganaderías,3D2biii4d,4,"0,02",Emisión
6481,2019,1,Uso de Suelos,Excretas en pasturas,Otras Ganaderías,3D2biii4d,4,"0,02",Emisión
6482,2020,1,Uso de Suelos,Excretas en pasturas,Otras Ganaderías,3D2biii4d,4,"0,02",Emisión
6483,1990,1,Uso de Suelos,Excretas en pasturas,Otras Ganaderías,3D2biii4e,4,"0,08",Emisión
6484,1991,1,Uso de Suelos,Excretas en pasturas,Otras Ganaderías,3D2biii4e,4,"0,08",Emisión
6485,1992,1,Uso de Suelos,Excretas en pasturas,Otras Ganaderías,3D2biii4e,4,"0,08",Emisión
6486,1993,1,Uso de Suelos,Excretas en pasturas,Otras Ganaderías,3D2biii4e,4,"0,08",Emisión
6487,1994,1,Uso de Suelos,Excretas en pasturas,Otras Ganaderías,3D2biii4e,4,"0,08",Emisión
6488,1995,1,Uso de Suelos,Excretas en pasturas,Otras Ganaderías,3D2biii4e,4,"0,08",Emisión
6489,1996,1,Uso de Suelos,Excretas en pasturas,Otras Ganaderías,3D2biii4e,4,"0,08",Emisión
6490,1997,1,Uso de Suelos,Excretas en pasturas,Otras Ganaderías,3D2biii4e,4,"0,08",Emisión
6491,1998,1,Uso de Suelos,Excretas en pasturas,Otras Ganaderías,3D2biii4e,4,"0,08",Emisión
6492,1999,1,Uso de Suelos,Excretas en pasturas,Otras Ganaderías,3D2biii4e,4,"0,08",Emisión
6493,2000,1,Uso de Suelos,Excretas en pasturas,Otras Ganaderías,3D2biii4e,4,"0,08",Emisión
6494,2001,1,Uso de Suelos,Excretas en pasturas,Otras Ganaderías,3D2biii4e,4,"0,08",Emisión
6495,2002,1,Uso de Suelos,Excretas en pasturas,Otras Ganaderías,3D2biii4e,4,"0,08",Emisión
6496,2003,1,Uso de Suelos,Excretas en pasturas,Otras Ganaderías,3D2biii4e,4,"0,08",Emisión
6497,2004,1,Uso de Suelos,Excretas en pasturas,Otras Ganaderías,3D2biii4e,4,"0,08",Emisión
6498,2005,1,Uso de Suelos,Excretas en pasturas,Otras Ganaderías,3D2biii4e,4,"0,08",Emisión
6499,2006,1,Uso de Suelos,Excretas en pasturas,Otras Ganaderías,3D2biii4e,4,"0,08",Emisión
6500,2007,1,Uso de Suelos,Excretas en pasturas,Otras Ganaderías,3D2biii4e,4,"0,08",Emisión
6501,2008,1,Uso de Suelos,Excretas en pasturas,Otras Ganaderías,3D2biii4e,4,"0,08",Emisión
6502,2009,1,Uso de Suelos,Excretas en pasturas,Otras Ganaderías,3D2biii4e,4,"0,08",Emisión
6503,2010,1,Uso de Suelos,Excretas en pasturas,Otras Ganaderías,3D2biii4e,4,"0,08",Emisión
6504,2011,1,Uso de Suelos,Excretas en pasturas,Otras Ganaderías,3D2biii4e,4,"0,08",Emisión
6505,2012,1,Uso de Suelos,Excretas en pasturas,Otras Ganaderías,3D2biii4e,4,"0,09",Emisión
6506,2013,1,Uso de Suelos,Excretas en pasturas,Otras Ganaderías,3D2biii4e,4,"0,1",Emisión
6507,2014,1,Uso de Suelos,Excretas en pasturas,Otras Ganaderías,3D2biii4e,4,"0,1",Emisión
6508,2015,1,Uso de Suelos,Excretas en pasturas,Otras Ganaderías,3D2biii4e,4,"0,11",Emisión
6509,2016,1,Uso de Suelos,Excretas en pasturas,Otras Ganaderías,3D2biii4e,4,"0,11",Emisión
6510,2017,1,Uso de Suelos,Excretas en pasturas,Otras Ganaderías,3D2biii4e,4,"0,11",Emisión
6511,2018,1,Uso de Suelos,Excretas en pasturas,Otras Ganaderías,3D2biii4e,4,"0,11",Emisión
6512,2019,1,Uso de Suelos,Excretas en pasturas,Otras Ganaderías,3D2biii4e,4,"0,11",Emisión
6513,2020,1,Uso de Suelos,Excretas en pasturas,Otras Ganaderías,3D2biii4e,4,"0,11",Emisión
6514,2021,1,Uso de Suelos,Excretas en pasturas,Otras Ganaderías,3D2biii4e,4,"0,11",Emisión
6515,2022,1,Uso de Suelos,Excretas en pasturas,Otras Ganaderías,3D2biii4e,4,"0,11",Emisión
6516,1990,1,Uso de Suelos,Excretas en pasturas,Otras Ganaderías,3D2biii4f,4,"0,0",Sin emisión/remoción
6517,1991,1,Uso de Suelos,Excretas en pasturas,Otras Ganaderías,3D2biii4f,4,"0,0",Sin emisión/remoción
6518,1992,1,Uso de Suelos,Excretas en pasturas,Otras Ganaderías,3D2biii4f,4,"0,0",Sin emisión/remoción
6519,1993,1,Uso de Suelos,Excretas en pasturas,Otras Ganaderías,3D2biii4f,4,"0,0",Sin emisión/remoción
6520,1994,1,Uso de Suelos,Excretas en pasturas,Otras Ganaderías,3D2biii4f,4,"0,0",Sin emisión/remoción
6521,1995,1,Uso de Suelos,Excretas en pasturas,Otras Ganaderías,3D2biii4f,4,"0,0",Sin emisión/remoción
6522,1996,1,Uso de Suelos,Excretas en pasturas,Otras Ganaderías,3D2biii4f,4,"0,0",Sin emisión/remoción
6523,1997,1,Uso de Suelos,Excretas en pasturas,Otras Ganaderías,3D2biii4f,4,"0,0",Sin emisión/remoción
6524,1998,1,Uso de Suelos,Excretas en pasturas,Otras Ganaderías,3D2biii4f,4,"0,0",Sin emisión/remoción
6525,1999,1,Uso de Suelos,Excretas en pasturas,Otras Ganaderías,3D2biii4f,4,"0,0",Sin emisión/remoción
6526,2000,1,Uso de Suelos,Excretas en pasturas,Otras Ganaderías,3D2biii4f,4,"0,0",Sin emisión/remoción
6527,2001,1,Uso de Suelos,Excretas en pasturas,Otras Ganaderías,3D2biii4f,4,"0,0",Sin emisión/remoción
6528,2002,1,Uso de Suelos,Excretas en pasturas,Otras Ganaderías,3D2biii4f,4,"0,0",Sin emisión/remoción
6529,2003,1,Uso de Suelos,Excretas en pasturas,Otras Ganaderías,3D2biii4f,4,"0,0",Sin emisión/remoción
6530,2004,1,Uso de Suelos,Excretas en pasturas,Otras Ganaderías,3D2biii4f,4,"0,0",Sin emisión/remoción
6531,2005,1,Uso de Suelos,Excretas en pasturas,Otras Ganaderías,3D2biii4f,4,"0,0",Sin emisión/remoción
6532,2006,1,Uso de Suelos,Excretas en pasturas,Otras Ganaderías,3D2biii4f,4,"0,0",Sin emisión/remoción
6533,2007,1,Uso de Suelos,Excretas en pasturas,Otras Ganaderías,3D2biii4f,4,"0,0",Sin emisión/remoción
6534,2008,1,Uso de Suelos,Excretas en pasturas,Otras Ganaderías,3D2biii4f,4,"0,0",Sin emisión/remoción
6535,2009,1,Uso de Suelos,Excretas en pasturas,Otras Ganaderías,3D2biii4f,4,"0,0",Sin emisión/remoción
6536,2010,1,Uso de Suelos,Excretas en pasturas,Otras Ganaderías,3D2biii4f,4,"0,0",Sin emisión/remoción
6537,2011,1,Uso de Suelos,Excretas en pasturas,Otras Ganaderías,3D2biii4f,4,"0,0",Sin emisión/remoción
6538,2012,1,Uso de Suelos,Excretas en pasturas,Otras Ganaderías,3D2biii4f,4,"0,0",Sin emisión/remoción
6539,2013,1,Uso de Suelos,Excretas en pasturas,Otras Ganaderías,3D2biii4f,4,"0,0",Sin emisión/remoción
6540,2014,1,Uso de Suelos,Excretas en pasturas,Otras Ganaderías,3D2biii4f,4,"0,0",Sin emisión/remoción
6541,2015,1,Uso de Suelos,Excretas en pasturas,Otras Ganaderías,3D2biii4f,4,"0,0",Sin emisión/remoción
6542,2016,1,Uso de Suelos,Excretas en pasturas,Otras Ganaderías,3D2biii4f,4,"0,0",Sin emisión/remoción
6543,2017,1,Uso de Suelos,Excretas en pasturas,Otras Ganaderías,3D2biii4f,4,"0,0",Sin emisión/remoción
6544,2018,1,Uso de Suelos,Excretas en pasturas,Otras Ganaderías,3D2biii4f,4,"0,0",Sin emisión/remoción
6545,2019,1,Uso de Suelos,Excretas en pasturas,Otras Ganaderías,3D2biii4f,4,"0,0",Sin emisión/remoción
6546,2020,1,Uso de Suelos,Excretas en pasturas,Otras Ganaderías,3D2biii4f,4,"0,0",Sin emisión/remoción
6547,2021,1,Uso de Suelos,Excretas en pasturas,Otras Ganaderías,3D2biii4f,4,"0,0",Sin emisión/remoción
6548,2022,1,Uso de Suelos,Excretas en pasturas,Otras Ganaderías,3D2biii4f,4,"0,0",Sin emisión/remoción
6549,1990,1,Uso de Suelos,Uso de Suelos,Residuos de cosecha,3D2biv,4,"0,17",Emisión
6550,1991,1,Uso de Suelos,Uso de Suelos,Residuos de cosecha,3D2biv,4,"0,18",Emisión
6551,1992,1,Uso de Suelos,Uso de Suelos,Residuos de cosecha,3D2biv,4,"0,19",Emisión
6552,1993,1,Uso de Suelos,Uso de Suelos,Residuos de cosecha,3D2biv,4,"0,18",Emisión
6553,1994,1,Uso de Suelos,Uso de Suelos,Residuos de cosecha,3D2biv,4,"0,18",Emisión
6554,1995,1,Uso de Suelos,Uso de Suelos,Residuos de cosecha,3D2biv,4,"0,18",Emisión
6555,1996,1,Uso de Suelos,Uso de Suelos,Residuos de cosecha,3D2biv,4,"0,19",Emisión
6556,1997,1,Uso de Suelos,Uso de Suelos,Residuos de cosecha,3D2biv,4,"0,21",Emisión
6557,1998,1,Uso de Suelos,Uso de Suelos,Residuos de cosecha,3D2biv,4,"0,22",Emisión
6558,1999,1,Uso de Suelos,Uso de Suelos,Residuos de cosecha,3D2biv,4,"0,25",Emisión
6559,2000,1,Uso de Suelos,Uso de Suelos,Residuos de cosecha,3D2biv,4,"0,22",Emisión
6560,2001,1,Uso de Suelos,Uso de Suelos,Residuos de cosecha,3D2biv,4,"0,25",Emisión
6561,2002,1,Uso de Suelos,Uso de Suelos,Residuos de cosecha,3D2biv,4,"0,24",Emisión
6562,2003,1,Uso de Suelos,Uso de Suelos,Residuos de cosecha,3D2biv,4,"0,27",Emisión
6563,2004,1,Uso de Suelos,Uso de Suelos,Residuos de cosecha,3D2biv,4,"0,25",Emisión
6564,2005,1,Uso de Suelos,Uso de Suelos,Residuos de cosecha,3D2biv,4,"0,29",Emisión
6565,2006,1,Uso de Suelos,Uso de Suelos,Residuos de cosecha,3D2biv,4,"0,3",Emisión
6566,2007,1,Uso de Suelos,Uso de Suelos,Residuos de cosecha,3D2biv,4,"0,34",Emisión
6567,2008,1,Uso de Suelos,Uso de Suelos,Residuos de cosecha,3D2biv,4,"0,34",Emisión
6568,2009,1,Uso de Suelos,Uso de Suelos,Residuos de cosecha,3D2biv,4,"0,26",Emisión
6569,2010,1,Uso de Suelos,Uso de Suelos,Residuos de cosecha,3D2biv,4,"0,37",Emisión
6570,2011,1,Uso de Suelos,Uso de Suelos,Residuos de cosecha,3D2biv,4,"0,37",Emisión
6571,2012,1,Uso de Suelos,Uso de Suelos,Residuos de cosecha,3D2biv,4,"0,36",Emisión
6572,2013,1,Uso de Suelos,Uso de Suelos,Residuos de cosecha,3D2biv,4,"0,36",Emisión
6573,2014,1,Uso de Suelos,Uso de Suelos,Residuos de cosecha,3D2biv,4,"0,44",Emisión
6574,2015,1,Uso de Suelos,Uso de Suelos,Residuos de cosecha,3D2biv,4,"0,44",Emisión
6575,2016,1,Uso de Suelos,Uso de Suelos,Residuos de cosecha,3D2biv,4,"0,41",Emisión
6576,2017,1,Uso de Suelos,Uso de Suelos,Residuos de cosecha,3D2biv,4,"0,47",Emisión
6577,2018,1,Uso de Suelos,Uso de Suelos,Residuos de cosecha,3D2biv,4,"0,41",Emisión
6578,2019,1,Uso de Suelos,Uso de Suelos,Residuos de cosecha,3D2biv,4,"0,52",Emisión
6579,2020,1,Uso de Suelos,Uso de Suelos,Residuos de cosecha,3D2biv,4,"0,46",Emisión
6580,2021,1,Uso de Suelos,Uso de Suelos,Residuos de cosecha,3D2biv,4,"0,5",Emisión
6581,2022,1,Uso de Suelos,Uso de Suelos,Residuos de cosecha,3D2biv,4,"0,48",Emisión
6582,1990,1,Uso de Suelos,Cambio de carbono en suelos,Mineralización de N por pérdida de materia orgánica de suelos,3D2bv,4,"0,07",Emisión
6583,1991,1,Uso de Suelos,Cambio de carbono en suelos,Mineralización de N por pérdida de materia orgánica de suelos,3D2bv,4,"0,06",Emisión
6584,1992,1,Uso de Suelos,Cambio de carbono en suelos,Mineralización de N por pérdida de materia orgánica de suelos,3D2bv,4,"0,07",Emisión
6585,1993,1,Uso de Suelos,Cambio de carbono en suelos,Mineralización de N por pérdida de materia orgánica de suelos,3D2bv,4,"0,06",Emisión
6586,1994,1,Uso de Suelos,Cambio de carbono en suelos,Mineralización de N por pérdida de materia orgánica de suelos,3D2bv,4,"0,07",Emisión
6587,1995,1,Uso de Suelos,Cambio de carbono en suelos,Mineralización de N por pérdida de materia orgánica de suelos,3D2bv,4,"0,08",Emisión
6588,1996,1,Uso de Suelos,Cambio de carbono en suelos,Mineralización de N por pérdida de materia orgánica de suelos,3D2bv,4,"0,09",Emisión
6589,1997,1,Uso de Suelos,Cambio de carbono en suelos,Mineralización de N por pérdida de materia orgánica de suelos,3D2bv,4,"0,12",Emisión
6590,1998,1,Uso de Suelos,Cambio de carbono en suelos,Mineralización de N por pérdida de materia orgánica de suelos,3D2bv,4,"0,1",Emisión
6591,1999,1,Uso de Suelos,Cambio de carbono en suelos,Mineralización de N por pérdida de materia orgánica de suelos,3D2bv,4,"0,1",Emisión
6592,2000,1,Uso de Suelos,Cambio de carbono en suelos,Mineralización de N por pérdida de materia orgánica de suelos,3D2bv,4,"0,09",Emisión
6593,2001,1,Uso de Suelos,Cambio de carbono en suelos,Mineralización de N por pérdida de materia orgánica de suelos,3D2bv,4,"0,07",Emisión
6594,2002,1,Uso de Suelos,Cambio de carbono en suelos,Mineralización de N por pérdida de materia orgánica de suelos,3D2bv,4,"0,06",Emisión
6595,2003,1,Uso de Suelos,Cambio de carbono en suelos,Mineralización de N por pérdida de materia orgánica de suelos,3D2bv,4,"0,07",Emisión
6596,2004,1,Uso de Suelos,Cambio de carbono en suelos,Mineralización de N por pérdida de materia orgánica de suelos,3D2bv,4,"0,09",Emisión
6597,2005,1,Uso de Suelos,Cambio de carbono en suelos,Mineralización de N por pérdida de materia orgánica de suelos,3D2bv,4,"0,09",Emisión
6598,2006,1,Uso de Suelos,Cambio de carbono en suelos,Mineralización de N por pérdida de materia orgánica de suelos,3D2bv,4,"0,09",Emisión
6599,2007,1,Uso de Suelos,Cambio de carbono en suelos,Mineralización de N por pérdida de materia orgánica de suelos,3D2bv,4,"0,11",Emisión
6600,2008,1,Uso de Suelos,Cambio de carbono en suelos,Mineralización de N por pérdida de materia orgánica de suelos,3D2bv,4,"0,11",Emisión
6601,2009,1,Uso de Suelos,Cambio de carbono en suelos,Mineralización de N por pérdida de materia orgánica de suelos,3D2bv,4,"0,08",Emisión
6602,2010,1,Uso de Suelos,Cambio de carbono en suelos,Mineralización de N por pérdida de materia orgánica de suelos,3D2bv,4,"0,09",Emisión
6603,2011,1,Uso de Suelos,Cambio de carbono en suelos,Mineralización de N por pérdida de materia orgánica de suelos,3D2bv,4,"0,1",Emisión
6604,2012,1,Uso de Suelos,Cambio de carbono en suelos,Mineralización de N por pérdida de materia orgánica de suelos,3D2bv,4,"0,09",Emisión
6605,2013,1,Uso de Suelos,Cambio de carbono en suelos,Mineralización de N por pérdida de materia orgánica de suelos,3D2bv,4,"0,08",Emisión
6606,2014,1,Uso de Suelos,Cambio de carbono en suelos,Mineralización de N por pérdida de materia orgánica de suelos,3D2bv,4,"0,1",Emisión
6607,2015,1,Uso de Suelos,Cambio de carbono en suelos,Mineralización de N por pérdida de materia orgánica de suelos,3D2bv,4,"0,09",Emisión
6608,2016,1,Uso de Suelos,Cambio de carbono en suelos,Mineralización de N por pérdida de materia orgánica de suelos,3D2bv,4,"0,06",Emisión
6609,2017,1,Uso de Suelos,Cambio de carbono en suelos,Mineralización de N por pérdida de materia orgánica de suelos,3D2bv,4,"0,04",Emisión
6610,2018,1,Uso de Suelos,Cambio de carbono en suelos,Mineralización de N por pérdida de materia orgánica de suelos,3D2bv,4,"0,05",Emisión
6611,2019,1,Uso de Suelos,Cambio de carbono en suelos,Mineralización de N por pérdida de materia orgánica de suelos,3D2bv,4,"0,03",Emisión
6612,2020,1,Uso de Suelos,Cambio de carbono en suelos,Mineralización de N por pérdida de materia orgánica de suelos,3D2bv,4,"0,04",Emisión
6613,2021,1,Uso de Suelos,Cambio de carbono en suelos,Mineralización de N por pérdida de materia orgánica de suelos,3D2bv,4,"0,03",Emisión
6614,2022,1,Uso de Suelos,Cambio de carbono en suelos,Mineralización de N por pérdida de materia orgánica de suelos,3D2bv,4,"0,04",Emisión
6615,1990,1,Uso de Suelos,Uso de Suelos,Quema de cultivos de caña de azúcar,3F,1,"0,17",Emisión
6616,1991,1,Uso de Suelos,Uso de Suelos,Quema de cultivos de caña de azúcar,3F,1,"0,18",Emisión
6617,1992,1,Uso de Suelos,Uso de Suelos,Quema de cultivos de caña de azúcar,3F,1,"0,15",Emisión
6618,1993,1,Uso de Suelos,Uso de Suelos,Quema de cultivos de caña de azúcar,3F,1,"0,11",Emisión
6619,1994,1,Uso de Suelos,Uso de Suelos,Quema de cultivos de caña de azúcar,3F,1,"0,1",Emisión
6620,1995,1,Uso de Suelos,Uso de Suelos,Quema de cultivos de caña de azúcar,3F,1,"0,12",Emisión
6621,1996,1,Uso de Suelos,Uso de Suelos,Quema de cultivos de caña de azúcar,3F,1,"0,13",Emisión
6622,1997,1,Uso de Suelos,Uso de Suelos,Quema de cultivos de caña de azúcar,3F,1,"0,11",Emisión
6623,1998,1,Uso de Suelos,Uso de Suelos,Quema de cultivos de caña de azúcar,3F,1,"0,12",Emisión
6624,1999,1,Uso de Suelos,Uso de Suelos,Quema de cultivos de caña de azúcar,3F,1,"0,12",Emisión
6625,1990,1,Uso de Suelos,Uso de Suelos,Quema de cultivos de caña de azúcar,3F,4,"0,04",Emisión
6626,1991,1,Uso de Suelos,Uso de Suelos,Quema de cultivos de caña de azúcar,3F,4,"0,05",Emisión
6627,1992,1,Uso de Suelos,Uso de Suelos,Quema de cultivos de caña de azúcar,3F,4,"0,04",Emisión
6628,1993,1,Uso de Suelos,Uso de Suelos,Quema de cultivos de caña de azúcar,3F,4,"0,03",Emisión
6629,1994,1,Uso de Suelos,Uso de Suelos,Quema de cultivos de caña de azúcar,3F,4,"0,03",Emisión
6630,1995,1,Uso de Suelos,Uso de Suelos,Quema de cultivos de caña de azúcar,3F,4,"0,03",Emisión
6631,1996,1,Uso de Suelos,Uso de Suelos,Quema de cultivos de caña de azúcar,3F,4,"0,03",Emisión
6632,1997,1,Uso de Suelos,Uso de Suelos,Quema de cultivos de caña de azúcar,3F,4,"0,03",Emisión
6633,1998,1,Uso de Suelos,Uso de Suelos,Quema de cultivos de caña de azúcar,3F,4,"0,03",Emisión
6634,1999,1,Uso de Suelos,Uso de Suelos,Quema de cultivos de caña de azúcar,3F,4,"0,03",Emisión
6635,2000,1,Uso de Suelos,Uso de Suelos,Quema de cultivos de caña de azúcar,3F,1,"0,11",Emisión
6636,2001,1,Uso de Suelos,Uso de Suelos,Quema de cultivos de caña de azúcar,3F,1,"0,1",Emisión
6637,2002,1,Uso de Suelos,Uso de Suelos,Quema de cultivos de caña de azúcar,3F,1,"0,1",Emisión
6638,2003,1,Uso de Suelos,Uso de Suelos,Quema de cultivos de caña de azúcar,3F,1,"0,1",Emisión
6639,2004,1,Uso de Suelos,Uso de Suelos,Quema de cultivos de caña de azúcar,3F,1,"0,09",Emisión
6640,2005,1,Uso de Suelos,Uso de Suelos,Quema de cultivos de caña de azúcar,3F,1,"0,09",Emisión
6641,2006,1,Uso de Suelos,Uso de Suelos,Quema de cultivos de caña de azúcar,3F,1,"0,09",Emisión
6642,2007,1,Uso de Suelos,Uso de Suelos,Quema de cultivos de caña de azúcar,3F,1,"0,09",Emisión
6643,2008,1,Uso de Suelos,Uso de Suelos,Quema de cultivos de caña de azúcar,3F,1,"0,08",Emisión
6644,2009,1,Uso de Suelos,Uso de Suelos,Quema de cultivos de caña de azúcar,3F,1,"0,08",Emisión
6645,2000,1,Uso de Suelos,Uso de Suelos,Quema de cultivos de caña de azúcar,3F,4,"0,03",Emisión
6646,2001,1,Uso de Suelos,Uso de Suelos,Quema de cultivos de caña de azúcar,3F,4,"0,03",Emisión
6647,2002,1,Uso de Suelos,Uso de Suelos,Quema de cultivos de caña de azúcar,3F,4,"0,02",Emisión
6648,2003,1,Uso de Suelos,Uso de Suelos,Quema de cultivos de caña de azúcar,3F,4,"0,02",Emisión
6649,2004,1,Uso de Suelos,Uso de Suelos,Quema de cultivos de caña de azúcar,3F,4,"0,02",Emisión
6650,2005,1,Uso de Suelos,Uso de Suelos,Quema de cultivos de caña de azúcar,3F,4,"0,02",Emisión
6651,2006,1,Uso de Suelos,Uso de Suelos,Quema de cultivos de caña de azúcar,3F,4,"0,02",Emisión
6652,2007,1,Uso de Suelos,Uso de Suelos,Quema de cultivos de caña de azúcar,3F,4,"0,02",Emisión
6653,2008,1,Uso de Suelos,Uso de Suelos,Quema de cultivos de caña de azúcar,3F,4,"0,02",Emisión
6654,2009,1,Uso de Suelos,Uso de Suelos,Quema de cultivos de caña de azúcar,3F,4,"0,02",Emisión
6655,2010,1,Uso de Suelos,Uso de Suelos,Quema de cultivos de caña de azúcar,3F,1,"0,08",Emisión
6656,2011,1,Uso de Suelos,Uso de Suelos,Quema de cultivos de caña de azúcar,3F,1,"0,08",Emisión
6657,2012,1,Uso de Suelos,Uso de Suelos,Quema de cultivos de caña de azúcar,3F,1,"0,08",Emisión
6658,2013,1,Uso de Suelos,Uso de Suelos,Quema de cultivos de caña de azúcar,3F,1,"0,07",Emisión
6659,2014,1,Uso de Suelos,Uso de Suelos,Quema de cultivos de caña de azúcar,3F,1,"0,02",Emisión
6660,2015,1,Uso de Suelos,Uso de Suelos,Quema de cultivos de caña de azúcar,3F,1,"0,02",Emisión
6661,2016,1,Uso de Suelos,Uso de Suelos,Quema de cultivos de caña de azúcar,3F,1,"0,03",Emisión
6662,2017,1,Uso de Suelos,Uso de Suelos,Quema de cultivos de caña de azúcar,3F,1,"0,04",Emisión
6663,2018,1,Uso de Suelos,Uso de Suelos,Quema de cultivos de caña de azúcar,3F,1,"0,05",Emisión
6664,2019,1,Uso de Suelos,Uso de Suelos,Quema de cultivos de caña de azúcar,3F,1,"0,03",Emisión
6665,2010,1,Uso de Suelos,Uso de Suelos,Quema de cultivos de caña de azúcar,3F,4,"0,02",Emisión
6666,2011,1,Uso de Suelos,Uso de Suelos,Quema de cultivos de caña de azúcar,3F,4,"0,02",Emisión
6667,2012,1,Uso de Suelos,Uso de Suelos,Quema de cultivos de caña de azúcar,3F,4,"0,02",Emisión
6668,2013,1,Uso de Suelos,Uso de Suelos,Quema de cultivos de caña de azúcar,3F,4,"0,02",Emisión
6669,2014,1,Uso de Suelos,Uso de Suelos,Quema de cultivos de caña de azúcar,3F,4,"0,01",Emisión
6670,2015,1,Uso de Suelos,Uso de Suelos,Quema de cultivos de caña de azúcar,3F,4,"0,0",Sin emisión/remoción
6671,2016,1,Uso de Suelos,Uso de Suelos,Quema de cultivos de caña de azúcar,3F,4,"0,01",Emisión
6672,2017,1,Uso de Suelos,Uso de Suelos,Quema de cultivos de caña de azúcar,3F,4,"0,01",Emisión
6673,2018,1,Uso de Suelos,Uso de Suelos,Quema de cultivos de caña de azúcar,3F,4,"0,01",Emisión
6674,2019,1,Uso de Suelos,Uso de Suelos,Quema de cultivos de caña de azúcar,3F,4,"0,01",Emisión
6675,2020,1,Uso de Suelos,Uso de Suelos,Quema de cultivos de caña de azúcar,3F,1,"0,06",Emisión
6676,2021,1,Uso de Suelos,Uso de Suelos,Quema de cultivos de caña de azúcar,3F,1,"0,05",Emisión
6677,2022,1,Uso de Suelos,Uso de Suelos,Quema de cultivos de caña de azúcar,3F,1,"0,05",Emisión
6678,2020,1,Uso de Suelos,Uso de Suelos,Quema de cultivos de caña de azúcar,3F,4,"0,01",Emisión
6679,2021,1,Uso de Suelos,Uso de Suelos,Quema de cultivos de caña de azúcar,3F,4,"0,01",Emisión
6680,2022,1,Uso de Suelos,Uso de Suelos,Quema de cultivos de caña de azúcar,3F,4,"0,01",Emisión
6681,1990,1,Uso de Suelos,Uso de Suelos,Aplicación de urea,3H,2,"0,14",Emisión
6682,1991,1,Uso de Suelos,Uso de Suelos,Aplicación de urea,3H,2,"0,14",Emisión
6683,1992,1,Uso de Suelos,Uso de Suelos,Aplicación de urea,3H,2,"0,14",Emisión
6684,1993,1,Uso de Suelos,Uso de Suelos,Aplicación de urea,3H,2,"0,14",Emisión
6685,1994,1,Uso de Suelos,Uso de Suelos,Aplicación de urea,3H,2,"0,22",Emisión
6686,1995,1,Uso de Suelos,Uso de Suelos,Aplicación de urea,3H,2,"0,24",Emisión
6687,1996,1,Uso de Suelos,Uso de Suelos,Aplicación de urea,3H,2,"0,4",Emisión
6688,1997,1,Uso de Suelos,Uso de Suelos,Aplicación de urea,3H,2,"0,37",Emisión
6689,1998,1,Uso de Suelos,Uso de Suelos,Aplicación de urea,3H,2,"0,36",Emisión
6690,1999,1,Uso de Suelos,Uso de Suelos,Aplicación de urea,3H,2,"0,47",Emisión
6691,2000,1,Uso de Suelos,Uso de Suelos,Aplicación de urea,3H,2,"0,47",Emisión
6692,2001,1,Uso de Suelos,Uso de Suelos,Aplicación de urea,3H,2,"0,52",Emisión
6693,2002,1,Uso de Suelos,Uso de Suelos,Aplicación de urea,3H,2,"0,47",Emisión
6694,2003,1,Uso de Suelos,Uso de Suelos,Aplicación de urea,3H,2,"0,61",Emisión
6695,2004,1,Uso de Suelos,Uso de Suelos,Aplicación de urea,3H,2,"0,69",Emisión
6696,2005,1,Uso de Suelos,Uso de Suelos,Aplicación de urea,3H,2,"0,56",Emisión
6697,2006,1,Uso de Suelos,Uso de Suelos,Aplicación de urea,3H,2,"0,75",Emisión
6698,2007,1,Uso de Suelos,Uso de Suelos,Aplicación de urea,3H,2,"0,7",Emisión
6699,2008,1,Uso de Suelos,Uso de Suelos,Aplicación de urea,3H,2,"0,65",Emisión
6700,2009,1,Uso de Suelos,Uso de Suelos,Aplicación de urea,3H,2,"0,65",Emisión
6701,2010,1,Uso de Suelos,Uso de Suelos,Aplicación de urea,3H,2,"0,86",Emisión
6702,2011,1,Uso de Suelos,Uso de Suelos,Aplicación de urea,3H,2,"0,96",Emisión
6703,2012,1,Uso de Suelos,Uso de Suelos,Aplicación de urea,3H,2,"0,79",Emisión
6704,2013,1,Uso de Suelos,Uso de Suelos,Aplicación de urea,3H,2,"0,85",Emisión
6705,2014,1,Uso de Suelos,Uso de Suelos,Aplicación de urea,3H,2,"0,9",Emisión
6706,2015,1,Uso de Suelos,Uso de Suelos,Aplicación de urea,3H,2,"0,7",Emisión
6707,2016,1,Uso de Suelos,Uso de Suelos,Aplicación de urea,3H,2,"1,04",Emisión
6708,2017,1,Uso de Suelos,Uso de Suelos,Aplicación de urea,3H,2,"1,09",Emisión
6709,2018,1,Uso de Suelos,Uso de Suelos,Aplicación de urea,3H,2,"1,34",Emisión
6710,2019,1,Uso de Suelos,Uso de Suelos,Aplicación de urea,3H,2,"1,5",Emisión
6711,2020,1,Uso de Suelos,Uso de Suelos,Aplicación de urea,3H,2,"1,69",Emisión
6712,2021,1,Uso de Suelos,Uso de Suelos,Aplicación de urea,3H,2,"1,85",Emisión
6713,2022,1,Uso de Suelos,Uso de Suelos,Aplicación de urea,3H,2,"1,61",Emisión
6714,1990,1,Uso de Suelos,Uso de Suelos,Quema de biomasa en tierras forestales,4(IV)A1b1,1,"5,53",Emisión
6715,1991,1,Uso de Suelos,Uso de Suelos,Quema de biomasa en tierras forestales,4(IV)A1b1,1,"5,53",Emisión
6716,1992,1,Uso de Suelos,Uso de Suelos,Quema de biomasa en tierras forestales,4(IV)A1b1,1,"5,53",Emisión
6717,1993,1,Uso de Suelos,Uso de Suelos,Quema de biomasa en tierras forestales,4(IV)A1b1,1,"5,53",Emisión
6718,1994,1,Uso de Suelos,Uso de Suelos,Quema de biomasa en tierras forestales,4(IV)A1b1,1,"1,76",Emisión
6719,1995,1,Uso de Suelos,Uso de Suelos,Quema de biomasa en tierras forestales,4(IV)A1b1,1,"1,57",Emisión
6720,1996,1,Uso de Suelos,Uso de Suelos,Quema de biomasa en tierras forestales,4(IV)A1b1,1,"0,76",Emisión
6721,1997,1,Uso de Suelos,Uso de Suelos,Quema de biomasa en tierras forestales,4(IV)A1b1,1,"0,4",Emisión
6722,1998,1,Uso de Suelos,Uso de Suelos,Quema de biomasa en tierras forestales,4(IV)A1b1,1,"1,21",Emisión
6723,1999,1,Uso de Suelos,Uso de Suelos,Quema de biomasa en tierras forestales,4(IV)A1b1,1,"0,69",Emisión
6724,2000,1,Uso de Suelos,Uso de Suelos,Quema de biomasa en tierras forestales,4(IV)A1b1,1,"4,08",Emisión
6725,2001,1,Uso de Suelos,Uso de Suelos,Quema de biomasa en tierras forestales,4(IV)A1b1,1,"4,21",Emisión
6726,2002,1,Uso de Suelos,Uso de Suelos,Quema de biomasa en tierras forestales,4(IV)A1b1,1,"3,41",Emisión
6727,2003,1,Uso de Suelos,Uso de Suelos,Quema de biomasa en tierras forestales,4(IV)A1b1,1,"4,34",Emisión
6728,2004,1,Uso de Suelos,Uso de Suelos,Quema de biomasa en tierras forestales,4(IV)A1b1,1,"0,34",Emisión
6729,2005,1,Uso de Suelos,Uso de Suelos,Quema de biomasa en tierras forestales,4(IV)A1b1,1,"0,89",Emisión
6730,2006,1,Uso de Suelos,Uso de Suelos,Quema de biomasa en tierras forestales,4(IV)A1b1,1,"0,57",Emisión
6731,2007,1,Uso de Suelos,Uso de Suelos,Quema de biomasa en tierras forestales,4(IV)A1b1,1,"0,13",Emisión
6732,2008,1,Uso de Suelos,Uso de Suelos,Quema de biomasa en tierras forestales,4(IV)A1b1,1,"0,39",Emisión
6733,2009,1,Uso de Suelos,Uso de Suelos,Quema de biomasa en tierras forestales,4(IV)A1b1,1,"0,47",Emisión
6734,2010,1,Uso de Suelos,Uso de Suelos,Quema de biomasa en tierras forestales,4(IV)A1b1,1,"0,22",Emisión
6735,2011,1,Uso de Suelos,Uso de Suelos,Quema de biomasa en tierras forestales,4(IV)A1b1,1,"0,23",Emisión
6736,2012,1,Uso de Suelos,Uso de Suelos,Quema de biomasa en tierras forestales,4(IV)A1b1,1,"0,2",Emisión
6737,2013,1,Uso de Suelos,Uso de Suelos,Quema de biomasa en tierras forestales,4(IV)A1b1,1,"0,44",Emisión
6738,2014,1,Uso de Suelos,Uso de Suelos,Quema de biomasa en tierras forestales,4(IV)A1b1,1,"0,68",Emisión
6739,2015,1,Uso de Suelos,Uso de Suelos,Quema de biomasa en tierras forestales,4(IV)A1b1,1,"0,55",Emisión
6740,2016,1,Uso de Suelos,Uso de Suelos,Quema de biomasa en tierras forestales,4(IV)A1b1,1,"0,76",Emisión
6741,2017,1,Uso de Suelos,Uso de Suelos,Quema de biomasa en tierras forestales,4(IV)A1b1,1,"2,37",Emisión
6742,2018,1,Uso de Suelos,Uso de Suelos,Quema de biomasa en tierras forestales,4(IV)A1b1,1,"1,07",Emisión
6743,2019,1,Uso de Suelos,Uso de Suelos,Quema de biomasa en tierras forestales,4(IV)A1b1,1,"0,76",Emisión
6744,2020,1,Uso de Suelos,Uso de Suelos,Quema de biomasa en tierras forestales,4(IV)A1b1,1,"0,62",Emisión
6745,2021,1,Uso de Suelos,Uso de Suelos,Quema de biomasa en tierras forestales,4(IV)A1b1,1,"0,24",Emisión
6746,2022,1,Uso de Suelos,Uso de Suelos,Quema de biomasa en tierras forestales,4(IV)A1b1,1,"0,67",Emisión
6747,1990,1,Uso de Suelos,Uso de Suelos,Quema de biomasa en tierras forestales,4(IV)A1b1,4,"1,54",Emisión
6748,1991,1,Uso de Suelos,Uso de Suelos,Quema de biomasa en tierras forestales,4(IV)A1b1,4,"1,54",Emisión
6749,1992,1,Uso de Suelos,Uso de Suelos,Quema de biomasa en tierras forestales,4(IV)A1b1,4,"1,54",Emisión
6750,1993,1,Uso de Suelos,Uso de Suelos,Quema de biomasa en tierras forestales,4(IV)A1b1,4,"1,54",Emisión
6751,1994,1,Uso de Suelos,Uso de Suelos,Quema de biomasa en tierras forestales,4(IV)A1b1,4,"0,49",Emisión
6752,1995,1,Uso de Suelos,Uso de Suelos,Quema de biomasa en tierras forestales,4(IV)A1b1,4,"0,44",Emisión
6753,1996,1,Uso de Suelos,Uso de Suelos,Quema de biomasa en tierras forestales,4(IV)A1b1,4,"0,21",Emisión
6754,1997,1,Uso de Suelos,Uso de Suelos,Quema de biomasa en tierras forestales,4(IV)A1b1,4,"0,11",Emisión
6755,1998,1,Uso de Suelos,Uso de Suelos,Quema de biomasa en tierras forestales,4(IV)A1b1,4,"0,34",Emisión
6756,1999,1,Uso de Suelos,Uso de Suelos,Quema de biomasa en tierras forestales,4(IV)A1b1,4,"0,19",Emisión
6757,2000,1,Uso de Suelos,Uso de Suelos,Quema de biomasa en tierras forestales,4(IV)A1b1,4,"1,13",Emisión
6758,2001,1,Uso de Suelos,Uso de Suelos,Quema de biomasa en tierras forestales,4(IV)A1b1,4,"1,17",Emisión
6759,2002,1,Uso de Suelos,Uso de Suelos,Quema de biomasa en tierras forestales,4(IV)A1b1,4,"0,95",Emisión
6760,2003,1,Uso de Suelos,Uso de Suelos,Quema de biomasa en tierras forestales,4(IV)A1b1,4,"1,21",Emisión
6761,2004,1,Uso de Suelos,Uso de Suelos,Quema de biomasa en tierras forestales,4(IV)A1b1,4,"0,09",Emisión
6762,2005,1,Uso de Suelos,Uso de Suelos,Quema de biomasa en tierras forestales,4(IV)A1b1,4,"0,25",Emisión
6763,2006,1,Uso de Suelos,Uso de Suelos,Quema de biomasa en tierras forestales,4(IV)A1b1,4,"0,16",Emisión
6764,2007,1,Uso de Suelos,Uso de Suelos,Quema de biomasa en tierras forestales,4(IV)A1b1,4,"0,04",Emisión
6765,2008,1,Uso de Suelos,Uso de Suelos,Quema de biomasa en tierras forestales,4(IV)A1b1,4,"0,11",Emisión
6766,2009,1,Uso de Suelos,Uso de Suelos,Quema de biomasa en tierras forestales,4(IV)A1b1,4,"0,13",Emisión
6767,2010,1,Uso de Suelos,Uso de Suelos,Quema de biomasa en tierras forestales,4(IV)A1b1,4,"0,06",Emisión
6768,2011,1,Uso de Suelos,Uso de Suelos,Quema de biomasa en tierras forestales,4(IV)A1b1,4,"0,06",Emisión
6769,2012,1,Uso de Suelos,Uso de Suelos,Quema de biomasa en tierras forestales,4(IV)A1b1,4,"0,06",Emisión
6770,2013,1,Uso de Suelos,Uso de Suelos,Quema de biomasa en tierras forestales,4(IV)A1b1,4,"0,12",Emisión
6771,2014,1,Uso de Suelos,Uso de Suelos,Quema de biomasa en tierras forestales,4(IV)A1b1,4,"0,19",Emisión
6772,2015,1,Uso de Suelos,Uso de Suelos,Quema de biomasa en tierras forestales,4(IV)A1b1,4,"0,15",Emisión
6773,2016,1,Uso de Suelos,Uso de Suelos,Quema de biomasa en tierras forestales,4(IV)A1b1,4,"0,21",Emisión
6774,2017,1,Uso de Suelos,Uso de Suelos,Quema de biomasa en tierras forestales,4(IV)A1b1,4,"0,66",Emisión
6775,2018,1,Uso de Suelos,Uso de Suelos,Quema de biomasa en tierras forestales,4(IV)A1b1,4,"0,3",Emisión
6776,2019,1,Uso de Suelos,Uso de Suelos,Quema de biomasa en tierras forestales,4(IV)A1b1,4,"0,21",Emisión
6777,2020,1,Uso de Suelos,Uso de Suelos,Quema de biomasa en tierras forestales,4(IV)A1b1,4,"0,17",Emisión
6778,2021,1,Uso de Suelos,Uso de Suelos,Quema de biomasa en tierras forestales,4(IV)A1b1,4,"0,07",Emisión
6779,2022,1,Uso de Suelos,Uso de Suelos,Quema de biomasa en tierras forestales,4(IV)A1b1,4,"0,19",Emisión
6780,1990,1,Uso de Suelos,Uso de Suelos,Quema de biomasa en tierras forestales,4(IV)A1b2,1,"0,01",Emisión
6781,1991,1,Uso de Suelos,Uso de Suelos,Quema de biomasa en tierras forestales,4(IV)A1b2,1,"0,01",Emisión
6782,1992,1,Uso de Suelos,Uso de Suelos,Quema de biomasa en tierras forestales,4(IV)A1b2,1,"0,01",Emisión
6783,1993,1,Uso de Suelos,Uso de Suelos,Quema de biomasa en tierras forestales,4(IV)A1b2,1,"0,01",Emisión
6784,1994,1,Uso de Suelos,Uso de Suelos,Quema de biomasa en tierras forestales,4(IV)A1b2,1,"0,0",Sin emisión/remoción
6785,1995,1,Uso de Suelos,Uso de Suelos,Quema de biomasa en tierras forestales,4(IV)A1b2,1,"0,03",Emisión
6786,1996,1,Uso de Suelos,Uso de Suelos,Quema de biomasa en tierras forestales,4(IV)A1b2,1,"0,04",Emisión
6787,1997,1,Uso de Suelos,Uso de Suelos,Quema de biomasa en tierras forestales,4(IV)A1b2,1,"0,02",Emisión
6788,1998,1,Uso de Suelos,Uso de Suelos,Quema de biomasa en tierras forestales,4(IV)A1b2,1,"0,02",Emisión
6789,1999,1,Uso de Suelos,Uso de Suelos,Quema de biomasa en tierras forestales,4(IV)A1b2,1,"0,08",Emisión
6790,2000,1,Uso de Suelos,Uso de Suelos,Quema de biomasa en tierras forestales,4(IV)A1b2,1,"0,04",Emisión
6791,2001,1,Uso de Suelos,Uso de Suelos,Quema de biomasa en tierras forestales,4(IV)A1b2,1,"0,09",Emisión
6792,2002,1,Uso de Suelos,Uso de Suelos,Quema de biomasa en tierras forestales,4(IV)A1b2,1,"0,07",Emisión
6793,2003,1,Uso de Suelos,Uso de Suelos,Quema de biomasa en tierras forestales,4(IV)A1b2,1,"0,07",Emisión
6794,2004,1,Uso de Suelos,Uso de Suelos,Quema de biomasa en tierras forestales,4(IV)A1b2,1,"0,06",Emisión
6795,2005,1,Uso de Suelos,Uso de Suelos,Quema de biomasa en tierras forestales,4(IV)A1b2,1,"0,08",Emisión
6796,2006,1,Uso de Suelos,Uso de Suelos,Quema de biomasa en tierras forestales,4(IV)A1b2,1,"0,09",Emisión
6797,2007,1,Uso de Suelos,Uso de Suelos,Quema de biomasa en tierras forestales,4(IV)A1b2,1,"0,02",Emisión
6798,2008,1,Uso de Suelos,Uso de Suelos,Quema de biomasa en tierras forestales,4(IV)A1b2,1,"0,09",Emisión
6799,2009,1,Uso de Suelos,Uso de Suelos,Quema de biomasa en tierras forestales,4(IV)A1b2,1,"0,07",Emisión
6800,2010,1,Uso de Suelos,Uso de Suelos,Quema de biomasa en tierras forestales,4(IV)A1b2,1,"0,01",Emisión
6801,2011,1,Uso de Suelos,Uso de Suelos,Quema de biomasa en tierras forestales,4(IV)A1b2,1,"0,02",Emisión
6802,2012,1,Uso de Suelos,Uso de Suelos,Quema de biomasa en tierras forestales,4(IV)A1b2,1,"0,06",Emisión
6803,2013,1,Uso de Suelos,Uso de Suelos,Quema de biomasa en tierras forestales,4(IV)A1b2,1,"0,07",Emisión
6804,2014,1,Uso de Suelos,Uso de Suelos,Quema de biomasa en tierras forestales,4(IV)A1b2,1,"0,01",Emisión
6805,2015,1,Uso de Suelos,Uso de Suelos,Quema de biomasa en tierras forestales,4(IV)A1b2,1,"0,01",Emisión
6806,2016,1,Uso de Suelos,Uso de Suelos,Quema de biomasa en tierras forestales,4(IV)A1b2,1,"0,01",Emisión
6807,2017,1,Uso de Suelos,Uso de Suelos,Quema de biomasa en tierras forestales,4(IV)A1b2,1,"0,01",Emisión
6808,2018,1,Uso de Suelos,Uso de Suelos,Quema de biomasa en tierras forestales,4(IV)A1b2,1,"0,11",Emisión
6809,2019,1,Uso de Suelos,Uso de Suelos,Quema de biomasa en tierras forestales,4(IV)A1b2,1,"0,02",Emisión
6810,2020,1,Uso de Suelos,Uso de Suelos,Quema de biomasa en tierras forestales,4(IV)A1b2,1,"0,06",Emisión
6811,2021,1,Uso de Suelos,Uso de Suelos,Quema de biomasa en tierras forestales,4(IV)A1b2,1,"0,04",Emisión
6812,2022,1,Uso de Suelos,Uso de Suelos,Quema de biomasa en tierras forestales,4(IV)A1b2,1,"0,02",Emisión
6813,1990,1,Uso de Suelos,Uso de Suelos,Quema de biomasa en tierras forestales,4(IV)A1b2,4,"0,0",Sin emisión/remoción
6814,1991,1,Uso de Suelos,Uso de Suelos,Quema de biomasa en tierras forestales,4(IV)A1b2,4,"0,0",Sin emisión/remoción
6815,1992,1,Uso de Suelos,Uso de Suelos,Quema de biomasa en tierras forestales,4(IV)A1b2,4,"0,0",Sin emisión/remoción
6816,1993,1,Uso de Suelos,Uso de Suelos,Quema de biomasa en tierras forestales,4(IV)A1b2,4,"0,0",Sin emisión/remoción
6817,1994,1,Uso de Suelos,Uso de Suelos,Quema de biomasa en tierras forestales,4(IV)A1b2,4,"0,0",Sin emisión/remoción
6818,1995,1,Uso de Suelos,Uso de Suelos,Quema de biomasa en tierras forestales,4(IV)A1b2,4,"0,01",Emisión
6819,1996,1,Uso de Suelos,Uso de Suelos,Quema de biomasa en tierras forestales,4(IV)A1b2,4,"0,01",Emisión
6820,1997,1,Uso de Suelos,Uso de Suelos,Quema de biomasa en tierras forestales,4(IV)A1b2,4,"0,01",Emisión
6821,1998,1,Uso de Suelos,Uso de Suelos,Quema de biomasa en tierras forestales,4(IV)A1b2,4,"0,0",Sin emisión/remoción
6822,1999,1,Uso de Suelos,Uso de Suelos,Quema de biomasa en tierras forestales,4(IV)A1b2,4,"0,02",Emisión
6823,2000,1,Uso de Suelos,Uso de Suelos,Quema de biomasa en tierras forestales,4(IV)A1b2,4,"0,01",Emisión
6824,2001,1,Uso de Suelos,Uso de Suelos,Quema de biomasa en tierras forestales,4(IV)A1b2,4,"0,02",Emisión
6825,2002,1,Uso de Suelos,Uso de Suelos,Quema de biomasa en tierras forestales,4(IV)A1b2,4,"0,02",Emisión
6826,2003,1,Uso de Suelos,Uso de Suelos,Quema de biomasa en tierras forestales,4(IV)A1b2,4,"0,02",Emisión
6827,2004,1,Uso de Suelos,Uso de Suelos,Quema de biomasa en tierras forestales,4(IV)A1b2,4,"0,02",Emisión
6828,2005,1,Uso de Suelos,Uso de Suelos,Quema de biomasa en tierras forestales,4(IV)A1b2,4,"0,02",Emisión
6829,2006,1,Uso de Suelos,Uso de Suelos,Quema de biomasa en tierras forestales,4(IV)A1b2,4,"0,02",Emisión
6830,2007,1,Uso de Suelos,Uso de Suelos,Quema de biomasa en tierras forestales,4(IV)A1b2,4,"0,01",Emisión
6831,2008,1,Uso de Suelos,Uso de Suelos,Quema de biomasa en tierras forestales,4(IV)A1b2,4,"0,02",Emisión
6832,2009,1,Uso de Suelos,Uso de Suelos,Quema de biomasa en tierras forestales,4(IV)A1b2,4,"0,02",Emisión
6833,2010,1,Uso de Suelos,Uso de Suelos,Quema de biomasa en tierras forestales,4(IV)A1b2,4,"0,0",Sin emisión/remoción
6834,2011,1,Uso de Suelos,Uso de Suelos,Quema de biomasa en tierras forestales,4(IV)A1b2,4,"0,0",Sin emisión/remoción
6835,2012,1,Uso de Suelos,Uso de Suelos,Quema de biomasa en tierras forestales,4(IV)A1b2,4,"0,02",Emisión
6836,2013,1,Uso de Suelos,Uso de Suelos,Quema de biomasa en tierras forestales,4(IV)A1b2,4,"0,02",Emisión
6837,2014,1,Uso de Suelos,Uso de Suelos,Quema de biomasa en tierras forestales,4(IV)A1b2,4,"0,0",Sin emisión/remoción
6838,2015,1,Uso de Suelos,Uso de Suelos,Quema de biomasa en tierras forestales,4(IV)A1b2,4,"0,0",Sin emisión/remoción
6839,2016,1,Uso de Suelos,Uso de Suelos,Quema de biomasa en tierras forestales,4(IV)A1b2,4,"0,0",Sin emisión/remoción
6840,2017,1,Uso de Suelos,Uso de Suelos,Quema de biomasa en tierras forestales,4(IV)A1b2,4,"0,0",Sin emisión/remoción
6841,2018,1,Uso de Suelos,Uso de Suelos,Quema de biomasa en tierras forestales,4(IV)A1b2,4,"0,03",Emisión
6842,2019,1,Uso de Suelos,Uso de Suelos,Quema de biomasa en tierras forestales,4(IV)A1b2,4,"0,01",Emisión
6843,2020,1,Uso de Suelos,Uso de Suelos,Quema de biomasa en tierras forestales,4(IV)A1b2,4,"0,02",Emisión
6844,2021,1,Uso de Suelos,Uso de Suelos,Quema de biomasa en tierras forestales,4(IV)A1b2,4,"0,01",Emisión
6845,2022,1,Uso de Suelos,Uso de Suelos,Quema de biomasa en tierras forestales,4(IV)A1b2,4,"0,01",Emisión
6846,1990,1,Uso de Suelos,Uso de Suelos,Quema de biomasa en suelos cultivados,4(IV)B2,1,"1,04",Emisión
6847,1990,1,Uso de Suelos,Uso de Suelos,Quema de biomasa en suelos cultivados,4(IV)B2,4,"0,29",Emisión
6848,1991,1,Uso de Suelos,Uso de Suelos,Quema de biomasa en suelos cultivados,4(IV)B2,1,"0,97",Emisión
6849,1991,1,Uso de Suelos,Uso de Suelos,Quema de biomasa en suelos cultivados,4(IV)B2,4,"0,27",Emisión
6850,1992,1,Uso de Suelos,Uso de Suelos,Quema de biomasa en suelos cultivados,4(IV)B2,1,"1,38",Emisión
6851,1992,1,Uso de Suelos,Uso de Suelos,Quema de biomasa en suelos cultivados,4(IV)B2,4,"0,39",Emisión
6852,1993,1,Uso de Suelos,Uso de Suelos,Quema de biomasa en suelos cultivados,4(IV)B2,1,"0,9",Emisión
6853,1993,1,Uso de Suelos,Uso de Suelos,Quema de biomasa en suelos cultivados,4(IV)B2,4,"0,25",Emisión
6854,1994,1,Uso de Suelos,Uso de Suelos,Quema de biomasa en suelos cultivados,4(IV)B2,1,"1,83",Emisión
6855,1994,1,Uso de Suelos,Uso de Suelos,Quema de biomasa en suelos cultivados,4(IV)B2,4,"0,51",Emisión
6856,1995,1,Uso de Suelos,Uso de Suelos,Quema de biomasa en suelos cultivados,4(IV)B2,1,"1,31",Emisión
6857,1995,1,Uso de Suelos,Uso de Suelos,Quema de biomasa en suelos cultivados,4(IV)B2,4,"0,37",Emisión
6858,1996,1,Uso de Suelos,Uso de Suelos,Quema de biomasa en suelos cultivados,4(IV)B2,1,"1,32",Emisión
6859,1996,1,Uso de Suelos,Uso de Suelos,Quema de biomasa en suelos cultivados,4(IV)B2,4,"0,37",Emisión
6860,1997,1,Uso de Suelos,Uso de Suelos,Quema de biomasa en suelos cultivados,4(IV)B2,1,"2,15",Emisión
6861,1997,1,Uso de Suelos,Uso de Suelos,Quema de biomasa en suelos cultivados,4(IV)B2,4,"0,6",Emisión
6862,1998,1,Uso de Suelos,Uso de Suelos,Quema de biomasa en suelos cultivados,4(IV)B2,1,"1,44",Emisión
6863,1998,1,Uso de Suelos,Uso de Suelos,Quema de biomasa en suelos cultivados,4(IV)B2,4,"0,4",Emisión
6864,1999,1,Uso de Suelos,Uso de Suelos,Quema de biomasa en suelos cultivados,4(IV)B2,1,"1,5",Emisión
6865,1999,1,Uso de Suelos,Uso de Suelos,Quema de biomasa en suelos cultivados,4(IV)B2,4,"0,42",Emisión
6866,2000,1,Uso de Suelos,Uso de Suelos,Quema de biomasa en suelos cultivados,4(IV)B2,1,"0,72",Emisión
6867,2000,1,Uso de Suelos,Uso de Suelos,Quema de biomasa en suelos cultivados,4(IV)B2,4,"0,2",Emisión
6868,2001,1,Uso de Suelos,Uso de Suelos,Quema de biomasa en suelos cultivados,4(IV)B2,1,"1,4",Emisión
6869,2001,1,Uso de Suelos,Uso de Suelos,Quema de biomasa en suelos cultivados,4(IV)B2,4,"0,39",Emisión
6870,2002,1,Uso de Suelos,Uso de Suelos,Quema de biomasa en suelos cultivados,4(IV)B2,1,"1,06",Emisión
6871,2002,1,Uso de Suelos,Uso de Suelos,Quema de biomasa en suelos cultivados,4(IV)B2,4,"0,29",Emisión
6872,2003,1,Uso de Suelos,Uso de Suelos,Quema de biomasa en suelos cultivados,4(IV)B2,1,"1,2",Emisión
6873,2003,1,Uso de Suelos,Uso de Suelos,Quema de biomasa en suelos cultivados,4(IV)B2,4,"0,34",Emisión
6874,2004,1,Uso de Suelos,Uso de Suelos,Quema de biomasa en suelos cultivados,4(IV)B2,1,"1,8",Emisión
6875,2004,1,Uso de Suelos,Uso de Suelos,Quema de biomasa en suelos cultivados,4(IV)B2,4,"0,5",Emisión
6876,2005,1,Uso de Suelos,Uso de Suelos,Quema de biomasa en suelos cultivados,4(IV)B2,1,"1,21",Emisión
6877,2005,1,Uso de Suelos,Uso de Suelos,Quema de biomasa en suelos cultivados,4(IV)B2,4,"0,34",Emisión
6878,2006,1,Uso de Suelos,Uso de Suelos,Quema de biomasa en suelos cultivados,4(IV)B2,1,"1,63",Emisión
6879,2006,1,Uso de Suelos,Uso de Suelos,Quema de biomasa en suelos cultivados,4(IV)B2,4,"0,45",Emisión
6880,2007,1,Uso de Suelos,Uso de Suelos,Quema de biomasa en suelos cultivados,4(IV)B2,1,"2,43",Emisión
6881,2007,1,Uso de Suelos,Uso de Suelos,Quema de biomasa en suelos cultivados,4(IV)B2,4,"0,68",Emisión
6882,2008,1,Uso de Suelos,Uso de Suelos,Quema de biomasa en suelos cultivados,4(IV)B2,1,"1,23",Emisión
6883,2008,1,Uso de Suelos,Uso de Suelos,Quema de biomasa en suelos cultivados,4(IV)B2,4,"0,34",Emisión
6884,2009,1,Uso de Suelos,Uso de Suelos,Quema de biomasa en suelos cultivados,4(IV)B2,1,"0,54",Emisión
6885,2009,1,Uso de Suelos,Uso de Suelos,Quema de biomasa en suelos cultivados,4(IV)B2,4,"0,15",Emisión
6886,2010,1,Uso de Suelos,Uso de Suelos,Quema de biomasa en suelos cultivados,4(IV)B2,1,"1,46",Emisión
6887,2010,1,Uso de Suelos,Uso de Suelos,Quema de biomasa en suelos cultivados,4(IV)B2,4,"0,41",Emisión
6888,2011,1,Uso de Suelos,Uso de Suelos,Quema de biomasa en suelos cultivados,4(IV)B2,1,"1,72",Emisión
6889,2011,1,Uso de Suelos,Uso de Suelos,Quema de biomasa en suelos cultivados,4(IV)B2,4,"0,48",Emisión
6890,2012,1,Uso de Suelos,Uso de Suelos,Quema de biomasa en suelos cultivados,4(IV)B2,1,"1,1",Emisión
6891,2012,1,Uso de Suelos,Uso de Suelos,Quema de biomasa en suelos cultivados,4(IV)B2,4,"0,3",Emisión
6892,2013,1,Uso de Suelos,Uso de Suelos,Quema de biomasa en suelos cultivados,4(IV)B2,1,"1,06",Emisión
6893,2013,1,Uso de Suelos,Uso de Suelos,Quema de biomasa en suelos cultivados,4(IV)B2,4,"0,3",Emisión
6894,2014,1,Uso de Suelos,Uso de Suelos,Quema de biomasa en suelos cultivados,4(IV)B2,1,"0,76",Emisión
6895,2014,1,Uso de Suelos,Uso de Suelos,Quema de biomasa en suelos cultivados,4(IV)B2,4,"0,21",Emisión
6896,2015,1,Uso de Suelos,Uso de Suelos,Quema de biomasa en suelos cultivados,4(IV)B2,1,"0,63",Emisión
6897,2015,1,Uso de Suelos,Uso de Suelos,Quema de biomasa en suelos cultivados,4(IV)B2,4,"0,17",Emisión
6898,2016,1,Uso de Suelos,Uso de Suelos,Quema de biomasa en suelos cultivados,4(IV)B2,1,"0,62",Emisión
6899,2016,1,Uso de Suelos,Uso de Suelos,Quema de biomasa en suelos cultivados,4(IV)B2,4,"0,17",Emisión
6900,2017,1,Uso de Suelos,Uso de Suelos,Quema de biomasa en suelos cultivados,4(IV)B2,1,"0,5",Emisión
6901,2017,1,Uso de Suelos,Uso de Suelos,Quema de biomasa en suelos cultivados,4(IV)B2,4,"0,14",Emisión
6902,2018,1,Uso de Suelos,Uso de Suelos,Quema de biomasa en suelos cultivados,4(IV)B2,1,"0,8",Emisión
6903,2018,1,Uso de Suelos,Uso de Suelos,Quema de biomasa en suelos cultivados,4(IV)B2,4,"0,22",Emisión
6904,2019,1,Uso de Suelos,Uso de Suelos,Quema de biomasa en suelos cultivados,4(IV)B2,1,"0,52",Emisión
6905,2019,1,Uso de Suelos,Uso de Suelos,Quema de biomasa en suelos cultivados,4(IV)B2,4,"0,15",Emisión
6906,2020,1,Uso de Suelos,Uso de Suelos,Quema de biomasa en suelos cultivados,4(IV)B2,1,"1,0",Emisión
6907,2020,1,Uso de Suelos,Uso de Suelos,Quema de biomasa en suelos cultivados,4(IV)B2,4,"0,28",Emisión
6908,2021,1,Uso de Suelos,Uso de Suelos,Quema de biomasa en suelos cultivados,4(IV)B2,1,"1,1",Emisión
6909,2021,1,Uso de Suelos,Uso de Suelos,Quema de biomasa en suelos cultivados,4(IV)B2,4,"0,31",Emisión
6910,2022,1,Uso de Suelos,Uso de Suelos,Quema de biomasa en suelos cultivados,4(IV)B2,1,"1,05",Emisión
6911,2022,1,Uso de Suelos,Uso de Suelos,Quema de biomasa en suelos cultivados,4(IV)B2,4,"0,29",Emisión
6912,1990,1,Uso de Suelos,Uso de Suelos,Quema de biomasa en pastizales,4(IV)C1,1,"0,09",Emisión
6913,1991,1,Uso de Suelos,Uso de Suelos,Quema de biomasa en pastizales,4(IV)C1,1,"0,09",Emisión
6914,1992,1,Uso de Suelos,Uso de Suelos,Quema de biomasa en pastizales,4(IV)C1,1,"0,09",Emisión
6915,1993,1,Uso de Suelos,Uso de Suelos,Quema de biomasa en pastizales,4(IV)C1,1,"0,05",Emisión
6916,1994,1,Uso de Suelos,Uso de Suelos,Quema de biomasa en pastizales,4(IV)C1,1,"0,06",Emisión
6917,1995,1,Uso de Suelos,Uso de Suelos,Quema de biomasa en pastizales,4(IV)C1,1,"0,04",Emisión
6918,1996,1,Uso de Suelos,Uso de Suelos,Quema de biomasa en pastizales,4(IV)C1,1,"0,03",Emisión
6919,1997,1,Uso de Suelos,Uso de Suelos,Quema de biomasa en pastizales,4(IV)C1,1,"0,06",Emisión
6920,1998,1,Uso de Suelos,Uso de Suelos,Quema de biomasa en pastizales,4(IV)C1,1,"0,54",Emisión
6921,1999,1,Uso de Suelos,Uso de Suelos,Quema de biomasa en pastizales,4(IV)C1,1,"0,28",Emisión
6922,2000,1,Uso de Suelos,Uso de Suelos,Quema de biomasa en pastizales,4(IV)C1,1,"2,32",Emisión
6923,2001,1,Uso de Suelos,Uso de Suelos,Quema de biomasa en pastizales,4(IV)C1,1,"4,74",Emisión
6924,2002,1,Uso de Suelos,Uso de Suelos,Quema de biomasa en pastizales,4(IV)C1,1,"1,73",Emisión
6925,2003,1,Uso de Suelos,Uso de Suelos,Quema de biomasa en pastizales,4(IV)C1,1,"1,65",Emisión
6926,2004,1,Uso de Suelos,Uso de Suelos,Quema de biomasa en pastizales,4(IV)C1,1,"0,32",Emisión
6927,2005,1,Uso de Suelos,Uso de Suelos,Quema de biomasa en pastizales,4(IV)C1,1,"0,49",Emisión
6928,2006,1,Uso de Suelos,Uso de Suelos,Quema de biomasa en pastizales,4(IV)C1,1,"0,32",Emisión
6929,2007,1,Uso de Suelos,Uso de Suelos,Quema de biomasa en pastizales,4(IV)C1,1,"0,13",Emisión
6930,2008,1,Uso de Suelos,Uso de Suelos,Quema de biomasa en pastizales,4(IV)C1,1,"0,27",Emisión
6931,2009,1,Uso de Suelos,Uso de Suelos,Quema de biomasa en pastizales,4(IV)C1,1,"0,65",Emisión
6932,2010,1,Uso de Suelos,Uso de Suelos,Quema de biomasa en pastizales,4(IV)C1,1,"0,06",Emisión
6933,2011,1,Uso de Suelos,Uso de Suelos,Quema de biomasa en pastizales,4(IV)C1,1,"0,08",Emisión
6934,2012,1,Uso de Suelos,Uso de Suelos,Quema de biomasa en pastizales,4(IV)C1,1,"0,06",Emisión
6935,2013,1,Uso de Suelos,Uso de Suelos,Quema de biomasa en pastizales,4(IV)C1,1,"0,15",Emisión
6936,2014,1,Uso de Suelos,Uso de Suelos,Quema de biomasa en pastizales,4(IV)C1,1,"0,45",Emisión
6937,2015,1,Uso de Suelos,Uso de Suelos,Quema de biomasa en pastizales,4(IV)C1,1,"0,28",Emisión
6938,2016,1,Uso de Suelos,Uso de Suelos,Quema de biomasa en pastizales,4(IV)C1,1,"0,55",Emisión
6939,2017,1,Uso de Suelos,Uso de Suelos,Quema de biomasa en pastizales,4(IV)C1,1,"0,86",Emisión
6940,2018,1,Uso de Suelos,Uso de Suelos,Quema de biomasa en pastizales,4(IV)C1,1,"0,71",Emisión
6941,2019,1,Uso de Suelos,Uso de Suelos,Quema de biomasa en pastizales,4(IV)C1,1,"0,18",Emisión
6942,2020,1,Uso de Suelos,Uso de Suelos,Quema de biomasa en pastizales,4(IV)C1,1,"0,3",Emisión
6943,2021,1,Uso de Suelos,Uso de Suelos,Quema de biomasa en pastizales,4(IV)C1,1,"0,19",Emisión
6944,2022,1,Uso de Suelos,Uso de Suelos,Quema de biomasa en pastizales,4(IV)C1,1,"0,45",Emisión
6945,1990,1,Uso de Suelos,Uso de Suelos,Quema de biomasa en pastizales,4(IV)C1,4,"0,08",Emisión
6946,1991,1,Uso de Suelos,Uso de Suelos,Quema de biomasa en pastizales,4(IV)C1,4,"0,08",Emisión
6947,1992,1,Uso de Suelos,Uso de Suelos,Quema de biomasa en pastizales,4(IV)C1,4,"0,08",Emisión
6948,1993,1,Uso de Suelos,Uso de Suelos,Quema de biomasa en pastizales,4(IV)C1,4,"0,04",Emisión
6949,1994,1,Uso de Suelos,Uso de Suelos,Quema de biomasa en pastizales,4(IV)C1,4,"0,05",Emisión
6950,1995,1,Uso de Suelos,Uso de Suelos,Quema de biomasa en pastizales,4(IV)C1,4,"0,03",Emisión
6951,1996,1,Uso de Suelos,Uso de Suelos,Quema de biomasa en pastizales,4(IV)C1,4,"0,02",Emisión
6952,1997,1,Uso de Suelos,Uso de Suelos,Quema de biomasa en pastizales,4(IV)C1,4,"0,05",Emisión
6953,1998,1,Uso de Suelos,Uso de Suelos,Quema de biomasa en pastizales,4(IV)C1,4,"0,47",Emisión
6954,1999,1,Uso de Suelos,Uso de Suelos,Quema de biomasa en pastizales,4(IV)C1,4,"0,24",Emisión
6955,2000,1,Uso de Suelos,Uso de Suelos,Quema de biomasa en pastizales,4(IV)C1,4,"2,0",Emisión
6956,2001,1,Uso de Suelos,Uso de Suelos,Quema de biomasa en pastizales,4(IV)C1,4,"4,1",Emisión
6957,2002,1,Uso de Suelos,Uso de Suelos,Quema de biomasa en pastizales,4(IV)C1,4,"1,49",Emisión
6958,2003,1,Uso de Suelos,Uso de Suelos,Quema de biomasa en pastizales,4(IV)C1,4,"1,42",Emisión
6959,2004,1,Uso de Suelos,Uso de Suelos,Quema de biomasa en pastizales,4(IV)C1,4,"0,28",Emisión
6960,2005,1,Uso de Suelos,Uso de Suelos,Quema de biomasa en pastizales,4(IV)C1,4,"0,43",Emisión
6961,2006,1,Uso de Suelos,Uso de Suelos,Quema de biomasa en pastizales,4(IV)C1,4,"0,28",Emisión
6962,2007,1,Uso de Suelos,Uso de Suelos,Quema de biomasa en pastizales,4(IV)C1,4,"0,11",Emisión
6963,2008,1,Uso de Suelos,Uso de Suelos,Quema de biomasa en pastizales,4(IV)C1,4,"0,23",Emisión
6964,2009,1,Uso de Suelos,Uso de Suelos,Quema de biomasa en pastizales,4(IV)C1,4,"0,56",Emisión
6965,2010,1,Uso de Suelos,Uso de Suelos,Quema de biomasa en pastizales,4(IV)C1,4,"0,05",Emisión
6966,2011,1,Uso de Suelos,Uso de Suelos,Quema de biomasa en pastizales,4(IV)C1,4,"0,07",Emisión
6967,2012,1,Uso de Suelos,Uso de Suelos,Quema de biomasa en pastizales,4(IV)C1,4,"0,05",Emisión
6968,2013,1,Uso de Suelos,Uso de Suelos,Quema de biomasa en pastizales,4(IV)C1,4,"0,13",Emisión
6969,2014,1,Uso de Suelos,Uso de Suelos,Quema de biomasa en pastizales,4(IV)C1,4,"0,39",Emisión
6970,2015,1,Uso de Suelos,Uso de Suelos,Quema de biomasa en pastizales,4(IV)C1,4,"0,24",Emisión
6971,2016,1,Uso de Suelos,Uso de Suelos,Quema de biomasa en pastizales,4(IV)C1,4,"0,48",Emisión
6972,2017,1,Uso de Suelos,Uso de Suelos,Quema de biomasa en pastizales,4(IV)C1,4,"0,74",Emisión
6973,2018,1,Uso de Suelos,Uso de Suelos,Quema de biomasa en pastizales,4(IV)C1,4,"0,62",Emisión
6974,2019,1,Uso de Suelos,Uso de Suelos,Quema de biomasa en pastizales,4(IV)C1,4,"0,16",Emisión
6975,2020,1,Uso de Suelos,Uso de Suelos,Quema de biomasa en pastizales,4(IV)C1,4,"0,26",Emisión
6976,2021,1,Uso de Suelos,Uso de Suelos,Quema de biomasa en pastizales,4(IV)C1,4,"0,17",Emisión
6977,2022,1,Uso de Suelos,Uso de Suelos,Quema de biomasa en pastizales,4(IV)C1,4,"0,39",Emisión
6978,1990,1,Uso de Suelos,Uso de Suelos,Quema de biomasa en pastizales,4(IV)C2,1,"1,57",Emisión
6979,1990,1,Uso de Suelos,Uso de Suelos,Quema de biomasa en pastizales,4(IV)C2,4,"0,44",Emisión
6980,1991,1,Uso de Suelos,Uso de Suelos,Quema de biomasa en pastizales,4(IV)C2,1,"1,71",Emisión
6981,1991,1,Uso de Suelos,Uso de Suelos,Quema de biomasa en pastizales,4(IV)C2,4,"0,47",Emisión
6982,1992,1,Uso de Suelos,Uso de Suelos,Quema de biomasa en pastizales,4(IV)C2,1,"1,36",Emisión
6983,1992,1,Uso de Suelos,Uso de Suelos,Quema de biomasa en pastizales,4(IV)C2,4,"0,38",Emisión
6984,1993,1,Uso de Suelos,Uso de Suelos,Quema de biomasa en pastizales,4(IV)C2,1,"1,9",Emisión
6985,1993,1,Uso de Suelos,Uso de Suelos,Quema de biomasa en pastizales,4(IV)C2,4,"0,53",Emisión
6986,1994,1,Uso de Suelos,Uso de Suelos,Quema de biomasa en pastizales,4(IV)C2,1,"1,04",Emisión
6987,1994,1,Uso de Suelos,Uso de Suelos,Quema de biomasa en pastizales,4(IV)C2,4,"0,29",Emisión
6988,1995,1,Uso de Suelos,Uso de Suelos,Quema de biomasa en pastizales,4(IV)C2,1,"1,88",Emisión
6989,1995,1,Uso de Suelos,Uso de Suelos,Quema de biomasa en pastizales,4(IV)C2,4,"0,52",Emisión
6990,1996,1,Uso de Suelos,Uso de Suelos,Quema de biomasa en pastizales,4(IV)C2,1,"2,19",Emisión
6991,1996,1,Uso de Suelos,Uso de Suelos,Quema de biomasa en pastizales,4(IV)C2,4,"0,61",Emisión
6992,1997,1,Uso de Suelos,Uso de Suelos,Quema de biomasa en pastizales,4(IV)C2,1,"1,68",Emisión
6993,1997,1,Uso de Suelos,Uso de Suelos,Quema de biomasa en pastizales,4(IV)C2,4,"0,47",Emisión
6994,1998,1,Uso de Suelos,Uso de Suelos,Quema de biomasa en pastizales,4(IV)C2,1,"1,98",Emisión
6995,1998,1,Uso de Suelos,Uso de Suelos,Quema de biomasa en pastizales,4(IV)C2,4,"0,55",Emisión
6996,1999,1,Uso de Suelos,Uso de Suelos,Quema de biomasa en pastizales,4(IV)C2,1,"1,92",Emisión
6997,1999,1,Uso de Suelos,Uso de Suelos,Quema de biomasa en pastizales,4(IV)C2,4,"0,53",Emisión
6998,2000,1,Uso de Suelos,Uso de Suelos,Quema de biomasa en pastizales,4(IV)C2,1,"2,7",Emisión
6999,2000,1,Uso de Suelos,Uso de Suelos,Quema de biomasa en pastizales,4(IV)C2,4,"0,75",Emisión
7000,2001,1,Uso de Suelos,Uso de Suelos,Quema de biomasa en pastizales,4(IV)C2,1,"2,02",Emisión
7001,2001,1,Uso de Suelos,Uso de Suelos,Quema de biomasa en pastizales,4(IV)C2,4,"0,56",Emisión
7002,2002,1,Uso de Suelos,Uso de Suelos,Quema de biomasa en pastizales,4(IV)C2,1,"3,15",Emisión
7003,2002,1,Uso de Suelos,Uso de Suelos,Quema de biomasa en pastizales,4(IV)C2,4,"0,88",Emisión
7004,2003,1,Uso de Suelos,Uso de Suelos,Quema de biomasa en pastizales,4(IV)C2,1,"3,0",Emisión
7005,2003,1,Uso de Suelos,Uso de Suelos,Quema de biomasa en pastizales,4(IV)C2,4,"0,84",Emisión
7006,2004,1,Uso de Suelos,Uso de Suelos,Quema de biomasa en pastizales,4(IV)C2,1,"2,41",Emisión
7007,2004,1,Uso de Suelos,Uso de Suelos,Quema de biomasa en pastizales,4(IV)C2,4,"0,67",Emisión
7008,2005,1,Uso de Suelos,Uso de Suelos,Quema de biomasa en pastizales,4(IV)C2,1,"3,0",Emisión
7009,2005,1,Uso de Suelos,Uso de Suelos,Quema de biomasa en pastizales,4(IV)C2,4,"0,83",Emisión
7010,2006,1,Uso de Suelos,Uso de Suelos,Quema de biomasa en pastizales,4(IV)C2,1,"3,08",Emisión
7011,2006,1,Uso de Suelos,Uso de Suelos,Quema de biomasa en pastizales,4(IV)C2,4,"0,86",Emisión
7012,2007,1,Uso de Suelos,Uso de Suelos,Quema de biomasa en pastizales,4(IV)C2,1,"2,76",Emisión
7013,2007,1,Uso de Suelos,Uso de Suelos,Quema de biomasa en pastizales,4(IV)C2,4,"0,77",Emisión
7014,2008,1,Uso de Suelos,Uso de Suelos,Quema de biomasa en pastizales,4(IV)C2,1,"3,06",Emisión
7015,2008,1,Uso de Suelos,Uso de Suelos,Quema de biomasa en pastizales,4(IV)C2,4,"0,85",Emisión
7016,2009,1,Uso de Suelos,Uso de Suelos,Quema de biomasa en pastizales,4(IV)C2,1,"2,43",Emisión
7017,2009,1,Uso de Suelos,Uso de Suelos,Quema de biomasa en pastizales,4(IV)C2,4,"0,68",Emisión
7018,2010,1,Uso de Suelos,Uso de Suelos,Quema de biomasa en pastizales,4(IV)C2,1,"1,51",Emisión
7019,2010,1,Uso de Suelos,Uso de Suelos,Quema de biomasa en pastizales,4(IV)C2,4,"0,42",Emisión
7020,2011,1,Uso de Suelos,Uso de Suelos,Quema de biomasa en pastizales,4(IV)C2,1,"0,95",Emisión
7021,2011,1,Uso de Suelos,Uso de Suelos,Quema de biomasa en pastizales,4(IV)C2,4,"0,27",Emisión
7022,2012,1,Uso de Suelos,Uso de Suelos,Quema de biomasa en pastizales,4(IV)C2,1,"2,83",Emisión
7023,2012,1,Uso de Suelos,Uso de Suelos,Quema de biomasa en pastizales,4(IV)C2,4,"0,79",Emisión
7024,2013,1,Uso de Suelos,Uso de Suelos,Quema de biomasa en pastizales,4(IV)C2,1,"2,78",Emisión
7025,2013,1,Uso de Suelos,Uso de Suelos,Quema de biomasa en pastizales,4(IV)C2,4,"0,77",Emisión
7026,2014,1,Uso de Suelos,Uso de Suelos,Quema de biomasa en pastizales,4(IV)C2,1,"1,78",Emisión
7027,2014,1,Uso de Suelos,Uso de Suelos,Quema de biomasa en pastizales,4(IV)C2,4,"0,5",Emisión
7028,2015,1,Uso de Suelos,Uso de Suelos,Quema de biomasa en pastizales,4(IV)C2,1,"1,36",Emisión
7029,2015,1,Uso de Suelos,Uso de Suelos,Quema de biomasa en pastizales,4(IV)C2,4,"0,38",Emisión
7030,2016,1,Uso de Suelos,Uso de Suelos,Quema de biomasa en pastizales,4(IV)C2,1,"1,26",Emisión
7031,2016,1,Uso de Suelos,Uso de Suelos,Quema de biomasa en pastizales,4(IV)C2,4,"0,35",Emisión
7032,2017,1,Uso de Suelos,Uso de Suelos,Quema de biomasa en pastizales,4(IV)C2,1,"1,62",Emisión
7033,2017,1,Uso de Suelos,Uso de Suelos,Quema de biomasa en pastizales,4(IV)C2,4,"0,45",Emisión
7034,2018,1,Uso de Suelos,Uso de Suelos,Quema de biomasa en pastizales,4(IV)C2,1,"1,02",Emisión
7035,2018,1,Uso de Suelos,Uso de Suelos,Quema de biomasa en pastizales,4(IV)C2,4,"0,28",Emisión
7036,2019,1,Uso de Suelos,Uso de Suelos,Quema de biomasa en pastizales,4(IV)C2,1,"0,87",Emisión
7037,2019,1,Uso de Suelos,Uso de Suelos,Quema de biomasa en pastizales,4(IV)C2,4,"0,24",Emisión
7038,2020,1,Uso de Suelos,Uso de Suelos,Quema de biomasa en pastizales,4(IV)C2,1,"2,53",Emisión
7039,2020,1,Uso de Suelos,Uso de Suelos,Quema de biomasa en pastizales,4(IV)C2,4,"0,7",Emisión
7040,2021,1,Uso de Suelos,Uso de Suelos,Quema de biomasa en pastizales,4(IV)C2,1,"1,53",Emisión
7041,2021,1,Uso de Suelos,Uso de Suelos,Quema de biomasa en pastizales,4(IV)C2,4,"0,42",Emisión
7042,2022,1,Uso de Suelos,Uso de Suelos,Quema de biomasa en pastizales,4(IV)C2,1,"1,02",Emisión
7043,2022,1,Uso de Suelos,Uso de Suelos,Quema de biomasa en pastizales,4(IV)C2,4,"0,28",Emisión
7044,1990,1,Tierra,Tierras Forestales,Tierras forestales que permanecen como tales,4A1ai,2,"11,73",Emisión
7045,1991,1,Tierra,Tierras Forestales,Tierras forestales que permanecen como tales,4A1ai,2,"14,75",Emisión
7046,1992,1,Tierra,Tierras Forestales,Tierras forestales que permanecen como tales,4A1ai,2,"16,8",Emisión
7047,1993,1,Tierra,Tierras Forestales,Tierras forestales que permanecen como tales,4A1ai,2,"15,72",Emisión
7048,1994,1,Tierra,Tierras Forestales,Tierras forestales que permanecen como tales,4A1ai,2,"17,76",Emisión
7049,1995,1,Tierra,Tierras Forestales,Tierras forestales que permanecen como tales,4A1ai,2,"15,06",Emisión
7050,1996,1,Tierra,Tierras Forestales,Tierras forestales que permanecen como tales,4A1ai,2,"16,88",Emisión
7051,1997,1,Tierra,Tierras Forestales,Tierras forestales que permanecen como tales,4A1ai,2,"16,57",Emisión
7052,1998,1,Tierra,Tierras Forestales,Tierras forestales que permanecen como tales,4A1ai,2,"22,42",Emisión
7053,1999,1,Tierra,Tierras Forestales,Tierras forestales que permanecen como tales,4A1ai,2,"19,88",Emisión
7054,2000,1,Tierra,Tierras Forestales,Tierras forestales que permanecen como tales,4A1ai,2,"16,18",Emisión
7055,2001,1,Tierra,Tierras Forestales,Tierras forestales que permanecen como tales,4A1ai,2,"17,11",Emisión
7056,2002,1,Tierra,Tierras Forestales,Tierras forestales que permanecen como tales,4A1ai,2,"15,63",Emisión
7057,2003,1,Tierra,Tierras Forestales,Tierras forestales que permanecen como tales,4A1ai,2,"19,76",Emisión
7058,2004,1,Tierra,Tierras Forestales,Tierras forestales que permanecen como tales,4A1ai,2,"29,53",Emisión
7059,2005,1,Tierra,Tierras Forestales,Tierras forestales que permanecen como tales,4A1ai,2,"18,95",Emisión
7060,2006,1,Tierra,Tierras Forestales,Tierras forestales que permanecen como tales,4A1ai,2,"19,29",Emisión
7061,2007,1,Tierra,Tierras Forestales,Tierras forestales que permanecen como tales,4A1ai,2,"21,25",Emisión
7062,2008,1,Tierra,Tierras Forestales,Tierras forestales que permanecen como tales,4A1ai,2,"21,25",Emisión
7063,2009,1,Tierra,Tierras Forestales,Tierras forestales que permanecen como tales,4A1ai,2,"21,14",Emisión
7064,2010,1,Tierra,Tierras Forestales,Tierras forestales que permanecen como tales,4A1ai,2,"21,26",Emisión
7065,2011,1,Tierra,Tierras Forestales,Tierras forestales que permanecen como tales,4A1ai,2,"22,04",Emisión
7066,2012,1,Tierra,Tierras Forestales,Tierras forestales que permanecen como tales,4A1ai,2,"17,33",Emisión
7067,2013,1,Tierra,Tierras Forestales,Tierras forestales que permanecen como tales,4A1ai,2,"18,63",Emisión
7068,2014,1,Tierra,Tierras Forestales,Tierras forestales que permanecen como tales,4A1ai,2,"16,86",Emisión
7069,2015,1,Tierra,Tierras Forestales,Tierras forestales que permanecen como tales,4A1ai,2,"17,31",Emisión
7070,2016,1,Tierra,Tierras Forestales,Tierras forestales que permanecen como tales,4A1ai,2,"15,17",Emisión
7071,2017,1,Tierra,Tierras Forestales,Tierras forestales que permanecen como tales,4A1ai,2,"15,13",Emisión
7072,2018,1,Tierra,Tierras Forestales,Tierras forestales que permanecen como tales,4A1ai,2,"14,48",Emisión
7073,2019,1,Tierra,Tierras Forestales,Tierras forestales que permanecen como tales,4A1ai,2,"13,19",Emisión
7074,2020,1,Tierra,Tierras Forestales,Tierras forestales que permanecen como tales,4A1ai,2,"12,86",Emisión
7075,2021,1,Tierra,Tierras Forestales,Tierras forestales que permanecen como tales,4A1ai,2,"14,49",Emisión
7076,2022,1,Tierra,Tierras Forestales,Tierras forestales que permanecen como tales,4A1ai,2,"17,5",Emisión
7077,1990,1,Tierra,Tierras Forestales,Tierras forestales que permanecen como tales,4A1aii,2,"-4,08",Remoción
7078,1991,1,Tierra,Tierras Forestales,Tierras forestales que permanecen como tales,4A1aii,2,"-4,05",Remoción
7079,1992,1,Tierra,Tierras Forestales,Tierras forestales que permanecen como tales,4A1aii,2,"-4,06",Remoción
7080,1993,1,Tierra,Tierras Forestales,Tierras forestales que permanecen como tales,4A1aii,2,"-4,04",Remoción
7081,1994,1,Tierra,Tierras Forestales,Tierras forestales que permanecen como tales,4A1aii,2,"-4,05",Remoción
7082,1995,1,Tierra,Tierras Forestales,Tierras forestales que permanecen como tales,4A1aii,2,"-4,06",Remoción
7083,1996,1,Tierra,Tierras Forestales,Tierras forestales que permanecen como tales,4A1aii,2,"-4,06",Remoción
7084,1997,1,Tierra,Tierras Forestales,Tierras forestales que permanecen como tales,4A1aii,2,"-4,06",Remoción
7085,1998,1,Tierra,Tierras Forestales,Tierras forestales que permanecen como tales,4A1aii,2,"-4,11",Remoción
7086,1999,1,Tierra,Tierras Forestales,Tierras forestales que permanecen como tales,4A1aii,2,"-4,14",Remoción
7087,2000,1,Tierra,Tierras Forestales,Tierras forestales que permanecen como tales,4A1aii,2,"-4,13",Remoción
7088,2001,1,Tierra,Tierras Forestales,Tierras forestales que permanecen como tales,4A1aii,2,"-4,13",Remoción
7089,2002,1,Tierra,Tierras Forestales,Tierras forestales que permanecen como tales,4A1aii,2,"-4,12",Remoción
7090,2003,1,Tierra,Tierras Forestales,Tierras forestales que permanecen como tales,4A1aii,2,"-4,16",Remoción
7091,2004,1,Tierra,Tierras Forestales,Tierras forestales que permanecen como tales,4A1aii,2,"-4,27",Remoción
7092,2005,1,Tierra,Tierras Forestales,Tierras forestales que permanecen como tales,4A1aii,2,"-4,27",Remoción
7093,2006,1,Tierra,Tierras Forestales,Tierras forestales que permanecen como tales,4A1aii,2,"-4,3",Remoción
7094,2007,1,Tierra,Tierras Forestales,Tierras forestales que permanecen como tales,4A1aii,2,"-4,33",Remoción
7095,2008,1,Tierra,Tierras Forestales,Tierras forestales que permanecen como tales,4A1aii,2,"-4,37",Remoción
7096,2009,1,Tierra,Tierras Forestales,Tierras forestales que permanecen como tales,4A1aii,2,"-4,4",Remoción
7097,2010,1,Tierra,Tierras Forestales,Tierras forestales que permanecen como tales,4A1aii,2,"-4,44",Remoción
7098,2011,1,Tierra,Tierras Forestales,Tierras forestales que permanecen como tales,4A1aii,2,"-4,52",Remoción
7099,2012,1,Tierra,Tierras Forestales,Tierras forestales que permanecen como tales,4A1aii,2,"-4,54",Remoción
7100,2013,1,Tierra,Tierras Forestales,Tierras forestales que permanecen como tales,4A1aii,2,"-4,56",Remoción
7101,2014,1,Tierra,Tierras Forestales,Tierras forestales que permanecen como tales,4A1aii,2,"-4,56",Remoción
7102,2015,1,Tierra,Tierras Forestales,Tierras forestales que permanecen como tales,4A1aii,2,"-4,55",Remoción
7103,2016,1,Tierra,Tierras Forestales,Tierras forestales que permanecen como tales,4A1aii,2,"-4,51",Remoción
7104,2017,1,Tierra,Tierras Forestales,Tierras forestales que permanecen como tales,4A1aii,2,"-4,48",Remoción
7105,2018,1,Tierra,Tierras Forestales,Tierras forestales que permanecen como tales,4A1aii,2,"-4,42",Remoción
7106,2019,1,Tierra,Tierras Forestales,Tierras forestales que permanecen como tales,4A1aii,2,"-4,31",Remoción
7107,2020,1,Tierra,Tierras Forestales,Tierras forestales que permanecen como tales,4A1aii,2,"-4,22",Remoción
7108,2021,1,Tierra,Tierras Forestales,Tierras forestales que permanecen como tales,4A1aii,2,"-4,18",Remoción
7109,2022,1,Tierra,Tierras Forestales,Tierras forestales que permanecen como tales,4A1aii,2,"-4,18",Remoción
7110,1990,1,Tierra,Tierras Forestales,Tierras forestales que permanecen como tales,4A1bi,2,"5,81",Emisión
7111,1991,1,Tierra,Tierras Forestales,Tierras forestales que permanecen como tales,4A1bi,2,"11,2",Emisión
7112,1992,1,Tierra,Tierras Forestales,Tierras forestales que permanecen como tales,4A1bi,2,"12,63",Emisión
7113,1993,1,Tierra,Tierras Forestales,Tierras forestales que permanecen como tales,4A1bi,2,"10,02",Emisión
7114,1994,1,Tierra,Tierras Forestales,Tierras forestales que permanecen como tales,4A1bi,2,"9,04",Emisión
7115,1995,1,Tierra,Tierras Forestales,Tierras forestales que permanecen como tales,4A1bi,2,"11,67",Emisión
7116,1996,1,Tierra,Tierras Forestales,Tierras forestales que permanecen como tales,4A1bi,2,"12,74",Emisión
7117,1997,1,Tierra,Tierras Forestales,Tierras forestales que permanecen como tales,4A1bi,2,"15,46",Emisión
7118,1998,1,Tierra,Tierras Forestales,Tierras forestales que permanecen como tales,4A1bi,2,"11,69",Emisión
7119,1999,1,Tierra,Tierras Forestales,Tierras forestales que permanecen como tales,4A1bi,2,"9,19",Emisión
7120,2000,1,Tierra,Tierras Forestales,Tierras forestales que permanecen como tales,4A1bi,2,"11,91",Emisión
7121,2001,1,Tierra,Tierras Forestales,Tierras forestales que permanecen como tales,4A1bi,2,"9,6",Emisión
7122,2002,1,Tierra,Tierras Forestales,Tierras forestales que permanecen como tales,4A1bi,2,"13,69",Emisión
7123,2003,1,Tierra,Tierras Forestales,Tierras forestales que permanecen como tales,4A1bi,2,"14,37",Emisión
7124,2004,1,Tierra,Tierras Forestales,Tierras forestales que permanecen como tales,4A1bi,2,"14,53",Emisión
7125,2005,1,Tierra,Tierras Forestales,Tierras forestales que permanecen como tales,4A1bi,2,"14,69",Emisión
7126,2006,1,Tierra,Tierras Forestales,Tierras forestales que permanecen como tales,4A1bi,2,"14,63",Emisión
7127,2007,1,Tierra,Tierras Forestales,Tierras forestales que permanecen como tales,4A1bi,2,"14,54",Emisión
7128,2008,1,Tierra,Tierras Forestales,Tierras forestales que permanecen como tales,4A1bi,2,"13,7",Emisión
7129,2009,1,Tierra,Tierras Forestales,Tierras forestales que permanecen como tales,4A1bi,2,"15,86",Emisión
7130,2010,1,Tierra,Tierras Forestales,Tierras forestales que permanecen como tales,4A1bi,2,"17,38",Emisión
7131,2011,1,Tierra,Tierras Forestales,Tierras forestales que permanecen como tales,4A1bi,2,"17,23",Emisión
7132,2012,1,Tierra,Tierras Forestales,Tierras forestales que permanecen como tales,4A1bi,2,"20,62",Emisión
7133,2013,1,Tierra,Tierras Forestales,Tierras forestales que permanecen como tales,4A1bi,2,"22,12",Emisión
7134,2014,1,Tierra,Tierras Forestales,Tierras forestales que permanecen como tales,4A1bi,2,"17,82",Emisión
7135,2015,1,Tierra,Tierras Forestales,Tierras forestales que permanecen como tales,4A1bi,2,"19,07",Emisión
7136,2016,1,Tierra,Tierras Forestales,Tierras forestales que permanecen como tales,4A1bi,2,"21,06",Emisión
7137,2017,1,Tierra,Tierras Forestales,Tierras forestales que permanecen como tales,4A1bi,2,"22,84",Emisión
7138,2018,1,Tierra,Tierras Forestales,Tierras forestales que permanecen como tales,4A1bi,2,"22,55",Emisión
7139,2019,1,Tierra,Tierras Forestales,Tierras forestales que permanecen como tales,4A1bi,2,"23,41",Emisión
7140,2020,1,Tierra,Tierras Forestales,Tierras forestales que permanecen como tales,4A1bi,2,"23,83",Emisión
7141,2021,1,Tierra,Tierras Forestales,Tierras forestales que permanecen como tales,4A1bi,2,"25,69",Emisión
7142,2022,1,Tierra,Tierras Forestales,Tierras forestales que permanecen como tales,4A1bi,2,"26,21",Emisión
7143,1990,1,Tierra,Tierras Forestales,Tierras forestales que permanecen como tales,4A1bii,2,"-20,75",Remoción
7144,1991,1,Tierra,Tierras Forestales,Tierras forestales que permanecen como tales,4A1bii,2,"-21,86",Remoción
7145,1992,1,Tierra,Tierras Forestales,Tierras forestales que permanecen como tales,4A1bii,2,"-22,96",Remoción
7146,1993,1,Tierra,Tierras Forestales,Tierras forestales que permanecen como tales,4A1bii,2,"-24,07",Remoción
7147,1994,1,Tierra,Tierras Forestales,Tierras forestales que permanecen como tales,4A1bii,2,"-25,17",Remoción
7148,1995,1,Tierra,Tierras Forestales,Tierras forestales que permanecen como tales,4A1bii,2,"-26,28",Remoción
7149,1996,1,Tierra,Tierras Forestales,Tierras forestales que permanecen como tales,4A1bii,2,"-27,38",Remoción
7150,1997,1,Tierra,Tierras Forestales,Tierras forestales que permanecen como tales,4A1bii,2,"-28,49",Remoción
7151,1998,1,Tierra,Tierras Forestales,Tierras forestales que permanecen como tales,4A1bii,2,"-26,94",Remoción
7152,1999,1,Tierra,Tierras Forestales,Tierras forestales que permanecen como tales,4A1bii,2,"-28,18",Remoción
7153,2000,1,Tierra,Tierras Forestales,Tierras forestales que permanecen como tales,4A1bii,2,"-29,41",Remoción
7154,2001,1,Tierra,Tierras Forestales,Tierras forestales que permanecen como tales,4A1bii,2,"-30,65",Remoción
7155,2002,1,Tierra,Tierras Forestales,Tierras forestales que permanecen como tales,4A1bii,2,"-31,88",Remoción
7156,2003,1,Tierra,Tierras Forestales,Tierras forestales que permanecen como tales,4A1bii,2,"-33,12",Remoción
7157,2004,1,Tierra,Tierras Forestales,Tierras forestales que permanecen como tales,4A1bii,2,"-34,35",Remoción
7158,2005,1,Tierra,Tierras Forestales,Tierras forestales que permanecen como tales,4A1bii,2,"-35,57",Remoción
7159,2006,1,Tierra,Tierras Forestales,Tierras forestales que permanecen como tales,4A1bii,2,"-36,8",Remoción
7160,2007,1,Tierra,Tierras Forestales,Tierras forestales que permanecen como tales,4A1bii,2,"-38,04",Remoción
7161,2008,1,Tierra,Tierras Forestales,Tierras forestales que permanecen como tales,4A1bii,2,"-39,25",Remoción
7162,2009,1,Tierra,Tierras Forestales,Tierras forestales que permanecen como tales,4A1bii,2,"-40,11",Remoción
7163,2010,1,Tierra,Tierras Forestales,Tierras forestales que permanecen como tales,4A1bii,2,"-40,76",Remoción
7164,2011,1,Tierra,Tierras Forestales,Tierras forestales que permanecen como tales,4A1bii,2,"-41,4",Remoción
7165,2012,1,Tierra,Tierras Forestales,Tierras forestales que permanecen como tales,4A1bii,2,"-42,02",Remoción
7166,2013,1,Tierra,Tierras Forestales,Tierras forestales que permanecen como tales,4A1bii,2,"-42,61",Remoción
7167,2014,1,Tierra,Tierras Forestales,Tierras forestales que permanecen como tales,4A1bii,2,"-43,16",Remoción
7168,2015,1,Tierra,Tierras Forestales,Tierras forestales que permanecen como tales,4A1bii,2,"-43,49",Remoción
7169,2016,1,Tierra,Tierras Forestales,Tierras forestales que permanecen como tales,4A1bii,2,"-43,3",Remoción
7170,2017,1,Tierra,Tierras Forestales,Tierras forestales que permanecen como tales,4A1bii,2,"-43,15",Remoción
7171,2018,1,Tierra,Tierras Forestales,Tierras forestales que permanecen como tales,4A1bii,2,"-43,0",Remoción
7172,2019,1,Tierra,Tierras Forestales,Tierras forestales que permanecen como tales,4A1bii,2,"-43,1",Remoción
7173,2020,1,Tierra,Tierras Forestales,Tierras forestales que permanecen como tales,4A1bii,2,"-43,24",Remoción
7174,2021,1,Tierra,Tierras Forestales,Tierras forestales que permanecen como tales,4A1bii,2,"-43,74",Remoción
7175,2022,1,Tierra,Tierras Forestales,Tierras forestales que permanecen como tales,4A1bii,2,"-41,04",Remoción
7176,1990,1,Tierra,Tierras de Cultivo,Tierras de cultivo que permanecen como tales,4B1,2,"-1,42",Remoción
7177,1991,1,Tierra,Tierras de Cultivo,Tierras de cultivo que permanecen como tales,4B1,2,"-1,83",Remoción
7178,1992,1,Tierra,Tierras de Cultivo,Tierras de cultivo que permanecen como tales,4B1,2,"-1,3",Remoción
7179,1993,1,Tierra,Tierras de Cultivo,Tierras de cultivo que permanecen como tales,4B1,2,"-4,35",Remoción
7180,1994,1,Tierra,Tierras de Cultivo,Tierras de cultivo que permanecen como tales,4B1,2,"1,0",Emisión
7181,1995,1,Tierra,Tierras de Cultivo,Tierras de cultivo que permanecen como tales,4B1,2,"5,68",Emisión
7182,1996,1,Tierra,Tierras de Cultivo,Tierras de cultivo que permanecen como tales,4B1,2,"7,67",Emisión
7183,1997,1,Tierra,Tierras de Cultivo,Tierras de cultivo que permanecen como tales,4B1,2,"10,57",Emisión
7184,1998,1,Tierra,Tierras de Cultivo,Tierras de cultivo que permanecen como tales,4B1,2,"10,45",Emisión
7185,1999,1,Tierra,Tierras de Cultivo,Tierras de cultivo que permanecen como tales,4B1,2,"9,37",Emisión
7186,2000,1,Tierra,Tierras de Cultivo,Tierras de cultivo que permanecen como tales,4B1,2,"8,07",Emisión
7187,2001,1,Tierra,Tierras de Cultivo,Tierras de cultivo que permanecen como tales,4B1,2,"2,97",Emisión
7188,2002,1,Tierra,Tierras de Cultivo,Tierras de cultivo que permanecen como tales,4B1,2,"-1,03",Remoción
7189,2003,1,Tierra,Tierras de Cultivo,Tierras de cultivo que permanecen como tales,4B1,2,"-3,98",Remoción
7190,2004,1,Tierra,Tierras de Cultivo,Tierras de cultivo que permanecen como tales,4B1,2,"-3,2",Remoción
7191,2005,1,Tierra,Tierras de Cultivo,Tierras de cultivo que permanecen como tales,4B1,2,"0,47",Emisión
7192,2006,1,Tierra,Tierras de Cultivo,Tierras de cultivo que permanecen como tales,4B1,2,"-0,64",Remoción
7193,2007,1,Tierra,Tierras de Cultivo,Tierras de cultivo que permanecen como tales,4B1,2,"7,02",Emisión
7194,2008,1,Tierra,Tierras de Cultivo,Tierras de cultivo que permanecen como tales,4B1,2,"7,78",Emisión
7195,2009,1,Tierra,Tierras de Cultivo,Tierras de cultivo que permanecen como tales,4B1,2,"8,73",Emisión
7196,2010,1,Tierra,Tierras de Cultivo,Tierras de cultivo que permanecen como tales,4B1,2,"4,83",Emisión
7197,2011,1,Tierra,Tierras de Cultivo,Tierras de cultivo que permanecen como tales,4B1,2,"11,1",Emisión
7198,2012,1,Tierra,Tierras de Cultivo,Tierras de cultivo que permanecen como tales,4B1,2,"9,43",Emisión
7199,2013,1,Tierra,Tierras de Cultivo,Tierras de cultivo que permanecen como tales,4B1,2,"9,08",Emisión
7200,2014,1,Tierra,Tierras de Cultivo,Tierras de cultivo que permanecen como tales,4B1,2,"10,21",Emisión
7201,2015,1,Tierra,Tierras de Cultivo,Tierras de cultivo que permanecen como tales,4B1,2,"5,29",Emisión
7202,2016,1,Tierra,Tierras de Cultivo,Tierras de cultivo que permanecen como tales,4B1,2,"2,98",Emisión
7203,2017,1,Tierra,Tierras de Cultivo,Tierras de cultivo que permanecen como tales,4B1,2,"-6,79",Remoción
7204,2018,1,Tierra,Tierras de Cultivo,Tierras de cultivo que permanecen como tales,4B1,2,"-6,03",Remoción
7205,2019,1,Tierra,Tierras de Cultivo,Tierras de cultivo que permanecen como tales,4B1,2,"-5,49",Remoción
7206,2020,1,Tierra,Tierras de Cultivo,Tierras de cultivo que permanecen como tales,4B1,2,"-2,96",Remoción
7207,2021,1,Tierra,Tierras de Cultivo,Tierras de cultivo que permanecen como tales,4B1,2,"1,54",Emisión
7208,2022,1,Tierra,Tierras de Cultivo,Tierras de cultivo que permanecen como tales,4B1,2,"5,44",Emisión
7209,1990,1,Tierra,Tierras de Cultivo,Tierras forestales convertidas en Tierras de cultivo,4B2a,2,"25,51",Emisión
7210,1991,1,Tierra,Tierras de Cultivo,Tierras forestales convertidas en Tierras de cultivo,4B2a,2,"23,71",Emisión
7211,1992,1,Tierra,Tierras de Cultivo,Tierras forestales convertidas en Tierras de cultivo,4B2a,2,"33,8",Emisión
7212,1993,1,Tierra,Tierras de Cultivo,Tierras forestales convertidas en Tierras de cultivo,4B2a,2,"22,09",Emisión
7213,1994,1,Tierra,Tierras de Cultivo,Tierras forestales convertidas en Tierras de cultivo,4B2a,2,"44,73",Emisión
7214,1995,1,Tierra,Tierras de Cultivo,Tierras forestales convertidas en Tierras de cultivo,4B2a,2,"32,17",Emisión
7215,1996,1,Tierra,Tierras de Cultivo,Tierras forestales convertidas en Tierras de cultivo,4B2a,2,"32,35",Emisión
7216,1997,1,Tierra,Tierras de Cultivo,Tierras forestales convertidas en Tierras de cultivo,4B2a,2,"52,36",Emisión
7217,1998,1,Tierra,Tierras de Cultivo,Tierras forestales convertidas en Tierras de cultivo,4B2a,2,"35,32",Emisión
7218,1999,1,Tierra,Tierras de Cultivo,Tierras forestales convertidas en Tierras de cultivo,4B2a,2,"36,59",Emisión
7219,2000,1,Tierra,Tierras de Cultivo,Tierras forestales convertidas en Tierras de cultivo,4B2a,2,"17,62",Emisión
7220,2001,1,Tierra,Tierras de Cultivo,Tierras forestales convertidas en Tierras de cultivo,4B2a,2,"34,29",Emisión
7221,2002,1,Tierra,Tierras de Cultivo,Tierras forestales convertidas en Tierras de cultivo,4B2a,2,"25,92",Emisión
7222,2003,1,Tierra,Tierras de Cultivo,Tierras forestales convertidas en Tierras de cultivo,4B2a,2,"29,53",Emisión
7223,2004,1,Tierra,Tierras de Cultivo,Tierras forestales convertidas en Tierras de cultivo,4B2a,2,"44,04",Emisión
7224,2005,1,Tierra,Tierras de Cultivo,Tierras forestales convertidas en Tierras de cultivo,4B2a,2,"29,5",Emisión
7225,2006,1,Tierra,Tierras de Cultivo,Tierras forestales convertidas en Tierras de cultivo,4B2a,2,"39,87",Emisión
7226,2007,1,Tierra,Tierras de Cultivo,Tierras forestales convertidas en Tierras de cultivo,4B2a,2,"59,45",Emisión
7227,2008,1,Tierra,Tierras de Cultivo,Tierras forestales convertidas en Tierras de cultivo,4B2a,2,"29,95",Emisión
7228,2009,1,Tierra,Tierras de Cultivo,Tierras forestales convertidas en Tierras de cultivo,4B2a,2,"13,3",Emisión
7229,2010,1,Tierra,Tierras de Cultivo,Tierras forestales convertidas en Tierras de cultivo,4B2a,2,"35,73",Emisión
7230,2011,1,Tierra,Tierras de Cultivo,Tierras forestales convertidas en Tierras de cultivo,4B2a,2,"42,01",Emisión
7231,2012,1,Tierra,Tierras de Cultivo,Tierras forestales convertidas en Tierras de cultivo,4B2a,2,"26,76",Emisión
7232,2013,1,Tierra,Tierras de Cultivo,Tierras forestales convertidas en Tierras de cultivo,4B2a,2,"25,92",Emisión
7233,2014,1,Tierra,Tierras de Cultivo,Tierras forestales convertidas en Tierras de cultivo,4B2a,2,"18,61",Emisión
7234,2015,1,Tierra,Tierras de Cultivo,Tierras forestales convertidas en Tierras de cultivo,4B2a,2,"15,31",Emisión
7235,2016,1,Tierra,Tierras de Cultivo,Tierras forestales convertidas en Tierras de cultivo,4B2a,2,"15,31",Emisión
7236,2017,1,Tierra,Tierras de Cultivo,Tierras forestales convertidas en Tierras de cultivo,4B2a,2,"12,23",Emisión
7237,2018,1,Tierra,Tierras de Cultivo,Tierras forestales convertidas en Tierras de cultivo,4B2a,2,"19,47",Emisión
7238,2019,1,Tierra,Tierras de Cultivo,Tierras forestales convertidas en Tierras de cultivo,4B2a,2,"12,78",Emisión
7239,2020,1,Tierra,Tierras de Cultivo,Tierras forestales convertidas en Tierras de cultivo,4B2a,2,"24,31",Emisión
7240,2021,1,Tierra,Tierras de Cultivo,Tierras forestales convertidas en Tierras de cultivo,4B2a,2,"26,87",Emisión
7241,2022,1,Tierra,Tierras de Cultivo,Tierras forestales convertidas en Tierras de cultivo,4B2a,2,"25,59",Emisión
7242,1990,1,Tierra,Tierras de Cultivo,Pastizales convertidos en Tierras de Cultivo,4B2b,2,"-13,31",Remoción
7243,1991,1,Tierra,Tierras de Cultivo,Pastizales convertidos en Tierras de Cultivo,4B2b,2,"-11,73",Remoción
7244,1992,1,Tierra,Tierras de Cultivo,Pastizales convertidos en Tierras de Cultivo,4B2b,2,"-5,54",Remoción
7245,1993,1,Tierra,Tierras de Cultivo,Pastizales convertidos en Tierras de Cultivo,4B2b,2,"-11,03",Remoción
7246,1994,1,Tierra,Tierras de Cultivo,Pastizales convertidos en Tierras de Cultivo,4B2b,2,"-7,59",Remoción
7247,1995,1,Tierra,Tierras de Cultivo,Pastizales convertidos en Tierras de Cultivo,4B2b,2,"-10,68",Remoción
7248,1996,1,Tierra,Tierras de Cultivo,Pastizales convertidos en Tierras de Cultivo,4B2b,2,"-7,39",Remoción
7249,1997,1,Tierra,Tierras de Cultivo,Pastizales convertidos en Tierras de Cultivo,4B2b,2,"-19,5",Remoción
7250,1998,1,Tierra,Tierras de Cultivo,Pastizales convertidos en Tierras de Cultivo,4B2b,2,"-3,01",Remoción
7251,1999,1,Tierra,Tierras de Cultivo,Pastizales convertidos en Tierras de Cultivo,4B2b,2,"-7,75",Remoción
7252,2000,1,Tierra,Tierras de Cultivo,Pastizales convertidos en Tierras de Cultivo,4B2b,2,"-4,57",Remoción
7253,2001,1,Tierra,Tierras de Cultivo,Pastizales convertidos en Tierras de Cultivo,4B2b,2,"-4,46",Remoción
7254,2002,1,Tierra,Tierras de Cultivo,Pastizales convertidos en Tierras de Cultivo,4B2b,2,"-3,86",Remoción
7255,2003,1,Tierra,Tierras de Cultivo,Pastizales convertidos en Tierras de Cultivo,4B2b,2,"-2,9",Remoción
7256,2004,1,Tierra,Tierras de Cultivo,Pastizales convertidos en Tierras de Cultivo,4B2b,2,"-5,26",Remoción
7257,2005,1,Tierra,Tierras de Cultivo,Pastizales convertidos en Tierras de Cultivo,4B2b,2,"-7,15",Remoción
7258,2006,1,Tierra,Tierras de Cultivo,Pastizales convertidos en Tierras de Cultivo,4B2b,2,"-3,97",Remoción
7259,2007,1,Tierra,Tierras de Cultivo,Pastizales convertidos en Tierras de Cultivo,4B2b,2,"-10,2",Remoción
7260,2008,1,Tierra,Tierras de Cultivo,Pastizales convertidos en Tierras de Cultivo,4B2b,2,"-11,57",Remoción
7261,2009,1,Tierra,Tierras de Cultivo,Pastizales convertidos en Tierras de Cultivo,4B2b,2,"-9,46",Remoción
7262,2010,1,Tierra,Tierras de Cultivo,Pastizales convertidos en Tierras de Cultivo,4B2b,2,"-5,6",Remoción
7263,2011,1,Tierra,Tierras de Cultivo,Pastizales convertidos en Tierras de Cultivo,4B2b,2,"-17,46",Remoción
7264,2012,1,Tierra,Tierras de Cultivo,Pastizales convertidos en Tierras de Cultivo,4B2b,2,"-6,99",Remoción
7265,2013,1,Tierra,Tierras de Cultivo,Pastizales convertidos en Tierras de Cultivo,4B2b,2,"-20,99",Remoción
7266,2014,1,Tierra,Tierras de Cultivo,Pastizales convertidos en Tierras de Cultivo,4B2b,2,"-9,55",Remoción
7267,2015,1,Tierra,Tierras de Cultivo,Pastizales convertidos en Tierras de Cultivo,4B2b,2,"-10,82",Remoción
7268,2016,1,Tierra,Tierras de Cultivo,Pastizales convertidos en Tierras de Cultivo,4B2b,2,"-9,69",Remoción
7269,2017,1,Tierra,Tierras de Cultivo,Pastizales convertidos en Tierras de Cultivo,4B2b,2,"-6,11",Remoción
7270,2018,1,Tierra,Tierras de Cultivo,Pastizales convertidos en Tierras de Cultivo,4B2b,2,"-4,6",Remoción
7271,2019,1,Tierra,Tierras de Cultivo,Pastizales convertidos en Tierras de Cultivo,4B2b,2,"-10,66",Remoción
7272,2020,1,Tierra,Tierras de Cultivo,Pastizales convertidos en Tierras de Cultivo,4B2b,2,"-8,25",Remoción
7273,2021,1,Tierra,Tierras de Cultivo,Pastizales convertidos en Tierras de Cultivo,4B2b,2,"-8,84",Remoción
7274,2022,1,Tierra,Tierras de Cultivo,Pastizales convertidos en Tierras de Cultivo,4B2b,2,"-8,52",Remoción
7275,1990,1,Tierra,Pastizales,Tierras forestales convertidas en pastizales,4C2a,2,"38,93",Emisión
7276,1991,1,Tierra,Pastizales,Tierras forestales convertidas en pastizales,4C2a,2,"42,37",Emisión
7277,1992,1,Tierra,Pastizales,Tierras forestales convertidas en pastizales,4C2a,2,"33,82",Emisión
7278,1993,1,Tierra,Pastizales,Tierras forestales convertidas en pastizales,4C2a,2,"47,26",Emisión
7279,1994,1,Tierra,Pastizales,Tierras forestales convertidas en pastizales,4C2a,2,"25,85",Emisión
7280,1995,1,Tierra,Pastizales,Tierras forestales convertidas en pastizales,4C2a,2,"46,38",Emisión
7281,1996,1,Tierra,Pastizales,Tierras forestales convertidas en pastizales,4C2a,2,"53,85",Emisión
7282,1997,1,Tierra,Pastizales,Tierras forestales convertidas en pastizales,4C2a,2,"41,29",Emisión
7283,1998,1,Tierra,Pastizales,Tierras forestales convertidas en pastizales,4C2a,2,"49,08",Emisión
7284,1999,1,Tierra,Pastizales,Tierras forestales convertidas en pastizales,4C2a,2,"47,7",Emisión
7285,2000,1,Tierra,Pastizales,Tierras forestales convertidas en pastizales,4C2a,2,"66,84",Emisión
7286,2001,1,Tierra,Pastizales,Tierras forestales convertidas en pastizales,4C2a,2,"49,96",Emisión
7287,2002,1,Tierra,Pastizales,Tierras forestales convertidas en pastizales,4C2a,2,"77,93",Emisión
7288,2003,1,Tierra,Pastizales,Tierras forestales convertidas en pastizales,4C2a,2,"74,34",Emisión
7289,2004,1,Tierra,Pastizales,Tierras forestales convertidas en pastizales,4C2a,2,"59,71",Emisión
7290,2005,1,Tierra,Pastizales,Tierras forestales convertidas en pastizales,4C2a,2,"74,49",Emisión
7291,2006,1,Tierra,Pastizales,Tierras forestales convertidas en pastizales,4C2a,2,"76,29",Emisión
7292,2007,1,Tierra,Pastizales,Tierras forestales convertidas en pastizales,4C2a,2,"68,37",Emisión
7293,2008,1,Tierra,Pastizales,Tierras forestales convertidas en pastizales,4C2a,2,"76,15",Emisión
7294,2009,1,Tierra,Pastizales,Tierras forestales convertidas en pastizales,4C2a,2,"60,12",Emisión
7295,2010,1,Tierra,Pastizales,Tierras forestales convertidas en pastizales,4C2a,2,"37,38",Emisión
7296,2011,1,Tierra,Pastizales,Tierras forestales convertidas en pastizales,4C2a,2,"23,57",Emisión
7297,2012,1,Tierra,Pastizales,Tierras forestales convertidas en pastizales,4C2a,2,"70,45",Emisión
7298,2013,1,Tierra,Pastizales,Tierras forestales convertidas en pastizales,4C2a,2,"69,28",Emisión
7299,2014,1,Tierra,Pastizales,Tierras forestales convertidas en pastizales,4C2a,2,"44,57",Emisión
7300,2015,1,Tierra,Pastizales,Tierras forestales convertidas en pastizales,4C2a,2,"34,08",Emisión
7301,2016,1,Tierra,Pastizales,Tierras forestales convertidas en pastizales,4C2a,2,"31,31",Emisión
7302,2017,1,Tierra,Pastizales,Tierras forestales convertidas en pastizales,4C2a,2,"40,48",Emisión
7303,2018,1,Tierra,Pastizales,Tierras forestales convertidas en pastizales,4C2a,2,"25,27",Emisión
7304,2019,1,Tierra,Pastizales,Tierras forestales convertidas en pastizales,4C2a,2,"21,5",Emisión
7305,2020,1,Tierra,Pastizales,Tierras forestales convertidas en pastizales,4C2a,2,"62,47",Emisión
7306,2021,1,Tierra,Pastizales,Tierras forestales convertidas en pastizales,4C2a,2,"38,08",Emisión
7307,2022,1,Tierra,Pastizales,Tierras forestales convertidas en pastizales,4C2a,2,"25,26",Emisión
7308,1990,1,Tierra,Pastizales,Tierras de Cultivo convertidos en pastizales,4C2b,2,"2,07",Emisión
7309,1991,1,Tierra,Pastizales,Tierras de Cultivo convertidos en pastizales,4C2b,2,"15,4",Emisión
7310,1992,1,Tierra,Pastizales,Tierras de Cultivo convertidos en pastizales,4C2b,2,"7,6",Emisión
7311,1993,1,Tierra,Pastizales,Tierras de Cultivo convertidos en pastizales,4C2b,2,"11,3",Emisión
7312,1994,1,Tierra,Pastizales,Tierras de Cultivo convertidos en pastizales,4C2b,2,"4,43",Emisión
7313,1995,1,Tierra,Pastizales,Tierras de Cultivo convertidos en pastizales,4C2b,2,"0,72",Emisión
7314,1996,1,Tierra,Pastizales,Tierras de Cultivo convertidos en pastizales,4C2b,2,"5,08",Emisión
7315,1997,1,Tierra,Pastizales,Tierras de Cultivo convertidos en pastizales,4C2b,2,"1,31",Emisión
7316,1998,1,Tierra,Pastizales,Tierras de Cultivo convertidos en pastizales,4C2b,2,"8,45",Emisión
7317,1999,1,Tierra,Pastizales,Tierras de Cultivo convertidos en pastizales,4C2b,2,"6,22",Emisión
7318,2000,1,Tierra,Pastizales,Tierras de Cultivo convertidos en pastizales,4C2b,2,"3,76",Emisión
7319,2001,1,Tierra,Pastizales,Tierras de Cultivo convertidos en pastizales,4C2b,2,"9,18",Emisión
7320,2002,1,Tierra,Pastizales,Tierras de Cultivo convertidos en pastizales,4C2b,2,"6,34",Emisión
7321,2003,1,Tierra,Pastizales,Tierras de Cultivo convertidos en pastizales,4C2b,2,"4,02",Emisión
7322,2004,1,Tierra,Pastizales,Tierras de Cultivo convertidos en pastizales,4C2b,2,"5,31",Emisión
7323,2005,1,Tierra,Pastizales,Tierras de Cultivo convertidos en pastizales,4C2b,2,"3,9",Emisión
7324,2006,1,Tierra,Pastizales,Tierras de Cultivo convertidos en pastizales,4C2b,2,"7,93",Emisión
7325,2007,1,Tierra,Pastizales,Tierras de Cultivo convertidos en pastizales,4C2b,2,"0,98",Emisión
7326,2008,1,Tierra,Pastizales,Tierras de Cultivo convertidos en pastizales,4C2b,2,"1,01",Emisión
7327,2009,1,Tierra,Pastizales,Tierras de Cultivo convertidos en pastizales,4C2b,2,"6,66",Emisión
7328,2010,1,Tierra,Pastizales,Tierras de Cultivo convertidos en pastizales,4C2b,2,"11,32",Emisión
7329,2011,1,Tierra,Pastizales,Tierras de Cultivo convertidos en pastizales,4C2b,2,"2,21",Emisión
7330,2012,1,Tierra,Pastizales,Tierras de Cultivo convertidos en pastizales,4C2b,2,"2,54",Emisión
7331,2013,1,Tierra,Pastizales,Tierras de Cultivo convertidos en pastizales,4C2b,2,"11,27",Emisión
7332,2014,1,Tierra,Pastizales,Tierras de Cultivo convertidos en pastizales,4C2b,2,"8,25",Emisión
7333,2015,1,Tierra,Pastizales,Tierras de Cultivo convertidos en pastizales,4C2b,2,"6,65",Emisión
7334,2016,1,Tierra,Pastizales,Tierras de Cultivo convertidos en pastizales,4C2b,2,"3,96",Emisión
7335,2017,1,Tierra,Pastizales,Tierras de Cultivo convertidos en pastizales,4C2b,2,"8,7",Emisión
7336,2018,1,Tierra,Pastizales,Tierras de Cultivo convertidos en pastizales,4C2b,2,"16,03",Emisión
7337,2019,1,Tierra,Pastizales,Tierras de Cultivo convertidos en pastizales,4C2b,2,"2,59",Emisión
7338,2020,1,Tierra,Pastizales,Tierras de Cultivo convertidos en pastizales,4C2b,2,"4,72",Emisión
7339,2021,1,Tierra,Pastizales,Tierras de Cultivo convertidos en pastizales,4C2b,2,"4,56",Emisión
7340,2022,1,Tierra,Pastizales,Tierras de Cultivo convertidos en pastizales,4C2b,2,"3,5",Emisión
7341,1990,1,Tierra,Tierras Forestales,Productos de madera recolectada,4G,2,"-0,15",Remoción
7342,1991,1,Tierra,Tierras Forestales,Productos de madera recolectada,4G,2,"-0,25",Remoción
7343,1992,1,Tierra,Tierras Forestales,Productos de madera recolectada,4G,2,"-0,71",Remoción
7344,1993,1,Tierra,Tierras Forestales,Productos de madera recolectada,4G,2,"-0,19",Remoción
7345,1994,1,Tierra,Tierras Forestales,Productos de madera recolectada,4G,2,"-0,34",Remoción
7346,1995,1,Tierra,Tierras Forestales,Productos de madera recolectada,4G,2,"-1,21",Remoción
7347,1996,1,Tierra,Tierras Forestales,Productos de madera recolectada,4G,2,"-1,22",Remoción
7348,1997,1,Tierra,Tierras Forestales,Productos de madera recolectada,4G,2,"-1,52",Remoción
7349,1998,1,Tierra,Tierras Forestales,Productos de madera recolectada,4G,2,"-1,06",Remoción
7350,1999,1,Tierra,Tierras Forestales,Productos de madera recolectada,4G,2,"-1,04",Remoción
7351,2000,1,Tierra,Tierras Forestales,Productos de madera recolectada,4G,2,"-1,08",Remoción
7352,2001,1,Tierra,Tierras Forestales,Productos de madera recolectada,4G,2,"-1,02",Remoción
7353,2002,1,Tierra,Tierras Forestales,Productos de madera recolectada,4G,2,"-1,02",Remoción
7354,2003,1,Tierra,Tierras Forestales,Productos de madera recolectada,4G,2,"-1,76",Remoción
7355,2004,1,Tierra,Tierras Forestales,Productos de madera recolectada,4G,2,"-1,54",Remoción
7356,2005,1,Tierra,Tierras Forestales,Productos de madera recolectada,4G,2,"-1,81",Remoción
7357,2006,1,Tierra,Tierras Forestales,Productos de madera recolectada,4G,2,"-2,17",Remoción
7358,2007,1,Tierra,Tierras Forestales,Productos de madera recolectada,4G,2,"-1,71",Remoción
7359,2008,1,Tierra,Tierras Forestales,Productos de madera recolectada,4G,2,"-1,28",Remoción
7360,2009,1,Tierra,Tierras Forestales,Productos de madera recolectada,4G,2,"-1,88",Remoción
7361,2010,1,Tierra,Tierras Forestales,Productos de madera recolectada,4G,2,"-1,96",Remoción
7362,2011,1,Tierra,Tierras Forestales,Productos de madera recolectada,4G,2,"-1,81",Remoción
7363,2012,1,Tierra,Tierras Forestales,Productos de madera recolectada,4G,2,"-2,71",Remoción
7364,2013,1,Tierra,Tierras Forestales,Productos de madera recolectada,4G,2,"-2,81",Remoción
7365,2014,1,Tierra,Tierras Forestales,Productos de madera recolectada,4G,2,"-1,84",Remoción
7366,2015,1,Tierra,Tierras Forestales,Productos de madera recolectada,4G,2,"-2,24",Remoción
7367,2016,1,Tierra,Tierras Forestales,Productos de madera recolectada,4G,2,"-2,61",Remoción
7368,2017,1,Tierra,Tierras Forestales,Productos de madera recolectada,4G,2,"-2,73",Remoción
7369,2018,1,Tierra,Tierras Forestales,Productos de madera recolectada,4G,2,"-2,44",Remoción
7370,2019,1,Tierra,Tierras Forestales,Productos de madera recolectada,4G,2,"-2,13",Remoción
7371,2020,1,Tierra,Tierras Forestales,Productos de madera recolectada,4G,2,"-1,63",Remoción
7372,2021,1,Tierra,Tierras Forestales,Productos de madera recolectada,4G,2,"-2,66",Remoción
7373,2022,1,Tierra,Tierras Forestales,Productos de madera recolectada,4G,2,"-2,72",Remoción
7374,1990,4,Residuos Sólidos,Eliminación de residuos sólidos,Sitios de eliminación de Residuos Solidos gestionados,5A1,1,"1,6",Emisión
7375,1991,4,Residuos Sólidos,Eliminación de residuos sólidos,Sitios de eliminación de Residuos Solidos gestionados,5A1,1,"1,69",Emisión
7376,1992,4,Residuos Sólidos,Eliminación de residuos sólidos,Sitios de eliminación de Residuos Solidos gestionados,5A1,1,"1,78",Emisión
7377,1993,4,Residuos Sólidos,Eliminación de residuos sólidos,Sitios de eliminación de Residuos Solidos gestionados,5A1,1,"1,89",Emisión
7378,1994,4,Residuos Sólidos,Eliminación de residuos sólidos,Sitios de eliminación de Residuos Solidos gestionados,5A1,1,"2,01",Emisión
7379,1995,4,Residuos Sólidos,Eliminación de residuos sólidos,Sitios de eliminación de Residuos Solidos gestionados,5A1,1,"2,17",Emisión
7380,1996,4,Residuos Sólidos,Eliminación de residuos sólidos,Sitios de eliminación de Residuos Solidos gestionados,5A1,1,"2,39",Emisión
7381,1997,4,Residuos Sólidos,Eliminación de residuos sólidos,Sitios de eliminación de Residuos Solidos gestionados,5A1,1,"2,63",Emisión
7382,1998,4,Residuos Sólidos,Eliminación de residuos sólidos,Sitios de eliminación de Residuos Solidos gestionados,5A1,1,"2,9",Emisión
7383,1999,4,Residuos Sólidos,Eliminación de residuos sólidos,Sitios de eliminación de Residuos Solidos gestionados,5A1,1,"3,16",Emisión
7384,2000,4,Residuos Sólidos,Eliminación de residuos sólidos,Sitios de eliminación de Residuos Solidos gestionados,5A1,1,"3,44",Emisión
7385,2001,4,Residuos Sólidos,Eliminación de residuos sólidos,Sitios de eliminación de Residuos Solidos gestionados,5A1,1,"3,74",Emisión
7386,2002,4,Residuos Sólidos,Eliminación de residuos sólidos,Sitios de eliminación de Residuos Solidos gestionados,5A1,1,"4,12",Emisión
7387,2003,4,Residuos Sólidos,Eliminación de residuos sólidos,Sitios de eliminación de Residuos Solidos gestionados,5A1,1,"4,39",Emisión
7388,2004,4,Residuos Sólidos,Eliminación de residuos sólidos,Sitios de eliminación de Residuos Solidos gestionados,5A1,1,"4,62",Emisión
7389,2005,4,Residuos Sólidos,Eliminación de residuos sólidos,Sitios de eliminación de Residuos Solidos gestionados,5A1,1,"4,91",Emisión
7390,2006,4,Residuos Sólidos,Eliminación de residuos sólidos,Sitios de eliminación de Residuos Solidos gestionados,5A1,1,"5,04",Emisión
7391,2007,4,Residuos Sólidos,Eliminación de residuos sólidos,Sitios de eliminación de Residuos Solidos gestionados,5A1,1,"4,98",Emisión
7392,2008,4,Residuos Sólidos,Eliminación de residuos sólidos,Sitios de eliminación de Residuos Solidos gestionados,5A1,1,"4,59",Emisión
7393,2009,4,Residuos Sólidos,Eliminación de residuos sólidos,Sitios de eliminación de Residuos Solidos gestionados,5A1,1,"4,1",Emisión
7394,2010,4,Residuos Sólidos,Eliminación de residuos sólidos,Sitios de eliminación de Residuos Solidos gestionados,5A1,1,"4,29",Emisión
7395,2011,4,Residuos Sólidos,Eliminación de residuos sólidos,Sitios de eliminación de Residuos Solidos gestionados,5A1,1,"4,39",Emisión
7396,2012,4,Residuos Sólidos,Eliminación de residuos sólidos,Sitios de eliminación de Residuos Solidos gestionados,5A1,1,"4,89",Emisión
7397,2013,4,Residuos Sólidos,Eliminación de residuos sólidos,Sitios de eliminación de Residuos Solidos gestionados,5A1,1,"5,3",Emisión
7398,2014,4,Residuos Sólidos,Eliminación de residuos sólidos,Sitios de eliminación de Residuos Solidos gestionados,5A1,1,"5,84",Emisión
7399,2015,4,Residuos Sólidos,Eliminación de residuos sólidos,Sitios de eliminación de Residuos Solidos gestionados,5A1,1,"6,23",Emisión
7400,2016,4,Residuos Sólidos,Eliminación de residuos sólidos,Sitios de eliminación de Residuos Solidos gestionados,5A1,1,"6,61",Emisión
7401,2017,4,Residuos Sólidos,Eliminación de residuos sólidos,Sitios de eliminación de Residuos Solidos gestionados,5A1,1,"6,86",Emisión
7402,2018,4,Residuos Sólidos,Eliminación de residuos sólidos,Sitios de eliminación de Residuos Solidos gestionados,5A1,1,"7,17",Emisión
7403,2019,4,Residuos Sólidos,Eliminación de residuos sólidos,Sitios de eliminación de Residuos Solidos gestionados,5A1,1,"7,48",Emisión
7404,2020,4,Residuos Sólidos,Eliminación de residuos sólidos,Sitios de eliminación de Residuos Solidos gestionados,5A1,1,"7,73",Emisión
7405,2021,4,Residuos Sólidos,Eliminación de residuos sólidos,Sitios de eliminación de Residuos Solidos gestionados,5A1,1,"7,89",Emisión
7406,2022,4,Residuos Sólidos,Eliminación de residuos sólidos,Sitios de eliminación de Residuos Solidos gestionados,5A1,1,"8,04",Emisión
7407,1990,4,Residuos Sólidos,Eliminación de residuos sólidos,Sitios de eliminación de Residuos Solidos no categorizados,5A3,1,"5,02",Emisión
7408,1991,4,Residuos Sólidos,Eliminación de residuos sólidos,Sitios de eliminación de Residuos Solidos no categorizados,5A3,1,"5,1",Emisión
7409,1992,4,Residuos Sólidos,Eliminación de residuos sólidos,Sitios de eliminación de Residuos Solidos no categorizados,5A3,1,"5,21",Emisión
7410,1993,4,Residuos Sólidos,Eliminación de residuos sólidos,Sitios de eliminación de Residuos Solidos no categorizados,5A3,1,"5,33",Emisión
7411,1994,4,Residuos Sólidos,Eliminación de residuos sólidos,Sitios de eliminación de Residuos Solidos no categorizados,5A3,1,"5,46",Emisión
7412,1995,4,Residuos Sólidos,Eliminación de residuos sólidos,Sitios de eliminación de Residuos Solidos no categorizados,5A3,1,"5,58",Emisión
7413,1996,4,Residuos Sólidos,Eliminación de residuos sólidos,Sitios de eliminación de Residuos Solidos no categorizados,5A3,1,"5,64",Emisión
7414,1997,4,Residuos Sólidos,Eliminación de residuos sólidos,Sitios de eliminación de Residuos Solidos no categorizados,5A3,1,"5,71",Emisión
7415,1998,4,Residuos Sólidos,Eliminación de residuos sólidos,Sitios de eliminación de Residuos Solidos no categorizados,5A3,1,"5,76",Emisión
7416,1999,4,Residuos Sólidos,Eliminación de residuos sólidos,Sitios de eliminación de Residuos Solidos no categorizados,5A3,1,"5,84",Emisión
7417,2000,4,Residuos Sólidos,Eliminación de residuos sólidos,Sitios de eliminación de Residuos Solidos no categorizados,5A3,1,"5,87",Emisión
7418,2001,4,Residuos Sólidos,Eliminación de residuos sólidos,Sitios de eliminación de Residuos Solidos no categorizados,5A3,1,"5,87",Emisión
7419,2002,4,Residuos Sólidos,Eliminación de residuos sólidos,Sitios de eliminación de Residuos Solidos no categorizados,5A3,1,"5,8",Emisión
7420,2003,4,Residuos Sólidos,Eliminación de residuos sólidos,Sitios de eliminación de Residuos Solidos no categorizados,5A3,1,"5,73",Emisión
7421,2004,4,Residuos Sólidos,Eliminación de residuos sólidos,Sitios de eliminación de Residuos Solidos no categorizados,5A3,1,"5,7",Emisión
7422,2005,4,Residuos Sólidos,Eliminación de residuos sólidos,Sitios de eliminación de Residuos Solidos no categorizados,5A3,1,"5,69",Emisión
7423,2006,4,Residuos Sólidos,Eliminación de residuos sólidos,Sitios de eliminación de Residuos Solidos no categorizados,5A3,1,"5,73",Emisión
7424,2007,4,Residuos Sólidos,Eliminación de residuos sólidos,Sitios de eliminación de Residuos Solidos no categorizados,5A3,1,"5,78",Emisión
7425,2008,4,Residuos Sólidos,Eliminación de residuos sólidos,Sitios de eliminación de Residuos Solidos no categorizados,5A3,1,"5,85",Emisión
7426,2009,4,Residuos Sólidos,Eliminación de residuos sólidos,Sitios de eliminación de Residuos Solidos no categorizados,5A3,1,"5,9",Emisión
7427,2010,4,Residuos Sólidos,Eliminación de residuos sólidos,Sitios de eliminación de Residuos Solidos no categorizados,5A3,1,"5,89",Emisión
7428,2011,4,Residuos Sólidos,Eliminación de residuos sólidos,Sitios de eliminación de Residuos Solidos no categorizados,5A3,1,"5,92",Emisión
7429,2012,4,Residuos Sólidos,Eliminación de residuos sólidos,Sitios de eliminación de Residuos Solidos no categorizados,5A3,1,"5,96",Emisión
7430,2013,4,Residuos Sólidos,Eliminación de residuos sólidos,Sitios de eliminación de Residuos Solidos no categorizados,5A3,1,"6,0",Emisión
7431,2014,4,Residuos Sólidos,Eliminación de residuos sólidos,Sitios de eliminación de Residuos Solidos no categorizados,5A3,1,"6,07",Emisión
7432,2015,4,Residuos Sólidos,Eliminación de residuos sólidos,Sitios de eliminación de Residuos Solidos no categorizados,5A3,1,"6,12",Emisión
7433,2016,4,Residuos Sólidos,Eliminación de residuos sólidos,Sitios de eliminación de Residuos Solidos no categorizados,5A3,1,"6,16",Emisión
7434,2017,4,Residuos Sólidos,Eliminación de residuos sólidos,Sitios de eliminación de Residuos Solidos no categorizados,5A3,1,"6,2",Emisión
7435,2018,4,Residuos Sólidos,Eliminación de residuos sólidos,Sitios de eliminación de Residuos Solidos no categorizados,5A3,1,"6,22",Emisión
7436,2019,4,Residuos Sólidos,Eliminación de residuos sólidos,Sitios de eliminación de Residuos Solidos no categorizados,5A3,1,"6,22",Emisión
7437,2020,4,Residuos Sólidos,Eliminación de residuos sólidos,Sitios de eliminación de Residuos Solidos no categorizados,5A3,1,"6,23",Emisión
7438,2021,4,Residuos Sólidos,Eliminación de residuos sólidos,Sitios de eliminación de Residuos Solidos no categorizados,5A3,1,"6,21",Emisión
7439,2022,4,Residuos Sólidos,Eliminación de residuos sólidos,Sitios de eliminación de Residuos Solidos no categorizados,5A3,1,"6,26",Emisión
7440,2006,4,Residuos Sólidos,Eliminación de residuos sólidos,Tratamiento biológico de los Residuos sólidos,5B,1,"0,0",Sin emisión/remoción
7441,2007,4,Residuos Sólidos,Eliminación de residuos sólidos,Tratamiento biológico de los Residuos sólidos,5B,1,"0,0",Sin emisión/remoción
7442,2008,4,Residuos Sólidos,Eliminación de residuos sólidos,Tratamiento biológico de los Residuos sólidos,5B,1,"0,0",Sin emisión/remoción
7443,2009,4,Residuos Sólidos,Eliminación de residuos sólidos,Tratamiento biológico de los Residuos sólidos,5B,1,"0,0",Sin emisión/remoción
7444,2010,4,Residuos Sólidos,Eliminación de residuos sólidos,Tratamiento biológico de los Residuos sólidos,5B,1,"0,0",Sin emisión/remoción
7445,2011,4,Residuos Sólidos,Eliminación de residuos sólidos,Tratamiento biológico de los Residuos sólidos,5B,1,"0,0",Sin emisión/remoción
7446,2012,4,Residuos Sólidos,Eliminación de residuos sólidos,Tratamiento biológico de los Residuos sólidos,5B,1,"0,0",Sin emisión/remoción
7447,2013,4,Residuos Sólidos,Eliminación de residuos sólidos,Tratamiento biológico de los Residuos sólidos,5B,1,"0,01",Emisión
7448,2014,4,Residuos Sólidos,Eliminación de residuos sólidos,Tratamiento biológico de los Residuos sólidos,5B,1,"0,01",Emisión
7449,2015,4,Residuos Sólidos,Eliminación de residuos sólidos,Tratamiento biológico de los Residuos sólidos,5B,1,"0,02",Emisión
7450,2016,4,Residuos Sólidos,Eliminación de residuos sólidos,Tratamiento biológico de los Residuos sólidos,5B,1,"0,03",Emisión
7451,2017,4,Residuos Sólidos,Eliminación de residuos sólidos,Tratamiento biológico de los Residuos sólidos,5B,1,"0,03",Emisión
7452,2018,4,Residuos Sólidos,Eliminación de residuos sólidos,Tratamiento biológico de los Residuos sólidos,5B,1,"0,03",Emisión
7453,2019,4,Residuos Sólidos,Eliminación de residuos sólidos,Tratamiento biológico de los Residuos sólidos,5B,1,"0,03",Emisión
7454,2020,4,Residuos Sólidos,Eliminación de residuos sólidos,Tratamiento biológico de los Residuos sólidos,5B,1,"0,03",Emisión
7455,2021,4,Residuos Sólidos,Eliminación de residuos sólidos,Tratamiento biológico de los Residuos sólidos,5B,1,"0,04",Emisión
7456,2022,4,Residuos Sólidos,Eliminación de residuos sólidos,Tratamiento biológico de los Residuos sólidos,5B,1,"0,04",Emisión
7457,2006,4,Residuos Sólidos,Eliminación de residuos sólidos,Tratamiento biológico de los Residuos sólidos,5B,4,"0,0",Sin emisión/remoción
7458,2007,4,Residuos Sólidos,Eliminación de residuos sólidos,Tratamiento biológico de los Residuos sólidos,5B,4,"0,0",Sin emisión/remoción
7459,2008,4,Residuos Sólidos,Eliminación de residuos sólidos,Tratamiento biológico de los Residuos sólidos,5B,4,"0,0",Sin emisión/remoción
7460,2009,4,Residuos Sólidos,Eliminación de residuos sólidos,Tratamiento biológico de los Residuos sólidos,5B,4,"0,0",Sin emisión/remoción
7461,2010,4,Residuos Sólidos,Eliminación de residuos sólidos,Tratamiento biológico de los Residuos sólidos,5B,4,"0,0",Sin emisión/remoción
7462,2011,4,Residuos Sólidos,Eliminación de residuos sólidos,Tratamiento biológico de los Residuos sólidos,5B,4,"0,0",Sin emisión/remoción
7463,2012,4,Residuos Sólidos,Eliminación de residuos sólidos,Tratamiento biológico de los Residuos sólidos,5B,4,"0,0",Sin emisión/remoción
7464,2013,4,Residuos Sólidos,Eliminación de residuos sólidos,Tratamiento biológico de los Residuos sólidos,5B,4,"0,01",Emisión
7465,2014,4,Residuos Sólidos,Eliminación de residuos sólidos,Tratamiento biológico de los Residuos sólidos,5B,4,"0,01",Emisión
7466,2015,4,Residuos Sólidos,Eliminación de residuos sólidos,Tratamiento biológico de los Residuos sólidos,5B,4,"0,02",Emisión
7467,2016,4,Residuos Sólidos,Eliminación de residuos sólidos,Tratamiento biológico de los Residuos sólidos,5B,4,"0,02",Emisión
7468,2017,4,Residuos Sólidos,Eliminación de residuos sólidos,Tratamiento biológico de los Residuos sólidos,5B,4,"0,02",Emisión
7469,2018,4,Residuos Sólidos,Eliminación de residuos sólidos,Tratamiento biológico de los Residuos sólidos,5B,4,"0,02",Emisión
7470,2019,4,Residuos Sólidos,Eliminación de residuos sólidos,Tratamiento biológico de los Residuos sólidos,5B,4,"0,02",Emisión
7471,2020,4,Residuos Sólidos,Eliminación de residuos sólidos,Tratamiento biológico de los Residuos sólidos,5B,4,"0,02",Emisión
7472,2021,4,Residuos Sólidos,Eliminación de residuos sólidos,Tratamiento biológico de los Residuos sólidos,5B,4,"0,03",Emisión
7473,2022,4,Residuos Sólidos,Eliminación de residuos sólidos,Tratamiento biológico de los Residuos sólidos,5B,4,"0,03",Emisión
7474,1990,4,Incineración de residuos,Incineración de residuos,Incineración de Residuos,5C1,2,"0,02",Emisión
7475,1991,4,Incineración de residuos,Incineración de residuos,Incineración de Residuos,5C1,2,"0,02",Emisión
7476,1992,4,Incineración de residuos,Incineración de residuos,Incineración de Residuos,5C1,2,"0,02",Emisión
7477,1993,4,Incineración de residuos,Incineración de residuos,Incineración de Residuos,5C1,2,"0,02",Emisión
7478,1994,4,Incineración de residuos,Incineración de residuos,Incineración de Residuos,5C1,2,"0,02",Emisión
7479,1995,4,Incineración de residuos,Incineración de residuos,Incineración de Residuos,5C1,2,"0,02",Emisión
7480,1996,4,Incineración de residuos,Incineración de residuos,Incineración de Residuos,5C1,2,"0,02",Emisión
7481,1997,4,Incineración de residuos,Incineración de residuos,Incineración de Residuos,5C1,2,"0,02",Emisión
7482,1998,4,Incineración de residuos,Incineración de residuos,Incineración de Residuos,5C1,2,"0,03",Emisión
7483,1999,4,Incineración de residuos,Incineración de residuos,Incineración de Residuos,5C1,2,"0,03",Emisión
7484,2000,4,Incineración de residuos,Incineración de residuos,Incineración de Residuos,5C1,2,"0,03",Emisión
7485,2001,4,Incineración de residuos,Incineración de residuos,Incineración de Residuos,5C1,2,"0,02",Emisión
7486,2002,4,Incineración de residuos,Incineración de residuos,Incineración de Residuos,5C1,2,"0,02",Emisión
7487,2003,4,Incineración de residuos,Incineración de residuos,Incineración de Residuos,5C1,2,"0,02",Emisión
7488,2004,4,Incineración de residuos,Incineración de residuos,Incineración de Residuos,5C1,2,"0,03",Emisión
7489,2005,4,Incineración de residuos,Incineración de residuos,Incineración de Residuos,5C1,2,"0,03",Emisión
7490,2006,4,Incineración de residuos,Incineración de residuos,Incineración de Residuos,5C1,2,"0,03",Emisión
7491,2007,4,Incineración de residuos,Incineración de residuos,Incineración de Residuos,5C1,2,"0,03",Emisión
7492,2008,4,Incineración de residuos,Incineración de residuos,Incineración de Residuos,5C1,2,"0,03",Emisión
7493,2009,4,Incineración de residuos,Incineración de residuos,Incineración de Residuos,5C1,2,"0,03",Emisión
7494,2010,4,Incineración de residuos,Incineración de residuos,Incineración de Residuos,5C1,2,"0,03",Emisión
7495,2011,4,Incineración de residuos,Incineración de residuos,Incineración de Residuos,5C1,2,"0,03",Emisión
7496,2012,4,Incineración de residuos,Incineración de residuos,Incineración de Residuos,5C1,2,"0,03",Emisión
7497,2013,4,Incineración de residuos,Incineración de residuos,Incineración de Residuos,5C1,2,"0,03",Emisión
7498,2014,4,Incineración de residuos,Incineración de residuos,Incineración de Residuos,5C1,2,"0,03",Emisión
7499,2015,4,Incineración de residuos,Incineración de residuos,Incineración de Residuos,5C1,2,"0,03",Emisión
7500,2016,4,Incineración de residuos,Incineración de residuos,Incineración de Residuos,5C1,2,"0,03",Emisión
7501,2017,4,Incineración de residuos,Incineración de residuos,Incineración de Residuos,5C1,2,"0,03",Emisión
7502,2018,4,Incineración de residuos,Incineración de residuos,Incineración de Residuos,5C1,2,"0,03",Emisión
7503,2019,4,Incineración de residuos,Incineración de residuos,Incineración de Residuos,5C1,2,"0,03",Emisión
7504,2020,4,Incineración de residuos,Incineración de residuos,Incineración de Residuos,5C1,2,"0,03",Emisión
7505,2021,4,Incineración de residuos,Incineración de residuos,Incineración de Residuos,5C1,2,"0,03",Emisión
7506,2022,4,Incineración de residuos,Incineración de residuos,Incineración de Residuos,5C1,2,"0,04",Emisión
7507,1990,4,Aguas Residuales,Aguas residuales domésticas,Aguas residuales domésticas,5D1,1,"2,78",Emisión
7508,1991,4,Aguas Residuales,Aguas residuales domésticas,Aguas residuales domésticas,5D1,1,"2,83",Emisión
7509,1992,4,Aguas Residuales,Aguas residuales domésticas,Aguas residuales domésticas,5D1,1,"2,86",Emisión
7510,1993,4,Aguas Residuales,Aguas residuales domésticas,Aguas residuales domésticas,5D1,1,"2,89",Emisión
7511,1994,4,Aguas Residuales,Aguas residuales domésticas,Aguas residuales domésticas,5D1,1,"2,92",Emisión
7512,1995,4,Aguas Residuales,Aguas residuales domésticas,Aguas residuales domésticas,5D1,1,"2,95",Emisión
7513,1996,4,Aguas Residuales,Aguas residuales domésticas,Aguas residuales domésticas,5D1,1,"2,98",Emisión
7514,1997,4,Aguas Residuales,Aguas residuales domésticas,Aguas residuales domésticas,5D1,1,"3,02",Emisión
7515,1998,4,Aguas Residuales,Aguas residuales domésticas,Aguas residuales domésticas,5D1,1,"3,05",Emisión
7516,1999,4,Aguas Residuales,Aguas residuales domésticas,Aguas residuales domésticas,5D1,1,"3,08",Emisión
7517,2000,4,Aguas Residuales,Aguas residuales domésticas,Aguas residuales domésticas,5D1,1,"3,11",Emisión
7518,2001,4,Aguas Residuales,Aguas residuales domésticas,Aguas residuales domésticas,5D1,1,"3,14",Emisión
7519,2002,4,Aguas Residuales,Aguas residuales domésticas,Aguas residuales domésticas,5D1,1,"3,23",Emisión
7520,2003,4,Aguas Residuales,Aguas residuales domésticas,Aguas residuales domésticas,5D1,1,"3,32",Emisión
7521,2004,4,Aguas Residuales,Aguas residuales domésticas,Aguas residuales domésticas,5D1,1,"3,41",Emisión
7522,2005,4,Aguas Residuales,Aguas residuales domésticas,Aguas residuales domésticas,5D1,1,"3,51",Emisión
7523,2006,4,Aguas Residuales,Aguas residuales domésticas,Aguas residuales domésticas,5D1,1,"3,6",Emisión
7524,2007,4,Aguas Residuales,Aguas residuales domésticas,Aguas residuales domésticas,5D1,1,"3,7",Emisión
7525,2008,4,Aguas Residuales,Aguas residuales domésticas,Aguas residuales domésticas,5D1,1,"3,8",Emisión
7526,2009,4,Aguas Residuales,Aguas residuales domésticas,Aguas residuales domésticas,5D1,1,"3,9",Emisión
7527,2010,4,Aguas Residuales,Aguas residuales domésticas,Aguas residuales domésticas,5D1,1,"4,0",Emisión
7528,2011,4,Aguas Residuales,Aguas residuales domésticas,Aguas residuales domésticas,5D1,1,"4,11",Emisión
7529,2012,4,Aguas Residuales,Aguas residuales domésticas,Aguas residuales domésticas,5D1,1,"4,16",Emisión
7530,2013,4,Aguas Residuales,Aguas residuales domésticas,Aguas residuales domésticas,5D1,1,"4,2",Emisión
7531,2014,4,Aguas Residuales,Aguas residuales domésticas,Aguas residuales domésticas,5D1,1,"4,25",Emisión
7532,2015,4,Aguas Residuales,Aguas residuales domésticas,Aguas residuales domésticas,5D1,1,"4,3",Emisión
7533,2016,4,Aguas Residuales,Aguas residuales domésticas,Aguas residuales domésticas,5D1,1,"4,34",Emisión
7534,2017,4,Aguas Residuales,Aguas residuales domésticas,Aguas residuales domésticas,5D1,1,"4,39",Emisión
7535,2018,4,Aguas Residuales,Aguas residuales domésticas,Aguas residuales domésticas,5D1,1,"4,43",Emisión
7536,2019,4,Aguas Residuales,Aguas residuales domésticas,Aguas residuales domésticas,5D1,1,"4,48",Emisión
7537,2020,4,Aguas Residuales,Aguas residuales domésticas,Aguas residuales domésticas,5D1,1,"4,52",Emisión
7538,2021,4,Aguas Residuales,Aguas residuales domésticas,Aguas residuales domésticas,5D1,1,"4,53",Emisión
7539,2022,4,Aguas Residuales,Aguas residuales domésticas,Aguas residuales domésticas,5D1,1,"4,54",Emisión
7540,1990,4,Aguas Residuales,Aguas residuales domésticas,Aguas residuales domésticas,5D1,4,"0,69",Emisión
7541,1991,4,Aguas Residuales,Aguas residuales domésticas,Aguas residuales domésticas,5D1,4,"0,74",Emisión
7542,1992,4,Aguas Residuales,Aguas residuales domésticas,Aguas residuales domésticas,5D1,4,"0,74",Emisión
7543,1993,4,Aguas Residuales,Aguas residuales domésticas,Aguas residuales domésticas,5D1,4,"0,77",Emisión
7544,1994,4,Aguas Residuales,Aguas residuales domésticas,Aguas residuales domésticas,5D1,4,"0,77",Emisión
7545,1995,4,Aguas Residuales,Aguas residuales domésticas,Aguas residuales domésticas,5D1,4,"0,77",Emisión
7546,1996,4,Aguas Residuales,Aguas residuales domésticas,Aguas residuales domésticas,5D1,4,"0,8",Emisión
7547,1997,4,Aguas Residuales,Aguas residuales domésticas,Aguas residuales domésticas,5D1,4,"0,81",Emisión
7548,1998,4,Aguas Residuales,Aguas residuales domésticas,Aguas residuales domésticas,5D1,4,"0,6",Emisión
7549,1999,4,Aguas Residuales,Aguas residuales domésticas,Aguas residuales domésticas,5D1,4,"0,63",Emisión
7550,2000,4,Aguas Residuales,Aguas residuales domésticas,Aguas residuales domésticas,5D1,4,"0,63",Emisión
7551,2001,4,Aguas Residuales,Aguas residuales domésticas,Aguas residuales domésticas,5D1,4,"0,61",Emisión
7552,2002,4,Aguas Residuales,Aguas residuales domésticas,Aguas residuales domésticas,5D1,4,"0,55",Emisión
7553,2003,4,Aguas Residuales,Aguas residuales domésticas,Aguas residuales domésticas,5D1,4,"0,57",Emisión
7554,2004,4,Aguas Residuales,Aguas residuales domésticas,Aguas residuales domésticas,5D1,4,"0,58",Emisión
7555,2005,4,Aguas Residuales,Aguas residuales domésticas,Aguas residuales domésticas,5D1,4,"0,61",Emisión
7556,2006,4,Aguas Residuales,Aguas residuales domésticas,Aguas residuales domésticas,5D1,4,"0,63",Emisión
7557,2007,4,Aguas Residuales,Aguas residuales domésticas,Aguas residuales domésticas,5D1,4,"0,64",Emisión
7558,2008,4,Aguas Residuales,Aguas residuales domésticas,Aguas residuales domésticas,5D1,4,"0,65",Emisión
7559,2009,4,Aguas Residuales,Aguas residuales domésticas,Aguas residuales domésticas,5D1,4,"0,65",Emisión
7560,2010,4,Aguas Residuales,Aguas residuales domésticas,Aguas residuales domésticas,5D1,4,"0,88",Emisión
7561,2011,4,Aguas Residuales,Aguas residuales domésticas,Aguas residuales domésticas,5D1,4,"0,89",Emisión
7562,2012,4,Aguas Residuales,Aguas residuales domésticas,Aguas residuales domésticas,5D1,4,"0,9",Emisión
7563,2013,4,Aguas Residuales,Aguas residuales domésticas,Aguas residuales domésticas,5D1,4,"0,77",Emisión
7564,2014,4,Aguas Residuales,Aguas residuales domésticas,Aguas residuales domésticas,5D1,4,"0,76",Emisión
7565,2015,4,Aguas Residuales,Aguas residuales domésticas,Aguas residuales domésticas,5D1,4,"0,81",Emisión
7566,2016,4,Aguas Residuales,Aguas residuales domésticas,Aguas residuales domésticas,5D1,4,"0,8",Emisión
7567,2017,4,Aguas Residuales,Aguas residuales domésticas,Aguas residuales domésticas,5D1,4,"0,82",Emisión
7568,2018,4,Aguas Residuales,Aguas residuales domésticas,Aguas residuales domésticas,5D1,4,"0,85",Emisión
7569,2019,4,Aguas Residuales,Aguas residuales domésticas,Aguas residuales domésticas,5D1,4,"1,06",Emisión
7570,2020,4,Aguas Residuales,Aguas residuales domésticas,Aguas residuales domésticas,5D1,4,"0,91",Emisión
7571,2021,4,Aguas Residuales,Aguas residuales domésticas,Aguas residuales domésticas,5D1,4,"0,93",Emisión
7572,2022,4,Aguas Residuales,Aguas residuales domésticas,Aguas residuales domésticas,5D1,4,"0,92",Emisión
7573,1990,4,Aguas Residuales,Aguas residuales Industriales,Aguas residuales Industriales: Refinerías de petróleo,5D2a,1,"0,01",Emisión
7574,1991,4,Aguas Residuales,Aguas residuales Industriales,Aguas residuales Industriales: Refinerías de petróleo,5D2a,1,"0,01",Emisión
7575,1992,4,Aguas Residuales,Aguas residuales Industriales,Aguas residuales Industriales: Refinerías de petróleo,5D2a,1,"0,01",Emisión
7576,1993,4,Aguas Residuales,Aguas residuales Industriales,Aguas residuales Industriales: Refinerías de petróleo,5D2a,1,"0,01",Emisión
7577,1994,4,Aguas Residuales,Aguas residuales Industriales,Aguas residuales Industriales: Refinerías de petróleo,5D2a,1,"0,01",Emisión
7578,1995,4,Aguas Residuales,Aguas residuales Industriales,Aguas residuales Industriales: Refinerías de petróleo,5D2a,1,"0,01",Emisión
7579,1996,4,Aguas Residuales,Aguas residuales Industriales,Aguas residuales Industriales: Refinerías de petróleo,5D2a,1,"0,01",Emisión
7580,1997,4,Aguas Residuales,Aguas residuales Industriales,Aguas residuales Industriales: Refinerías de petróleo,5D2a,1,"0,01",Emisión
7581,1998,4,Aguas Residuales,Aguas residuales Industriales,Aguas residuales Industriales: Refinerías de petróleo,5D2a,1,"0,01",Emisión
7582,1999,4,Aguas Residuales,Aguas residuales Industriales,Aguas residuales Industriales: Refinerías de petróleo,5D2a,1,"0,01",Emisión
7583,2000,4,Aguas Residuales,Aguas residuales Industriales,Aguas residuales Industriales: Refinerías de petróleo,5D2a,1,"0,01",Emisión
7584,2001,4,Aguas Residuales,Aguas residuales Industriales,Aguas residuales Industriales: Refinerías de petróleo,5D2a,1,"0,01",Emisión
7585,2002,4,Aguas Residuales,Aguas residuales Industriales,Aguas residuales Industriales: Refinerías de petróleo,5D2a,1,"0,01",Emisión
7586,2003,4,Aguas Residuales,Aguas residuales Industriales,Aguas residuales Industriales: Refinerías de petróleo,5D2a,1,"0,01",Emisión
7587,2004,4,Aguas Residuales,Aguas residuales Industriales,Aguas residuales Industriales: Refinerías de petróleo,5D2a,1,"0,01",Emisión
7588,2005,4,Aguas Residuales,Aguas residuales Industriales,Aguas residuales Industriales: Refinerías de petróleo,5D2a,1,"0,01",Emisión
7589,2006,4,Aguas Residuales,Aguas residuales Industriales,Aguas residuales Industriales: Refinerías de petróleo,5D2a,1,"0,01",Emisión
7590,2007,4,Aguas Residuales,Aguas residuales Industriales,Aguas residuales Industriales: Refinerías de petróleo,5D2a,1,"0,01",Emisión
7591,2008,4,Aguas Residuales,Aguas residuales Industriales,Aguas residuales Industriales: Refinerías de petróleo,5D2a,1,"0,01",Emisión
7592,2009,4,Aguas Residuales,Aguas residuales Industriales,Aguas residuales Industriales: Refinerías de petróleo,5D2a,1,"0,01",Emisión
7593,2010,4,Aguas Residuales,Aguas residuales Industriales,Aguas residuales Industriales: Refinerías de petróleo,5D2a,1,"0,01",Emisión
7594,2011,4,Aguas Residuales,Aguas residuales Industriales,Aguas residuales Industriales: Refinerías de petróleo,5D2a,1,"0,01",Emisión
7595,2012,4,Aguas Residuales,Aguas residuales Industriales,Aguas residuales Industriales: Refinerías de petróleo,5D2a,1,"0,01",Emisión
7596,2013,4,Aguas Residuales,Aguas residuales Industriales,Aguas residuales Industriales: Refinerías de petróleo,5D2a,1,"0,01",Emisión
7597,2014,4,Aguas Residuales,Aguas residuales Industriales,Aguas residuales Industriales: Refinerías de petróleo,5D2a,1,"0,01",Emisión
7598,2015,4,Aguas Residuales,Aguas residuales Industriales,Aguas residuales Industriales: Refinerías de petróleo,5D2a,1,"0,01",Emisión
7599,2016,4,Aguas Residuales,Aguas residuales Industriales,Aguas residuales Industriales: Refinerías de petróleo,5D2a,1,"0,01",Emisión
7600,2017,4,Aguas Residuales,Aguas residuales Industriales,Aguas residuales Industriales: Refinerías de petróleo,5D2a,1,"0,01",Emisión
7601,2018,4,Aguas Residuales,Aguas residuales Industriales,Aguas residuales Industriales: Refinerías de petróleo,5D2a,1,"0,01",Emisión
7602,2019,4,Aguas Residuales,Aguas residuales Industriales,Aguas residuales Industriales: Refinerías de petróleo,5D2a,1,"0,01",Emisión
7603,2020,4,Aguas Residuales,Aguas residuales Industriales,Aguas residuales Industriales: Refinerías de petróleo,5D2a,1,"0,01",Emisión
7604,2021,4,Aguas Residuales,Aguas residuales Industriales,Aguas residuales Industriales: Refinerías de petróleo,5D2a,1,"0,01",Emisión
7605,2022,4,Aguas Residuales,Aguas residuales Industriales,Aguas residuales Industriales: Refinerías de petróleo,5D2a,1,"0,01",Emisión
7606,1990,4,Aguas Residuales,Aguas residuales Industriales,Aguas residuales Industriales: Hierro y Acero,5D2b,1,"0,0",Sin emisión/remoción
7607,1991,4,Aguas Residuales,Aguas residuales Industriales,Aguas residuales Industriales: Hierro y Acero,5D2b,1,"0,0",Sin emisión/remoción
7608,1992,4,Aguas Residuales,Aguas residuales Industriales,Aguas residuales Industriales: Hierro y Acero,5D2b,1,"0,0",Sin emisión/remoción
7609,1993,4,Aguas Residuales,Aguas residuales Industriales,Aguas residuales Industriales: Hierro y Acero,5D2b,1,"0,0",Sin emisión/remoción
7610,1994,4,Aguas Residuales,Aguas residuales Industriales,Aguas residuales Industriales: Hierro y Acero,5D2b,1,"0,0",Sin emisión/remoción
7611,1995,4,Aguas Residuales,Aguas residuales Industriales,Aguas residuales Industriales: Hierro y Acero,5D2b,1,"0,0",Sin emisión/remoción
7612,1996,4,Aguas Residuales,Aguas residuales Industriales,Aguas residuales Industriales: Hierro y Acero,5D2b,1,"0,0",Sin emisión/remoción
7613,1997,4,Aguas Residuales,Aguas residuales Industriales,Aguas residuales Industriales: Hierro y Acero,5D2b,1,"0,0",Sin emisión/remoción
7614,1998,4,Aguas Residuales,Aguas residuales Industriales,Aguas residuales Industriales: Hierro y Acero,5D2b,1,"0,0",Sin emisión/remoción
7615,1999,4,Aguas Residuales,Aguas residuales Industriales,Aguas residuales Industriales: Hierro y Acero,5D2b,1,"0,0",Sin emisión/remoción
7616,2000,4,Aguas Residuales,Aguas residuales Industriales,Aguas residuales Industriales: Hierro y Acero,5D2b,1,"0,0",Sin emisión/remoción
7617,2001,4,Aguas Residuales,Aguas residuales Industriales,Aguas residuales Industriales: Hierro y Acero,5D2b,1,"0,0",Sin emisión/remoción
7618,2002,4,Aguas Residuales,Aguas residuales Industriales,Aguas residuales Industriales: Hierro y Acero,5D2b,1,"0,0",Sin emisión/remoción
7619,2003,4,Aguas Residuales,Aguas residuales Industriales,Aguas residuales Industriales: Hierro y Acero,5D2b,1,"0,0",Sin emisión/remoción
7620,2004,4,Aguas Residuales,Aguas residuales Industriales,Aguas residuales Industriales: Hierro y Acero,5D2b,1,"0,0",Sin emisión/remoción
7621,2005,4,Aguas Residuales,Aguas residuales Industriales,Aguas residuales Industriales: Hierro y Acero,5D2b,1,"0,0",Sin emisión/remoción
7622,2006,4,Aguas Residuales,Aguas residuales Industriales,Aguas residuales Industriales: Hierro y Acero,5D2b,1,"0,0",Sin emisión/remoción
7623,2007,4,Aguas Residuales,Aguas residuales Industriales,Aguas residuales Industriales: Hierro y Acero,5D2b,1,"0,0",Sin emisión/remoción
7624,2008,4,Aguas Residuales,Aguas residuales Industriales,Aguas residuales Industriales: Hierro y Acero,5D2b,1,"0,0",Sin emisión/remoción
7625,2009,4,Aguas Residuales,Aguas residuales Industriales,Aguas residuales Industriales: Hierro y Acero,5D2b,1,"0,0",Sin emisión/remoción
7626,2010,4,Aguas Residuales,Aguas residuales Industriales,Aguas residuales Industriales: Hierro y Acero,5D2b,1,"0,0",Sin emisión/remoción
7627,2011,4,Aguas Residuales,Aguas residuales Industriales,Aguas residuales Industriales: Hierro y Acero,5D2b,1,"0,0",Sin emisión/remoción
7628,2012,4,Aguas Residuales,Aguas residuales Industriales,Aguas residuales Industriales: Hierro y Acero,5D2b,1,"0,0",Sin emisión/remoción
7629,2013,4,Aguas Residuales,Aguas residuales Industriales,Aguas residuales Industriales: Hierro y Acero,5D2b,1,"0,0",Sin emisión/remoción
7630,2014,4,Aguas Residuales,Aguas residuales Industriales,Aguas residuales Industriales: Hierro y Acero,5D2b,1,"0,0",Sin emisión/remoción
7631,2015,4,Aguas Residuales,Aguas residuales Industriales,Aguas residuales Industriales: Hierro y Acero,5D2b,1,"0,0",Sin emisión/remoción
7632,2016,4,Aguas Residuales,Aguas residuales Industriales,Aguas residuales Industriales: Hierro y Acero,5D2b,1,"0,0",Sin emisión/remoción
7633,2017,4,Aguas Residuales,Aguas residuales Industriales,Aguas residuales Industriales: Hierro y Acero,5D2b,1,"0,0",Sin emisión/remoción
7634,2018,4,Aguas Residuales,Aguas residuales Industriales,Aguas residuales Industriales: Hierro y Acero,5D2b,1,"0,0",Sin emisión/remoción
7635,2019,4,Aguas Residuales,Aguas residuales Industriales,Aguas residuales Industriales: Hierro y Acero,5D2b,1,"0,0",Sin emisión/remoción
7636,2020,4,Aguas Residuales,Aguas residuales Industriales,Aguas residuales Industriales: Hierro y Acero,5D2b,1,"0,0",Sin emisión/remoción
7637,2021,4,Aguas Residuales,Aguas residuales Industriales,Aguas residuales Industriales: Hierro y Acero,5D2b,1,"0,0",Sin emisión/remoción
7638,2022,4,Aguas Residuales,Aguas residuales Industriales,Aguas residuales Industriales: Hierro y Acero,5D2b,1,"0,0",Sin emisión/remoción
7639,1990,4,Aguas Residuales,Aguas residuales Industriales,Aguas residuales Industriales: Productos Quimicos,5D2c,1,"0,36",Emisión
7640,1991,4,Aguas Residuales,Aguas residuales Industriales,Aguas residuales Industriales: Productos Quimicos,5D2c,1,"0,36",Emisión
7641,1992,4,Aguas Residuales,Aguas residuales Industriales,Aguas residuales Industriales: Productos Quimicos,5D2c,1,"0,34",Emisión
7642,1993,4,Aguas Residuales,Aguas residuales Industriales,Aguas residuales Industriales: Productos Quimicos,5D2c,1,"0,34",Emisión
7643,1994,4,Aguas Residuales,Aguas residuales Industriales,Aguas residuales Industriales: Productos Quimicos,5D2c,1,"0,34",Emisión
7644,1995,4,Aguas Residuales,Aguas residuales Industriales,Aguas residuales Industriales: Productos Quimicos,5D2c,1,"0,38",Emisión
7645,1996,4,Aguas Residuales,Aguas residuales Industriales,Aguas residuales Industriales: Productos Quimicos,5D2c,1,"0,39",Emisión
7646,1997,4,Aguas Residuales,Aguas residuales Industriales,Aguas residuales Industriales: Productos Quimicos,5D2c,1,"0,41",Emisión
7647,1998,4,Aguas Residuales,Aguas residuales Industriales,Aguas residuales Industriales: Productos Quimicos,5D2c,1,"0,4",Emisión
7648,1999,4,Aguas Residuales,Aguas residuales Industriales,Aguas residuales Industriales: Productos Quimicos,5D2c,1,"0,42",Emisión
7649,2000,4,Aguas Residuales,Aguas residuales Industriales,Aguas residuales Industriales: Productos Quimicos,5D2c,1,"0,44",Emisión
7650,2001,4,Aguas Residuales,Aguas residuales Industriales,Aguas residuales Industriales: Productos Quimicos,5D2c,1,"0,66",Emisión
7651,2002,4,Aguas Residuales,Aguas residuales Industriales,Aguas residuales Industriales: Productos Quimicos,5D2c,1,"0,72",Emisión
7652,2003,4,Aguas Residuales,Aguas residuales Industriales,Aguas residuales Industriales: Productos Quimicos,5D2c,1,"0,85",Emisión
7653,2004,4,Aguas Residuales,Aguas residuales Industriales,Aguas residuales Industriales: Productos Quimicos,5D2c,1,"0,86",Emisión
7654,2005,4,Aguas Residuales,Aguas residuales Industriales,Aguas residuales Industriales: Productos Quimicos,5D2c,1,"0,87",Emisión
7655,2006,4,Aguas Residuales,Aguas residuales Industriales,Aguas residuales Industriales: Productos Quimicos,5D2c,1,"0,92",Emisión
7656,2007,4,Aguas Residuales,Aguas residuales Industriales,Aguas residuales Industriales: Productos Quimicos,5D2c,1,"0,79",Emisión
7657,2008,4,Aguas Residuales,Aguas residuales Industriales,Aguas residuales Industriales: Productos Quimicos,5D2c,1,"0,78",Emisión
7658,2009,4,Aguas Residuales,Aguas residuales Industriales,Aguas residuales Industriales: Productos Quimicos,5D2c,1,"0,79",Emisión
7659,2010,4,Aguas Residuales,Aguas residuales Industriales,Aguas residuales Industriales: Productos Quimicos,5D2c,1,"0,77",Emisión
7660,2011,4,Aguas Residuales,Aguas residuales Industriales,Aguas residuales Industriales: Productos Quimicos,5D2c,1,"0,8",Emisión
7661,2012,4,Aguas Residuales,Aguas residuales Industriales,Aguas residuales Industriales: Productos Quimicos,5D2c,1,"0,81",Emisión
7662,2013,4,Aguas Residuales,Aguas residuales Industriales,Aguas residuales Industriales: Productos Quimicos,5D2c,1,"0,8",Emisión
7663,2014,4,Aguas Residuales,Aguas residuales Industriales,Aguas residuales Industriales: Productos Quimicos,5D2c,1,"0,77",Emisión
7664,2015,4,Aguas Residuales,Aguas residuales Industriales,Aguas residuales Industriales: Productos Quimicos,5D2c,1,"0,72",Emisión
7665,2016,4,Aguas Residuales,Aguas residuales Industriales,Aguas residuales Industriales: Productos Quimicos,5D2c,1,"0,77",Emisión
7666,2017,4,Aguas Residuales,Aguas residuales Industriales,Aguas residuales Industriales: Productos Quimicos,5D2c,1,"0,79",Emisión
7667,2018,4,Aguas Residuales,Aguas residuales Industriales,Aguas residuales Industriales: Productos Quimicos,5D2c,1,"0,68",Emisión
7668,2019,4,Aguas Residuales,Aguas residuales Industriales,Aguas residuales Industriales: Productos Quimicos,5D2c,1,"0,72",Emisión
7669,2020,4,Aguas Residuales,Aguas residuales Industriales,Aguas residuales Industriales: Productos Quimicos,5D2c,1,"0,73",Emisión
7670,2021,4,Aguas Residuales,Aguas residuales Industriales,Aguas residuales Industriales: Productos Quimicos,5D2c,1,"0,72",Emisión
7671,2022,4,Aguas Residuales,Aguas residuales Industriales,Aguas residuales Industriales: Productos Quimicos,5D2c,1,"0,73",Emisión
7672,1990,4,Aguas Residuales,Aguas residuales Industriales,Aguas residuales Industriales: Celulosa y Papel,5D2d,1,"0,95",Emisión
7673,1991,4,Aguas Residuales,Aguas residuales Industriales,Aguas residuales Industriales: Celulosa y Papel,5D2d,1,"0,99",Emisión
7674,1992,4,Aguas Residuales,Aguas residuales Industriales,Aguas residuales Industriales: Celulosa y Papel,5D2d,1,"1,0",Emisión
7675,1993,4,Aguas Residuales,Aguas residuales Industriales,Aguas residuales Industriales: Celulosa y Papel,5D2d,1,"0,95",Emisión
7676,1994,4,Aguas Residuales,Aguas residuales Industriales,Aguas residuales Industriales: Celulosa y Papel,5D2d,1,"0,99",Emisión
7677,1995,4,Aguas Residuales,Aguas residuales Industriales,Aguas residuales Industriales: Celulosa y Papel,5D2d,1,"1,04",Emisión
7678,1996,4,Aguas Residuales,Aguas residuales Industriales,Aguas residuales Industriales: Celulosa y Papel,5D2d,1,"1,14",Emisión
7679,1997,4,Aguas Residuales,Aguas residuales Industriales,Aguas residuales Industriales: Celulosa y Papel,5D2d,1,"1,17",Emisión
7680,1998,4,Aguas Residuales,Aguas residuales Industriales,Aguas residuales Industriales: Celulosa y Papel,5D2d,1,"1,18",Emisión
7681,1999,4,Aguas Residuales,Aguas residuales Industriales,Aguas residuales Industriales: Celulosa y Papel,5D2d,1,"1,15",Emisión
7682,2000,4,Aguas Residuales,Aguas residuales Industriales,Aguas residuales Industriales: Celulosa y Papel,5D2d,1,"1,24",Emisión
7683,2001,4,Aguas Residuales,Aguas residuales Industriales,Aguas residuales Industriales: Celulosa y Papel,5D2d,1,"1,25",Emisión
7684,2002,4,Aguas Residuales,Aguas residuales Industriales,Aguas residuales Industriales: Celulosa y Papel,5D2d,1,"1,23",Emisión
7685,2003,4,Aguas Residuales,Aguas residuales Industriales,Aguas residuales Industriales: Celulosa y Papel,5D2d,1,"1,42",Emisión
7686,2004,4,Aguas Residuales,Aguas residuales Industriales,Aguas residuales Industriales: Celulosa y Papel,5D2d,1,"1,54",Emisión
7687,2005,4,Aguas Residuales,Aguas residuales Industriales,Aguas residuales Industriales: Celulosa y Papel,5D2d,1,"1,62",Emisión
7688,2006,4,Aguas Residuales,Aguas residuales Industriales,Aguas residuales Industriales: Celulosa y Papel,5D2d,1,"1,76",Emisión
7689,2007,4,Aguas Residuales,Aguas residuales Industriales,Aguas residuales Industriales: Celulosa y Papel,5D2d,1,"1,82",Emisión
7690,2008,4,Aguas Residuales,Aguas residuales Industriales,Aguas residuales Industriales: Celulosa y Papel,5D2d,1,"1,77",Emisión
7691,2009,4,Aguas Residuales,Aguas residuales Industriales,Aguas residuales Industriales: Celulosa y Papel,5D2d,1,"1,75",Emisión
7692,2010,4,Aguas Residuales,Aguas residuales Industriales,Aguas residuales Industriales: Celulosa y Papel,5D2d,1,"1,8",Emisión
7693,2011,4,Aguas Residuales,Aguas residuales Industriales,Aguas residuales Industriales: Celulosa y Papel,5D2d,1,"1,83",Emisión
7694,2012,4,Aguas Residuales,Aguas residuales Industriales,Aguas residuales Industriales: Celulosa y Papel,5D2d,1,"1,8",Emisión
7695,2013,4,Aguas Residuales,Aguas residuales Industriales,Aguas residuales Industriales: Celulosa y Papel,5D2d,1,"1,77",Emisión
7696,2014,4,Aguas Residuales,Aguas residuales Industriales,Aguas residuales Industriales: Celulosa y Papel,5D2d,1,"1,74",Emisión
7697,2015,4,Aguas Residuales,Aguas residuales Industriales,Aguas residuales Industriales: Celulosa y Papel,5D2d,1,"1,77",Emisión
7698,2016,4,Aguas Residuales,Aguas residuales Industriales,Aguas residuales Industriales: Celulosa y Papel,5D2d,1,"1,7",Emisión
7699,2017,4,Aguas Residuales,Aguas residuales Industriales,Aguas residuales Industriales: Celulosa y Papel,5D2d,1,"1,67",Emisión
7700,2018,4,Aguas Residuales,Aguas residuales Industriales,Aguas residuales Industriales: Celulosa y Papel,5D2d,1,"1,79",Emisión
7701,2019,4,Aguas Residuales,Aguas residuales Industriales,Aguas residuales Industriales: Celulosa y Papel,5D2d,1,"1,72",Emisión
7702,2020,4,Aguas Residuales,Aguas residuales Industriales,Aguas residuales Industriales: Celulosa y Papel,5D2d,1,"1,66",Emisión
7703,2021,4,Aguas Residuales,Aguas residuales Industriales,Aguas residuales Industriales: Celulosa y Papel,5D2d,1,"1,78",Emisión
7704,2022,4,Aguas Residuales,Aguas residuales Industriales,Aguas residuales Industriales: Celulosa y Papel,5D2d,1,"1,88",Emisión
7705,1990,4,Aguas Residuales,Aguas residuales Industriales,Aguas residuales Industriales: Alimentos y Bebidas,5D2e,1,"0,38",Emisión
7706,1991,4,Aguas Residuales,Aguas residuales Industriales,Aguas residuales Industriales: Alimentos y Bebidas,5D2e,1,"0,39",Emisión
7707,1992,4,Aguas Residuales,Aguas residuales Industriales,Aguas residuales Industriales: Alimentos y Bebidas,5D2e,1,"0,39",Emisión
7708,1993,4,Aguas Residuales,Aguas residuales Industriales,Aguas residuales Industriales: Alimentos y Bebidas,5D2e,1,"0,39",Emisión
7709,1994,4,Aguas Residuales,Aguas residuales Industriales,Aguas residuales Industriales: Alimentos y Bebidas,5D2e,1,"0,41",Emisión
7710,1995,4,Aguas Residuales,Aguas residuales Industriales,Aguas residuales Industriales: Alimentos y Bebidas,5D2e,1,"0,43",Emisión
7711,1996,4,Aguas Residuales,Aguas residuales Industriales,Aguas residuales Industriales: Alimentos y Bebidas,5D2e,1,"0,4",Emisión
7712,1997,4,Aguas Residuales,Aguas residuales Industriales,Aguas residuales Industriales: Alimentos y Bebidas,5D2e,1,"0,44",Emisión
7713,1998,4,Aguas Residuales,Aguas residuales Industriales,Aguas residuales Industriales: Alimentos y Bebidas,5D2e,1,"0,46",Emisión
7714,1999,4,Aguas Residuales,Aguas residuales Industriales,Aguas residuales Industriales: Alimentos y Bebidas,5D2e,1,"0,45",Emisión
7715,2000,4,Aguas Residuales,Aguas residuales Industriales,Aguas residuales Industriales: Alimentos y Bebidas,5D2e,1,"0,46",Emisión
7716,2001,4,Aguas Residuales,Aguas residuales Industriales,Aguas residuales Industriales: Alimentos y Bebidas,5D2e,1,"0,47",Emisión
7717,2002,4,Aguas Residuales,Aguas residuales Industriales,Aguas residuales Industriales: Alimentos y Bebidas,5D2e,1,"0,45",Emisión
7718,2003,4,Aguas Residuales,Aguas residuales Industriales,Aguas residuales Industriales: Alimentos y Bebidas,5D2e,1,"0,44",Emisión
7719,2004,4,Aguas Residuales,Aguas residuales Industriales,Aguas residuales Industriales: Alimentos y Bebidas,5D2e,1,"0,47",Emisión
7720,2005,4,Aguas Residuales,Aguas residuales Industriales,Aguas residuales Industriales: Alimentos y Bebidas,5D2e,1,"0,52",Emisión
7721,2006,4,Aguas Residuales,Aguas residuales Industriales,Aguas residuales Industriales: Alimentos y Bebidas,5D2e,1,"0,54",Emisión
7722,2007,4,Aguas Residuales,Aguas residuales Industriales,Aguas residuales Industriales: Alimentos y Bebidas,5D2e,1,"0,56",Emisión
7723,2008,4,Aguas Residuales,Aguas residuales Industriales,Aguas residuales Industriales: Alimentos y Bebidas,5D2e,1,"0,54",Emisión
7724,2009,4,Aguas Residuales,Aguas residuales Industriales,Aguas residuales Industriales: Alimentos y Bebidas,5D2e,1,"0,54",Emisión
7725,2010,4,Aguas Residuales,Aguas residuales Industriales,Aguas residuales Industriales: Alimentos y Bebidas,5D2e,1,"0,52",Emisión
7726,2011,4,Aguas Residuales,Aguas residuales Industriales,Aguas residuales Industriales: Alimentos y Bebidas,5D2e,1,"0,62",Emisión
7727,2012,4,Aguas Residuales,Aguas residuales Industriales,Aguas residuales Industriales: Alimentos y Bebidas,5D2e,1,"0,59",Emisión
7728,2013,4,Aguas Residuales,Aguas residuales Industriales,Aguas residuales Industriales: Alimentos y Bebidas,5D2e,1,"0,63",Emisión
7729,2014,4,Aguas Residuales,Aguas residuales Industriales,Aguas residuales Industriales: Alimentos y Bebidas,5D2e,1,"0,65",Emisión
7730,2015,4,Aguas Residuales,Aguas residuales Industriales,Aguas residuales Industriales: Alimentos y Bebidas,5D2e,1,"0,74",Emisión
7731,2016,4,Aguas Residuales,Aguas residuales Industriales,Aguas residuales Industriales: Alimentos y Bebidas,5D2e,1,"0,75",Emisión
7732,2017,4,Aguas Residuales,Aguas residuales Industriales,Aguas residuales Industriales: Alimentos y Bebidas,5D2e,1,"0,78",Emisión
7733,2018,4,Aguas Residuales,Aguas residuales Industriales,Aguas residuales Industriales: Alimentos y Bebidas,5D2e,1,"0,8",Emisión
7734,2019,4,Aguas Residuales,Aguas residuales Industriales,Aguas residuales Industriales: Alimentos y Bebidas,5D2e,1,"0,81",Emisión
7735,2020,4,Aguas Residuales,Aguas residuales Industriales,Aguas residuales Industriales: Alimentos y Bebidas,5D2e,1,"0,76",Emisión
7736,2021,4,Aguas Residuales,Aguas residuales Industriales,Aguas residuales Industriales: Alimentos y Bebidas,5D2e,1,"0,8",Emisión
7737,2022,4,Aguas Residuales,Aguas residuales Industriales,Aguas residuales Industriales: Alimentos y Bebidas,5D2e,1,"0,84",Emisión
